date,AAPL,ABT,ADBE,ADP,AEP,AIG,ALL,AMAT,AMGN,AON,APA,APD,AXP,BA,BAC,BAX,BDX,BMY,C,CAT,CB,CL,CLX,COP,CPB,CSCO,CSX,CVS,CVX,D,DD,DE,DIS,DOV,DUK,ECL,ED,EMR,ETN,F,FCX,FDX,GD,GE,GIS,HAL,HAS,HD,HON,HPQ,HRL,HSY,IBM,INTC,IP,ITW,JNJ,JPM,KLAC,KMB,KO,LLY,LMT,LOW,LRCX,MAT,MCD,MDT,MKC,MMM,MO,MRK,MS,MSFT,MU,NEE,NEM,NKE,NOC,NSC,NUE,ORCL,OXY,PEG,PEP,PFE,PG,PH,PNC,PPG,PPL,QCOM,ROK,SBUX,SJM,SLB,SO,SPGI,SPY,STT,TGT,TJX,TRV,TXN,UNH,UNP,USB,VMC,WFC,WHR,WMB,WMT,XEL,XOM,XRX
1994-01-01,0.23875796794891357,2.999319314956665,3.6518051624298096,5.544223308563232,7.944483757019043,165.82278442382812,6.677796840667725,1.9906253814697266,4.067084312438965,8.338008880615234,6.913116931915283,10.973800659179688,5.303327560424805,12.761356353759766,5.367218494415283,3.024542808532715,4.283515930175781,4.296677589416504,33.23691940307617,5.972137451171875,5.110717296600342,3.73114013671875,5.358315467834473,4.00986385345459,7.340060234069824,1.291236400604248,1.3792166709899902,4.852136135101318,7.024382591247559,4.815045356750488,13.409452438354492,7.043066501617432,11.323416709899902,5.701308727264404,8.42916202545166,3.780465841293335,6.504931926727295,6.5156121253967285,4.656865119934082,3.7692642211914062,,12.116068840026855,5.784792423248291,20.535207748413086,4.38672399520874,4.457255840301514,6.971960544586182,4.828300476074219,9.335143089294434,1.945588231086731,1.3115580081939697,5.749425411224365,6.459928512573242,2.2874653339385986,11.94262409210205,5.633091449737549,4.805770397186279,5.18536376953125,0.45207810401916504,9.685295104980469,4.516123294830322,6.4463958740234375,8.803399085998535,2.551490068435669,1.0110042095184326,7.5012640953063965,7.614800453186035,3.0955252647399902,2.841597318649292,8.826841354370117,0.7354448437690735,5.845900058746338,4.253368377685547,1.6147282123565674,5.62580680847168,1.5284403562545776,26.43691635131836,1.10891592502594,8.679398536682129,11.69340705871582,7.1370954513549805,1.2596083879470825,3.172010660171509,3.5109331607818604,8.458930969238281,1.6996310949325562,6.645706653594971,6.594643592834473,10.328369140625,8.837320327758789,2.4141621589660645,0.9367622137069702,5.282820701599121,0.5501188039779663,,7.089043617248535,2.859011650085449,4.435907363891602,27.127527236938477,5.346747875213623,2.8653724193573,0.5844506621360779,9.592392921447754,2.507847547531128,4.052698135375977,5.618810176849365,1.3753962516784668,9.549367904663086,2.76815128326416,26.424997329711914,2.0842442512512207,2.690340280532837,5.205749034881592,5.875113487243652,15.767486572265625
1994-02-01,0.2670527696609497,2.808685302734375,3.5310845375061035,5.425135135650635,7.4086408615112305,157.27337646484375,6.092026710510254,2.1428823471069336,3.483093500137329,8.564959526062012,6.913116931915283,10.531535148620605,4.7547078132629395,13.87569522857666,5.218160152435303,2.897193431854248,4.559401035308838,4.101795673370361,29.379070281982422,6.215898513793945,4.9538116455078125,4.075313091278076,5.539949893951416,3.68703293800354,7.9793572425842285,1.313498616218567,1.3294181823730469,4.730069637298584,6.581099033355713,4.664855003356934,13.435855865478516,7.382093906402588,11.503151893615723,5.878903865814209,7.843114852905273,3.8011229038238525,6.269454002380371,6.889617919921875,4.7533698081970215,3.4950051307678223,,11.936718940734863,5.855433464050293,20.082569122314453,4.109665870666504,4.369806289672852,7.308894157409668,5.153282642364502,9.070738792419434,2.0682575702667236,1.327171802520752,6.143125057220459,6.072696208953857,2.410163164138794,11.608936309814453,5.699365615844727,4.578525066375732,4.88999605178833,0.5143208503723145,9.48291301727295,4.709474563598633,6.026155471801758,8.977130889892578,2.765857219696045,1.0180736780166626,8.614092826843262,7.612593650817871,2.9389069080352783,2.685464382171631,8.743776321411133,0.6835668683052063,5.1852335929870605,4.004532337188721,1.564934492111206,6.830475330352783,1.4298826456069946,26.822399139404297,1.147728681564331,9.077159881591797,10.958843231201172,7.001007080078125,1.2939165830612183,3.194037675857544,3.3721625804901123,8.197050094604492,1.537045955657959,6.4223198890686035,6.141469955444336,9.631094932556152,8.658135414123535,2.3065996170043945,0.838890790939331,5.531795501708984,0.5329278707504272,,6.825862407684326,2.7400808334350586,4.553642272949219,26.336387634277344,5.241218566894531,3.136064291000366,0.5586439371109009,9.022547721862793,2.9019362926483154,3.9164211750030518,5.1353583335876465,1.4248714447021484,9.764111518859863,2.466409921646118,26.54449462890625,1.981300950050354,2.8806941509246826,4.922340393066406,5.793808460235596,15.70691967010498
1994-03-01,0.24327386915683746,2.7070119380950928,2.9330673217773438,5.438016891479492,6.877458572387695,150.77635192871094,5.664604187011719,2.007542133331299,3.191096782684326,8.24297046661377,6.412323951721191,9.915392875671387,4.510878562927246,13.207879066467285,4.884518623352051,2.913289785385132,4.37742805480957,3.8780980110168457,27.895278930664062,6.445322513580322,4.63490629196167,3.6216320991516113,5.202626705169678,3.6190717220306396,7.579684734344482,1.2199954986572266,1.2387763261795044,4.653778076171875,6.381673336029053,4.523495674133301,12.824009895324707,7.424642562866211,10.06525707244873,5.746927261352539,7.335472106933594,3.405080556869507,6.163639545440674,6.354504585266113,4.7533698081970215,3.305136203765869,,10.661346435546875,5.329543590545654,19.188995361328125,4.109665870666504,4.0738444328308105,7.2052226066589355,5.04865026473999,8.66990852355957,1.8794680833816528,1.2022616863250732,5.558778285980225,6.273683071136475,2.3663432598114014,10.849654197692871,5.368007659912109,4.307522296905518,4.825191974639893,0.46845781803131104,9.075276374816895,4.509949207305908,5.427618980407715,8.789036750793457,2.6978871822357178,0.8766742944717407,8.303902626037598,7.141714572906494,2.9481213092803955,2.731764078140259,8.21479320526123,0.6256654262542725,4.806872367858887,3.6291086673736572,1.6076152324676514,8.023097038269043,1.3982247114181519,28.42578887939453,1.1760175228118896,8.992589950561523,10.26399040222168,7.338860988616943,1.2596083879470825,2.882185935974121,3.1506309509277344,7.705718517303467,1.4310427904129028,5.975550174713135,6.141469955444336,9.282458305358887,8.390210151672363,2.237314224243164,0.9134594798088074,5.2660040855407715,0.5587146282196045,,6.345800876617432,2.531867027282715,4.22261381149292,25.23285675048828,5.084196090698242,3.2018558979034424,0.548250675201416,8.52133560180664,2.774256944656372,4.055320739746094,4.91080904006958,1.4584569931030273,9.68919849395752,2.505767345428467,23.850873947143555,1.9310145378112793,2.63083553314209,4.877590179443359,5.615194797515869,15.464034080505371
1994-04-01,0.21949514746665955,2.9058730602264404,3.235445499420166,5.464544296264648,7.268860340118408,152.79270935058594,5.635100841522217,2.007542133331299,3.37880802154541,8.0042724609375,7.52147912979126,9.60987663269043,4.8594441413879395,13.356281280517578,5.578495025634766,2.9454808235168457,4.508753299713135,4.056946277618408,27.499601364135742,6.310487270355225,5.129894256591797,3.691931962966919,5.288554668426514,4.247737407684326,7.460883617401123,1.0797407627105713,1.1764591932296753,4.8988213539123535,6.761533737182617,4.77794075012207,13.383899688720703,6.742675304412842,10.203413009643555,5.279016971588135,7.436997413635254,3.674994945526123,6.481084823608398,6.234103202819824,4.558307647705078,3.3097753524780273,,12.15592098236084,5.128268718719482,18.27752685546875,3.8466439247131348,4.126072406768799,7.049713134765625,5.203516960144043,8.194839477539062,1.8365585803985596,1.2100685834884644,5.3490166664123535,6.6038737297058105,2.140244960784912,10.430058479309082,5.483982086181641,4.721158027648926,4.609633445739746,0.5519941449165344,9.418543815612793,4.634843826293945,5.3596014976501465,8.395753860473633,2.9626970291137695,0.8554642200469971,8.303902626037598,7.534115314483643,2.7789809703826904,2.574763774871826,8.13181209564209,0.6735559701919556,4.786676406860352,4.185297012329102,1.7546242475509644,8.806402206420898,1.4931985139846802,25.546064376831055,1.1898860931396484,8.62612247467041,10.144874572753906,7.4296488761901855,1.1713874340057373,3.1726386547088623,3.2354013919830322,7.679417610168457,1.5635478496551514,6.389278411865234,7.530354022979736,9.829590797424316,8.545329093933105,2.395385980606079,0.7922863364219666,5.182945728302002,0.6819183826446533,,6.600833892822266,2.6371521949768066,4.206464767456055,25.515777587890625,5.419607639312744,3.465022325515747,0.49888184666633606,8.699430465698242,2.7473225593566895,3.936741352081299,5.105510234832764,1.5633455514907837,9.239696502685547,2.7025539875030518,22.92034339904785,2.0718181133270264,2.567286729812622,5.092189311981201,5.615194797515869,16.010530471801758
1994-05-01,0.21485307812690735,3.0594875812530518,3.4773478507995605,5.663499355316162,6.580049991607666,167.53402709960938,6.195660591125488,1.9680691957473755,3.8845863342285156,8.622492790222168,7.52147912979126,9.387685775756836,5.134706974029541,13.84192943572998,5.961326599121094,3.31567645072937,4.450385093688965,4.113422393798828,26.129823684692383,6.138188362121582,4.904899597167969,3.6053409576416016,5.380189418792725,4.457586288452148,7.009429454803467,0.8816023468971252,1.162683129310608,5.006657600402832,6.680511951446533,4.553373336791992,14.556986808776855,6.137704372406006,10.413482666015625,5.120656967163086,7.459263801574707,3.674994945526123,5.952978610992432,6.5712175369262695,4.541625022888184,3.2743358612060547,,12.195778846740723,5.365692615509033,19.093053817749023,4.0794878005981445,4.264646530151367,6.856485366821289,5.5906853675842285,8.382826805114746,1.7965078353881836,1.2807867527008057,5.190234661102295,7.2670087814331055,2.1928741931915283,11.142863273620605,5.418163776397705,5.08463716506958,5.09049654006958,0.5241484045982361,9.69745922088623,4.468318939208984,6.305079460144043,8.81948471069336,2.6276917457580566,0.8130444884300232,8.717037200927734,7.785248279571533,3.0374908447265625,2.614015579223633,8.5402193069458,0.6086721420288086,4.928053379058838,4.351633548736572,2.0391571521759033,8.142906188964844,1.358743667602539,25.621503829956055,1.3091522455215454,8.06770133972168,10.181676864624023,8.125703811645508,1.342928409576416,3.46309232711792,3.136500835418701,7.574221611022949,1.7028775215148926,6.333104610443115,7.531646728515625,10.799332618713379,8.495219230651855,2.1521992683410645,0.6105267405509949,4.767185688018799,0.6532660722732544,,6.907548427581787,2.50191330909729,4.300562381744385,25.9224796295166,5.728541374206543,3.4669206142425537,0.5071660280227661,8.507631301879883,2.8819963932037354,4.565197467803955,5.105510234832764,1.493420124053955,9.381732940673828,2.8278255462646484,21.128019332885742,2.2798547744750977,2.3893558979034424,4.9557929039001465,5.522271633148193,16.39436149597168
1994-06-01,0.19465288519859314,2.969878911972046,3.3020362854003906,5.652859210968018,6.437622547149658,155.42298889160156,5.644866466522217,1.9285955429077148,3.5769474506378174,8.81771469116211,7.679238319396973,9.47037410736084,4.78619909286499,13.804624557495117,5.530710220336914,3.4135260581970215,4.79537296295166,4.093196868896484,25.63306427001953,5.743333339691162,4.452818393707275,3.290465831756592,5.11837911605835,4.286139011383057,6.587101459503174,0.8326246738433838,1.1474847793579102,4.775579929351807,6.43095588684082,4.1799116134643555,14.080374717712402,5.993680000305176,9.993341445922852,5.674893379211426,7.35637903213501,3.6724913120269775,5.710552215576172,6.126855373382568,4.293900966644287,3.3452117443084717,,11.916790008544922,5.175754070281982,18.0307559967041,4.070176601409912,4.756047248840332,6.155253887176514,5.223595142364502,8.263510704040527,1.7287697792053223,1.312216877937317,5.235497951507568,6.7767744064331055,2.05253005027771,10.660143852233887,5.185485363006592,4.92664098739624,5.1573286056518555,0.4913892447948456,9.146507263183594,4.531048774719238,6.26378059387207,9.026595115661621,2.8684756755828857,0.7918347120285034,8.405652046203613,7.265645980834961,2.959015130996704,2.5506515502929688,8.309964179992676,0.6453191041946411,4.851594924926758,4.184265613555908,1.9585394859313965,8.354019165039062,1.2731528282165527,25.0003719329834,1.3263667821884155,8.466814041137695,10.081664085388184,8.29768180847168,1.4703603982925415,3.4178237915039062,2.9970240592956543,6.475727081298828,1.6861830949783325,5.996091842651367,7.444323539733887,10.182225227355957,8.523627281188965,1.9462003707885742,0.5965449810028076,5.001361846923828,0.5787711143493652,,7.133771896362305,2.535722494125366,4.333141326904297,25.328479766845703,5.475743770599365,3.5716450214385986,0.4574945867061615,8.879900932312012,2.8644213676452637,4.280613422393799,4.933948993682861,1.5273756980895996,9.23082160949707,2.7617545127868652,20.68476676940918,2.3203859329223633,2.4699811935424805,4.970947742462158,5.12701940536499,15.945755958557129
1994-07-01,0.24744775891304016,2.898629665374756,3.756444215774536,5.479945182800293,6.950353622436523,169.10389709472656,5.941964149475098,2.0188207626342773,4.145296096801758,8.738503456115723,7.1232781410217285,10.72750186920166,4.969021797180176,13.319597244262695,6.0016937255859375,3.4297821521759033,4.942022323608398,4.016867160797119,26.328523635864258,6.241517543792725,4.226787567138672,3.3873932361602783,5.262362480163574,4.491872310638428,7.090114593505859,0.7480267286300659,1.179781436920166,4.6206254959106445,6.8148932456970215,4.1799116134643555,14.888046264648438,6.215259552001953,10.191386222839355,5.674893379211426,7.870809555053711,3.6724913120269775,6.195406436920166,6.54428768157959,4.283578395843506,3.6404294967651367,,10.601556777954102,5.1091084480285645,19.48094367980957,3.7484970092773438,4.773595809936523,6.285109996795654,5.068592548370361,9.128637313842773,1.7833319902420044,1.414194941520691,5.1147942543029785,7.137245178222656,2.0810043811798096,11.726144790649414,5.335064888000488,5.400631427764893,5.140584468841553,0.5241484045982361,9.816818237304688,4.949300765991211,5.355186939239502,8.698665618896484,3.0188143253326416,0.7989049553871155,9.150981903076172,6.8253045082092285,3.2998242378234863,2.4246938228607178,8.896058082580566,0.6891754269599915,4.831211090087891,4.477163791656494,1.953797459602356,9.029802322387695,1.353394627571106,24.534528732299805,1.3652149438858032,9.578620910644531,10.081664085388184,8.358256340026855,1.4997674226760864,3.5988996028900146,3.198746919631958,6.449294567108154,1.6561318635940552,6.303193092346191,7.531646728515625,10.25029182434082,8.892984390258789,2.032975196838379,0.6711130738258362,4.800637722015381,0.664726734161377,,7.118692398071289,2.6610264778137207,4.52862024307251,26.14724349975586,5.440299034118652,3.6377880573272705,0.4182809591293335,9.460832595825195,2.8328959941864014,4.316189289093018,5.140888690948486,1.562661051750183,9.255973815917969,2.7617545127868652,20.044527053833008,2.6345012187957764,2.5463733673095703,5.267920970916748,5.375462055206299,16.679834365844727
1994-08-01,0.2667325735092163,3.091871500015259,3.8473260402679443,5.759263038635254,7.317057132720947,168.85797119140625,6.179642677307129,2.2782235145568848,4.400793075561523,9.001313209533691,7.0190324783325195,11.118613243103027,5.2737274169921875,13.656634330749512,6.0521955490112305,3.7242467403411865,5.030011177062988,4.3985137939453125,29.538312911987305,6.644661903381348,4.181581020355225,3.633317232131958,5.513587474822998,4.582486629486084,7.425455093383789,0.8838284611701965,1.1810688972473145,4.71397066116333,6.577803611755371,4.397024154663086,16.180320739746094,6.580863952636719,9.920816421508789,5.60435152053833,8.07449722290039,3.8602867126464844,5.9751877784729,6.735205173492432,4.121678352355957,3.340630292892456,,11.299029350280762,5.763717174530029,19.239248275756836,4.049131393432617,4.283397674560547,6.533974647521973,5.6111016273498535,8.961780548095703,2.0676300525665283,1.4536961317062378,5.833982944488525,7.932906150817871,2.3092989921569824,12.481581687927246,5.769259929656982,5.7948198318481445,5.190817356109619,0.6224265694618225,10.27090072631836,5.1305437088012695,6.356808185577393,10.969905853271484,3.029296875,1.0039329528808594,9.523648262023926,7.124361515045166,3.656189203262329,2.4876744747161865,9.304733276367188,0.7643587589263916,5.565062522888184,4.770975589752197,2.205137014389038,9.724400520324707,1.360695242881775,26.713829040527344,1.4290357828140259,10.360894203186035,10.380788803100586,8.358256340026855,1.673759937286377,4.028954982757568,3.198746919631958,7.004356861114502,1.8370064496994019,6.882632732391357,7.379088401794434,9.982887268066406,9.529646873474121,2.0949575901031494,0.838890790939331,4.871140480041504,0.6475358605384827,,6.9140095710754395,2.5923550128936768,4.575016021728516,27.14401626586914,5.670674800872803,3.7559173107147217,0.4581487774848938,9.571480751037598,2.8058719635009766,4.956503391265869,5.021079063415527,1.7340492010116577,10.707124710083008,2.834683656692505,21.75253677368164,2.539973735809326,2.5124847888946533,5.329536437988281,5.44088888168335,17.597286224365234
1994-09-01,0.24830494821071625,3.2335803508758545,3.9440510272979736,6.002090930938721,7.288022994995117,159.65150451660156,5.714135646820068,2.1090476512908936,4.442506790161133,8.771347999572754,7.038261413574219,10.502889633178711,5.695622444152832,12.981310844421387,5.319417476654053,3.691432476043701,5.68463134765625,4.379436016082764,26.245189666748047,6.234320163726807,4.359079360961914,3.6809134483337402,5.513587474822998,4.7381157875061035,7.62321662902832,0.9751059412956238,1.04729163646698,4.433933734893799,6.461386680603027,4.353200435638428,17.00071907043457,6.131183624267578,9.319559097290039,5.507516384124756,8.126596450805664,3.648397922515869,5.454416751861572,6.464171886444092,3.9451842308044434,3.1693150997161865,,9.86423397064209,5.588088035583496,18.749292373657227,4.34036922454834,4.460398197174072,6.169529914855957,5.212822437286377,8.18249225616455,2.0140116214752197,1.4220945835113525,5.469360828399658,8.063199043273926,2.160029888153076,12.704102516174316,5.7233123779296875,5.98267936706543,4.747320175170898,0.6486336588859558,10.239139556884766,5.446342945098877,6.45439338684082,9.6987886428833,3.2389373779296875,1.1382628679275513,9.004912376403809,6.6515069007873535,3.915362596511841,2.51932954788208,9.325836181640625,0.7763816714286804,5.860833644866943,4.211333274841309,2.129260540008545,8.346144676208496,1.4040642976760864,28.037843704223633,1.315775752067566,10.418457984924316,10.03812313079834,8.439477920532227,1.6860127449035645,3.846827268600464,3.085893392562866,7.042056560516357,1.8605576753616333,6.741301536560059,7.005744457244873,9.225258827209473,9.071765899658203,2.023672342300415,0.9437522888183594,4.618310451507568,0.52862948179245,,6.595600128173828,2.558018684387207,4.8132123947143555,26.45850944519043,5.195989608764648,3.3902974128723145,0.4423505961894989,9.073798179626465,2.459179162979126,5.027647972106934,4.707751274108887,1.66745924949646,10.909625053405762,2.635059118270874,20.36511993408203,2.4481680393218994,2.38494610786438,5.288435459136963,5.258003234863281,17.535682678222656
1994-10-01,0.3183284401893616,3.2148780822753906,4.3687944412231445,6.228832244873047,7.433204174041748,168.18426513671875,5.7739691734313965,2.345893383026123,4.6510748863220215,8.262006759643555,7.839646816253662,10.72755241394043,5.832581043243408,13.168902397155762,5.373701572418213,3.4125254154205322,5.566816329956055,4.513186931610107,27.742074966430664,6.900835990905762,4.13204288482666,3.881582736968994,5.762901306152344,5.1404218673706055,7.960952281951904,1.0730613470077515,1.1084468364715576,4.199987888336182,6.985283374786377,4.3385910987854,15.968733787536621,6.399213790893555,9.518479347229004,5.374370098114014,8.256826400756836,3.5645294189453125,5.454416751861572,6.586137294769287,4.35008430480957,3.399399757385254,,9.684883117675781,5.455990314483643,19.041481018066406,4.252848148345947,5.239198684692383,6.886997222900391,5.647222518920898,8.302383422851562,2.2560391426086426,1.5568727254867554,5.742825984954834,8.627765655517578,2.184206247329712,12.056754112243652,6.024538993835449,6.315052509307861,5.154231548309326,0.6912211179733276,8.975584983825684,5.6423563957214355,6.914424419403076,10.029623031616211,3.3371870517730713,1.2725921869277954,9.710369110107422,7.281980514526367,3.8767590522766113,2.5034854412078857,9.346931457519531,0.7779695987701416,5.860833644866943,4.3232598304748535,2.3900816440582275,9.676692008972168,1.4365906715393066,25.779233932495117,1.3518620729446411,10.101874351501465,10.235233306884766,7.484919548034668,1.8036421537399292,4.007111072540283,3.085893392562866,7.440662860870361,1.9951367378234863,7.148630142211914,8.213632583618164,8.494521141052246,9.329322814941406,1.973078727722168,1.0998798608779907,4.702587127685547,0.6217485070228577,10.760069847106934,7.1414475440979,2.72969913482666,4.911775588989258,27.210617065429688,4.751126766204834,3.434617042541504,0.3317633271217346,9.743861198425293,2.707810401916504,5.003931522369385,4.290748596191406,1.6064540147781372,10.428689002990723,2.630537986755371,20.612890243530273,2.3665621280670166,2.397700548171997,5.5544209480285645,5.749510288238525,16.83753776550293
1994-11-01,0.27538928389549255,3.3056209087371826,4.0047287940979,5.962075233459473,7.811962604522705,164.57322692871094,5.654301643371582,2.1598002910614014,4.870072364807129,8.394729614257812,7.8047990798950195,9.96932315826416,5.5964460372924805,13.546015739440918,4.925442218780518,3.379713773727417,5.566816329956055,4.464866638183594,26.258756637573242,6.251176357269287,3.973119020462036,3.8416481018066406,6.216465473175049,4.600243091583252,8.298689842224121,1.1487553119659424,1.0695396661758423,3.9640376567840576,6.842886447906494,4.415831565856934,13.904735565185547,5.740305423736572,10.482376098632812,4.9752349853515625,8.597904205322266,3.417752742767334,5.786038875579834,6.440282821655273,3.9783544540405273,3.1257195472717285,,9.067121505737305,5.182384014129639,17.92139434814453,4.072882652282715,4.97487735748291,6.156560897827148,5.740307807922363,7.862403392791748,2.2531566619873047,1.5807037353515625,5.7215166091918945,8.221443176269531,2.2193634510040283,11.638442039489746,5.422086238861084,6.204411506652832,4.9338226318359375,0.6486336588859558,8.735952377319336,5.748022556304932,7.053827285766602,9.652265548706055,3.1377968788146973,1.194822072982788,8.88042163848877,7.170720100402832,3.9324076175689697,2.408416748046875,8.723077774047852,0.7589175701141357,6.12816858291626,3.9318149089813232,2.3853397369384766,10.160526275634766,1.5537971258163452,22.888774871826172,1.4184832572937012,9.44064998626709,9.82907485961914,6.6061272621154785,1.617396354675293,3.5949504375457764,3.129976272583008,7.493805408477783,2.095947027206421,7.10599422454834,7.750870227813721,7.500478744506836,8.30262279510498,2.023672342300415,1.1464848518371582,4.60275411605835,0.6145860552787781,10.590170860290527,6.443977355957031,2.8928112983703613,4.496563911437988,26.127216339111328,4.484208583831787,3.6356334686279297,0.321478009223938,9.213400840759277,2.730412483215332,4.517768383026123,4.082245349884033,1.4539426565170288,9.83802318572998,2.335275411605835,19.89373779296875,2.3230972290039062,2.376394510269165,5.648299694061279,5.589062690734863,16.262922286987305
1994-12-01,0.28832703828811646,3.3834009170532227,3.610323190689087,6.259721755981445,7.782370090484619,176.26425170898438,5.727398872375488,1.906038522720337,4.922213077545166,8.494267463684082,6.988241672515869,10.08036994934082,5.615845203399658,14.187459945678711,4.952880382537842,3.7459545135498047,5.679561138153076,4.53136682510376,25.95807456970215,6.366670608520508,4.267395973205566,4.049304485321045,6.283169269561768,4.565392971038818,8.551423072814941,1.2511636018753052,1.0714623928070068,3.8853816986083984,6.999742031097412,4.282018661499023,14.751070022583008,5.969018459320068,11.084810256958008,5.023890972137451,8.044048309326172,3.5233752727508545,5.758090019226074,6.808690071105957,4.134982585906982,3.212143659591675,,9.605169296264648,5.600836753845215,20.032018661499023,4.328619956970215,4.725239276885986,6.078299522399902,5.714223861694336,8.193770408630371,2.3093924522399902,1.572759747505188,5.920391082763672,8.541004180908203,2.2457337379455566,12.269192695617676,5.877875804901123,6.364242076873779,4.925373554229736,0.6420820355415344,8.858458518981934,5.790181636810303,7.3917365074157715,10.196303367614746,2.917415142059326,1.0534237623214722,8.359971046447754,7.391846656799316,4.1347551345825195,2.3293919563293457,9.084772109985352,0.7409941554069519,6.32321310043335,3.8054349422454834,2.31894850730896,10.686676979064941,1.5428160429000854,22.498188018798828,1.6580089330673218,9.760177612304688,9.849381446838379,6.717586517333984,1.7301231622695923,3.572054147720337,3.1797726154327393,7.745259761810303,2.092562198638916,7.0491437911987305,8.037941932678223,7.63602876663208,8.5620756149292,1.9637898206710815,0.8948171734809875,4.857519149780273,0.6303445100784302,10.873332977294922,6.146388053894043,2.788252592086792,4.4303178787231445,26.317474365234375,4.097350597381592,3.151251792907715,0.3321053683757782,10.079130172729492,2.71726131439209,4.280613422393799,4.021913528442383,1.4935864210128784,10.322282791137695,2.5097482204437256,20.043304443359375,2.066117763519287,2.1719744205474854,5.58945894241333,5.623773097991943,16.387062072753906
1995-01-01,0.2984927296638489,3.690502166748047,3.5173959732055664,6.339976787567139,8.285409927368164,187.2808074951172,5.817831516265869,1.7368628978729248,5.308065891265869,8.726531028747559,6.499062538146973,10.08036994934082,5.996585845947266,13.432812690734863,5.1175217628479,3.9117040634155273,6.212018013000488,4.815186977386475,29.728498458862305,5.959822177886963,4.495598316192627,4.045591354370117,6.310333251953125,4.482029438018799,8.405655860900879,1.1888279914855957,1.102239966392517,3.9157936573028564,6.999742031097412,4.5347771644592285,13.681760787963867,6.4195098876953125,12.279580116271973,5.534795761108398,8.518783569335938,3.7554519176483154,6.3171305656433105,6.876913070678711,3.878276824951172,2.938763380050659,,9.684883117675781,5.597460746765137,20.22840690612793,4.326408386230469,5.171017646789551,6.301821231842041,5.807387351989746,8.615504264831543,2.323845624923706,1.6055808067321777,5.981583595275879,8.381227493286133,2.4411706924438477,11.577404022216797,5.407646179199219,6.756558418273926,5.354414463043213,0.6551858186721802,8.462798118591309,5.902613639831543,7.419896602630615,10.10855484008789,3.0894267559051514,1.0604933500289917,8.57833194732666,8.244749069213867,4.413501739501953,2.792076587677002,8.91456127166748,0.7699891924858093,6.675658226013184,4.1986165046691895,2.2525582313537598,10.716948509216309,1.6087017059326172,21.482637405395508,1.5774697065353394,9.382552146911621,10.155936241149902,6.186850547790527,1.6713088750839233,3.456078052520752,3.4497528076171875,7.878796577453613,2.2144598960876465,7.446397304534912,8.347089767456055,8.631063461303711,8.100820541381836,2.1188249588012695,0.9880272150039673,5.112284183502197,0.5501188039779663,10.476912498474121,6.436165809631348,2.9533896446228027,4.306102275848389,27.201942443847656,4.705691337585449,3.0566015243530273,0.28428250551223755,10.811141967773438,2.5040531158447266,4.600772380828857,4.454017162322998,1.5654423236846924,10.092897415161133,2.599248170852661,19.89373779296875,2.220306158065796,2.338067054748535,5.875289440155029,5.785776615142822,18.104394912719727
1995-02-01,0.2928270399570465,3.7035441398620605,4.345464706420898,6.594115257263184,8.15597915649414,186.81214904785156,6.631723880767822,2.080852508544922,5.756485462188721,9.313878059387207,6.988241672515869,11.12510871887207,6.4011125564575195,13.998395919799805,5.528571128845215,4.127178192138672,6.212018013000488,4.844549179077148,31.34088897705078,5.988819122314453,4.518417835235596,4.150150299072266,6.4987030029296875,4.69295072555542,8.818655014038086,1.2021853923797607,1.2033742666244507,4.138644218444824,7.544872283935547,4.59616756439209,14.696235656738281,6.8925275802612305,12.883001327514648,5.815134525299072,8.386113166809082,3.90313720703125,6.289921760559082,7.265637397766113,4.214603900909424,3.0406010150909424,,10.382354736328125,6.132866859436035,21.504947662353516,4.632025718688965,5.349940299987793,6.589459419250488,5.579260349273682,9.174853324890137,2.6591250896453857,1.7094244956970215,6.036312580108643,8.773756980895996,2.8062450885772705,12.500045776367188,6.02902364730835,6.629949569702148,5.508869647979736,0.7600153684616089,9.144219398498535,6.183689594268799,7.620382308959961,10.98050594329834,2.8267226219177246,1.1311918497085571,9.306187629699707,8.417941093444824,4.459959030151367,2.823986768722534,9.401008605957031,0.782875657081604,7.028099536895752,4.525481224060059,2.3900816440582275,15.015836715698242,1.5947880744934082,22.65453338623047,1.5969101190567017,10.408919334411621,10.831631660461426,6.808568477630615,1.845301628112793,3.6648361682891846,3.4947509765625,8.359539031982422,2.262667655944824,7.60360860824585,8.301782608032227,9.365610122680664,8.541207313537598,2.1446645259857178,1.0905587673187256,5.267879486083984,0.5472537875175476,10.646807670593262,6.9767632484436035,2.9180197715759277,4.71084451675415,28.31203842163086,4.562551021575928,3.1580400466918945,0.2899461090564728,10.951911926269531,2.8578882217407227,4.079036235809326,4.631292343139648,1.7502148151397705,10.936169624328613,2.788776159286499,21.82449722290039,2.3867270946502686,2.427500009536743,5.748251438140869,5.984595775604248,18.47967529296875
1995-03-01,0.26131996512413025,3.7296245098114014,6.022789478302002,6.757204532623291,7.644351482391357,187.48741149902344,6.983606338500977,2.4868733882904053,5.620919227600098,9.782926559448242,7.63764762878418,11.832819938659668,6.639072418212891,16.312498092651367,5.625568389892578,4.379518508911133,6.443780422210693,4.922842979431152,31.13933563232422,6.438343524932861,4.630706310272217,4.246666431427002,6.458338260650635,5.149940013885498,9.401707649230957,1.358024001121521,1.2188518047332764,4.743520259857178,7.604284763336182,4.354261875152588,16.21748161315918,7.371171474456787,12.913171768188477,6.328237533569336,8.172454833984375,4.115508556365967,6.204538822174072,7.306837558746338,4.5614423751831055,3.12789249420166,,10.780904769897461,6.100421905517578,21.370399475097656,4.5556230545043945,5.224270343780518,7.060130596160889,5.501550674438477,9.50792407989502,2.7910470962524414,1.7333883047103882,6.298093795776367,9.575345993041992,2.986583948135376,12.275005340576172,6.58762264251709,6.951223850250244,5.242718696594238,0.8288100361824036,9.224430084228516,6.363508224487305,8.317021369934082,12.191540718078613,2.9002797603607178,1.2655222415924072,10.216384887695312,8.639467239379883,5.156828880310059,2.904130697250366,9.9805269241333,0.8461642265319824,7.120115280151367,4.595968723297119,2.69832706451416,18.460296630859375,1.6170158386230469,26.80916976928711,1.6670358180999756,11.464476585388184,10.954488754272461,6.833065509796143,1.8379496335983276,4.111191749572754,3.346816301345825,8.398425102233887,2.3376357555389404,7.575030326843262,7.857829570770264,8.952424049377441,8.773618698120117,2.070608139038086,1.2210532426834106,5.336293697357178,0.5501188039779663,10.023853302001953,7.314103603363037,2.882650375366211,4.794370651245117,29.100465774536133,4.585845947265625,3.2028331756591797,0.28189191222190857,11.35129451751709,3.2202630043029785,4.437543869018555,4.905427932739258,1.7359035015106201,11.80901050567627,2.7481625080108643,21.975011825561523,2.54238224029541,2.624420404434204,5.58945894241333,6.242249488830566,19.563045501708984
1995-04-01,0.28356030583381653,4.130556106567383,7.087425231933594,6.891275405883789,7.8851213455200195,192.2139129638672,7.378326416015625,2.780109167098999,6.064126968383789,9.974165916442871,7.567577362060547,11.435554504394531,6.658234596252441,16.691858291625977,5.542426586151123,4.646969795227051,6.621947765350342,5.159738540649414,33.35636520385742,6.81658935546875,4.859947204589844,4.547391891479492,6.3767924308776855,4.921444416046143,10.024701118469238,1.4203596115112305,1.2343299388885498,4.601417064666748,7.5052618980407715,4.414739608764648,15.331883430480957,7.439213275909424,13.387900352478027,6.352673530578613,8.439523696899414,3.9033713340759277,6.318385124206543,7.389246463775635,4.8241987228393555,3.1929824352264404,,10.840691566467285,6.066694736480713,22.16188621520996,4.697322845458984,5.511512279510498,6.64175271987915,5.190730571746826,9.598770141601562,3.066383123397827,1.7582345008850098,6.467482089996338,11.032781600952148,3.6046142578125,12.602334022521973,6.756101608276367,7.593774318695068,5.7982354164123535,0.8124302625656128,10.044877052307129,6.561047077178955,8.501848220825195,13.315582275390625,2.427825450897217,1.4281306266784668,9.90363883972168,8.860990524291992,5.53663444519043,2.8239073753356934,10.23808765411377,0.8769044876098633,7.161877632141113,4.779241561889648,3.1014153957366943,20.00623893737793,1.6336860656738281,26.26046371459961,1.7031540870666504,11.640396118164062,11.036384582519531,5.861248970031738,1.7938398122787476,4.322625637054443,3.362100124359131,8.93507194519043,2.3614888191223145,8.030842781066895,9.234058380126953,9.356298446655273,9.151294708251953,1.9387211799621582,0.9787066578865051,5.9520182609558105,0.5386578440666199,9.74069881439209,7.712775707244873,2.9612863063812256,4.986480236053467,29.962495803833008,4.567861080169678,3.0068576335906982,0.2469910979270935,10.89724349975586,3.85703706741333,3.4527430534362793,4.838382720947266,1.730721116065979,11.911697387695312,2.8700015544891357,21.975011825561523,2.72917103767395,2.4323890209198,5.706820487976074,6.5116143226623535,20.563077926635742
1995-05-01,0.3089713752269745,4.196120738983154,6.326972007751465,6.676761627197266,8.400766372680664,205.04763793945312,7.317605495452881,3.4737257957458496,6.048484802246094,9.872742652893066,8.128138542175293,12.059821128845215,6.801939487457275,17.949644088745117,6.333096981048584,4.663686752319336,6.829808235168457,5.258772850036621,34.1264762878418,7.020503997802734,4.653632640838623,4.9843316078186035,6.498900413513184,5.142022609710693,9.609044075012207,1.5583889484405518,1.1870083808898926,5.116260051727295,7.856199741363525,4.569727420806885,16.21748161315918,7.8474602699279785,13.418113708496094,6.438978672027588,9.030189514160156,4.306434631347656,6.925615310668945,7.600504398345947,5.175198554992676,3.4431228637695312,,9.545391082763672,5.723298072814941,22.953401565551758,4.833211898803711,5.637299537658691,7.392544269561768,5.1751909255981445,9.826762199401855,3.060584306716919,1.5816080570220947,6.399593830108643,10.872151374816895,3.952310085296631,12.934743881225586,6.705560684204102,7.763733386993408,6.4058332443237305,0.9139838814735413,10.643579483032227,6.956116199493408,8.561631202697754,13.80060863494873,2.280684232711792,1.6190191507339478,10.424882888793945,9.606881141662598,5.601770401000977,2.695547342300415,10.381651878356934,0.9432383179664612,7.850926876068115,5.375182628631592,3.212860107421875,21.666601181030273,1.765964388847351,26.256410598754883,1.7531663179397583,12.38209342956543,11.30794906616211,5.80051326751709,2.043799877166748,4.322625637054443,3.6371819972991943,10.518157958984375,2.4167633056640625,8.26071548461914,10.194650650024414,10.05453109741211,9.746003150939941,2.031041145324707,0.9554043412208557,6.280673980712891,0.6661593914031982,10.193751335144043,8.019440650939941,3.176652669906616,4.984793186187744,31.15120506286621,4.837616920471191,3.194707155227661,0.29065248370170593,11.54994010925293,4.207265377044678,3.535797595977783,4.950124740600586,1.79808509349823,11.290861129760742,3.0976150035858154,23.08026123046875,2.8458473682403564,2.5476083755493164,6.109846591949463,6.7585554122924805,19.01801109313965
1995-06-01,0.34521186351776123,4.2485737800598145,7.057006359100342,6.762325763702393,8.61538028717041,205.498291015625,7.24362325668335,3.9079432487487793,6.710690498352051,10.075605392456055,7.691824913024902,12.715429306030273,6.754035949707031,19.09293556213379,5.997567176818848,4.904510974884033,6.943437099456787,5.397419452667236,35.442935943603516,7.486597537994385,5.343905925750732,4.733494758605957,7.082303047180176,4.7342071533203125,9.584596633911133,1.8010518550872803,1.1694951057434082,4.408348560333252,7.416411876678467,4.492795944213867,16.078527450561523,7.817936897277832,13.418113708496094,7.138063430786133,8.976122856140137,4.1790452003479,6.83867883682251,7.9045281410217285,4.921200752258301,3.5019795894622803,,9.684883117675781,5.805059432983398,22.474851608276367,4.786624908447266,5.167521953582764,6.6585307121276855,5.072606563568115,10.830735206604004,3.463930606842041,1.6779497861862183,6.848957538604736,11.222868919372559,4.4584550857543945,14.106886863708496,7.433785915374756,7.9251708984375,6.562078475952148,1.012262225151062,10.702171325683594,7.22235631942749,9.00620174407959,14.641408920288086,2.511906385421753,1.8099085092544556,10.97108268737793,9.92393684387207,5.7413506507873535,2.7597274780273438,9.927457809448242,0.9739705324172974,8.258317947387695,5.318603992462158,3.428629159927368,26.703929901123047,1.7378429174423218,26.335025787353516,1.8678144216537476,12.322992324829102,11.122228622436523,6.5078301429748535,2.2717056274414062,4.346638202667236,3.4553842544555664,9.809051513671875,2.5264618396759033,8.26071548461914,9.703879356384277,9.821788787841797,10.038676261901855,2.1019043922424316,1.2886302471160889,6.297878265380859,0.8165822625160217,10.023853302001953,7.664740085601807,3.212547540664673,5.111099720001221,31.781387329101562,5.3295159339904785,3.234147548675537,0.28793635964393616,11.271883964538574,4.883116245269775,3.9273457527160645,4.99110221862793,1.9237691164016724,11.265018463134766,3.138551712036133,22.221710205078125,2.919086217880249,2.7450485229492188,5.948636054992676,6.687538146972656,19.668025970458984
1995-07-01,0.3345254063606262,4.219285488128662,7.519733905792236,6.883314609527588,8.462087631225586,202.7943115234375,7.640954971313477,4.669229984283447,7.101754188537598,10.369154930114746,7.691824913024902,12.772455215454102,7.424304008483887,20.42677879333496,6.277173042297363,5.022487640380859,7.017936706542969,5.546469688415527,38.37965393066406,8.239335060119629,5.459074974060059,4.563159942626953,7.181910037994385,5.017899513244629,9.202559471130371,1.9858319759368896,1.305708646774292,4.684640884399414,7.896184921264648,4.385091781616211,16.581857681274414,8.20598030090332,14.196870803833008,7.763566970825195,8.976122856140137,4.5841546058654785,6.72277307510376,7.821612358093262,4.741283416748047,3.4502618312835693,7.185379981994629,10.760982513427734,6.430238723754883,23.521350860595703,4.912661075592041,5.872189521789551,6.55367374420166,5.477171421051025,11.378361701965332,3.620851993560791,1.5908818244934082,7.143372535705566,12.728018760681152,4.579952239990234,13.901263236999512,7.974419116973877,8.424160957336426,7.246359825134277,1.1367470026016235,11.327766418457031,7.434776306152344,8.977519035339355,14.583420753479004,3.104625701904297,1.9300974607467651,11.806975364685059,9.797114372253418,6.114479064941406,2.905656576156616,9.797687530517578,0.9379581212997437,8.6785888671875,5.714666366577148,3.433372735977173,30.284685134887695,1.7209707498550415,26.959049224853516,2.0095674991607666,13.475502967834473,12.009528160095215,6.5078301429748535,2.46285343170166,4.275379180908203,3.4553842544555664,10.105478286743164,2.776707649230957,7.961737155914307,10.908501625061035,9.348185539245605,10.711819648742676,2.0749568939208984,1.5938937664031982,6.280673980712891,0.856695830821991,9.910588264465332,8.266193389892578,3.1587064266204834,5.17846155166626,32.80363845825195,5.112720966339111,3.408813238143921,0.3178158402442932,11.157443046569824,5.699246406555176,4.2714338302612305,5.869896411895752,2.1119630336761475,11.161672592163086,3.0839695930480957,23.33279037475586,3.096951723098755,2.732220411300659,5.792283058166504,6.865084648132324,20.024484634399414
1995-08-01,0.32053038477897644,4.087433338165283,6.210628986358643,6.990868091583252,8.5155668258667,218.00393676757812,8.335444450378418,4.691786766052246,7.988168716430664,10.642032623291016,8.183541297912598,12.230758666992188,7.785885334014893,19.58647346496582,6.920498371124268,5.258445739746094,6.719934940338135,5.506422996520996,39.05038833618164,7.858835697174072,5.666382312774658,4.432785511016846,7.400789260864258,4.704277038574219,9.00571346282959,2.3375818729400635,1.2911797761917114,4.343049049377441,7.816226005554199,4.525529384613037,16.55388832092285,7.817936897277832,13.621737480163574,7.854252815246582,8.898225784301758,4.669443607330322,6.666658401489258,7.944680213928223,4.615429401397705,3.6584694385528564,6.2206711769104,11.438526153564453,6.9413604736328125,23.471508026123047,4.85389518737793,6.1627197265625,6.833456039428711,4.979245185852051,10.84654426574707,3.719656467437744,1.5585792064666748,7.483443260192871,12.112850189208984,4.324532508850098,13.553072929382324,8.278528213500977,8.139518737792969,8.176279067993164,1.1203678846359253,11.417140007019043,7.279000282287598,9.473021507263184,14.202034950256348,2.799424648284912,1.7038589715957642,12.12043571472168,9.275458335876465,7.027918338775635,2.8572275638580322,9.532539367675781,0.9772442579269409,8.3843994140625,5.817877769470215,3.5092484951019287,37.35640335083008,1.769051432609558,27.432016372680664,2.0595972537994385,14.487985610961914,11.763457298278809,5.960442066192627,2.3599283695220947,4.132869720458984,3.4242546558380127,9.755154609680176,2.7219221591949463,8.01953411102295,10.65621280670166,9.914746284484863,10.076214790344238,2.357905864715576,1.8175971508026123,6.196892738342285,0.9168643951416016,9.514165878295898,8.005789756774902,3.07621431350708,5.345362663269043,32.94966125488281,5.3295159339904785,3.316181182861328,0.2744843065738678,12.41622257232666,5.443920612335205,4.010401725769043,5.903693199157715,2.2165164947509766,10.953984260559082,3.3170909881591797,22.156036376953125,3.098951816558838,2.519193649291992,5.579569339752197,6.579617977142334,20.40087127685547
1995-09-01,0.2776681184768677,4.496176719665527,6.3019633293151855,7.345738887786865,9.077033042907715,230.0784454345703,8.704536437988281,4.612838268280029,8.321876525878906,11.153661727905273,7.395254611968994,11.948101043701172,8.557236671447754,20.887134552001953,7.582946300506592,5.585479736328125,7.521206855773926,5.8368096351623535,43.21983337402344,6.658789157867432,6.360365867614746,4.343148708343506,7.8111796379089355,4.650615692138672,9.891517639160156,2.4578006267547607,1.316611409187317,4.48944616317749,7.876809120178223,4.713441848754883,16.83407211303711,7.485340595245361,13.894166946411133,7.534172058105469,9.500571250915527,4.733407974243164,7.1681318283081055,7.958595275878906,4.519496917724609,3.7030813694000244,6.819456100463867,13.232020378112793,7.238138675689697,25.5782413482666,5.241740703582764,6.071822166442871,6.544346809387207,4.969656467437744,10.785439491271973,3.886235475540161,1.7039393186569214,8.029107093811035,11.07293701171875,4.236454963684082,13.90483570098877,7.981278896331787,8.744087219238281,8.54473876953125,1.0515726804733276,12.082012176513672,7.84384298324585,10.398628234863281,15.660152435302734,2.525797128677368,1.6897189617156982,12.30186653137207,9.72016429901123,8.053213119506836,3.101141929626465,9.83792781829834,1.1081438064575195,9.478193283081055,6.3854756355285645,3.433372735977173,38.571250915527344,1.8600636720657349,26.801389694213867,2.4717884063720703,14.487985610961914,12.4285306930542,5.451897621154785,2.257002592086792,4.203588485717773,3.777601480484009,11.042516708374023,2.9424307346343994,8.900960922241211,10.219212532043457,10.528517723083496,10.930627822875977,2.5683908462524414,1.7104064226150513,6.5430908203125,0.8681561946868896,9.457537651062012,8.114395141601562,3.422058582305908,5.548994541168213,34.34595489501953,5.805241584777832,3.44089412689209,0.2607601583003998,13.458659172058105,5.826910972595215,4.639252185821533,6.008537292480469,2.254770040512085,11.032042503356934,3.578603744506836,23.477266311645508,3.288682222366333,2.544900417327881,6.0284905433654785,6.914578914642334,22.679351806640625
1995-10-01,0.27068036794662476,4.214836597442627,6.947940349578857,7.709652423858643,9.513724327087402,229.0632781982422,9.042878150939941,4.522611141204834,8.009026527404785,11.315431594848633,7.183967113494873,11.833487510681152,7.875421524047852,20.045528411865234,7.413812637329102,5.245934963226318,7.775407314300537,6.167876720428467,41.249271392822266,6.6896162033081055,6.290979385375977,4.544677734375,7.9091572761535645,4.614838600158691,10.371646881103516,2.760573387145996,1.3107426166534424,4.209827899932861,7.553662300109863,4.979649066925049,15.50656509399414,8.221224784851074,13.977219581604004,7.780388832092285,9.801743507385254,4.969006538391113,7.1681318283081055,7.930761814117432,4.370270252227783,3.4612374305725098,6.1090521812438965,13.092530250549316,7.357149124145508,25.37763023376465,5.439772605895996,6.035462856292725,6.412936687469482,4.64249849319458,10.38824462890625,4.317388534545898,1.4948838949203491,7.452264785766602,11.395159721374512,4.926352024078369,12.249494552612305,7.879602909088135,9.614075660705566,8.049116134643555,1.1203678846359253,13.071979522705078,8.170665740966797,11.17961311340332,15.864289283752441,2.2770931720733643,1.721534252166748,12.040125846862793,10.4190034866333,8.62311840057373,3.2147951126098633,9.925177574157715,1.1180967092514038,9.732072830200195,5.6476006507873535,3.793783187866211,34.25856018066406,1.9055694341659546,23.805944442749023,2.519055128097534,13.625243186950684,12.844196319580078,5.863075256347656,2.5657780170440674,4.131525039672852,3.7299840450286865,11.394354820251465,3.16294264793396,9.410402297973633,9.076268196105957,10.035867691040039,10.017289161682129,2.472247362136841,1.4354363679885864,6.1622748374938965,0.8996740579605103,8.891217231750488,7.726517677307129,3.476667881011963,5.557480812072754,34.24502944946289,5.660109996795654,3.117779016494751,0.2964429259300232,11.700667381286621,5.007757663726807,5.042665958404541,5.929178714752197,2.333793878555298,11.578439712524414,3.2482709884643555,21.546234130859375,3.257061004638672,2.2235751152038574,6.277599334716797,7.309351921081543,21.87767219543457
1995-11-01,0.2850763499736786,4.307615756988525,8.24306583404541,8.572272300720215,9.570775032043457,242.9357452392578,10.138708114624023,4.387271881103516,8.280166625976562,12.966315269470215,7.500898838043213,12.721715927124023,8.238901138305664,22.382787704467773,8.127756118774414,5.687341690063477,8.343612670898438,6.491441249847412,48.78871154785156,7.234805583953857,6.70729923248291,4.807185173034668,8.35008430480957,4.821421146392822,11.06474494934082,2.996558666229248,1.3797804117202759,4.094719409942627,8.061117172241211,5.045087814331055,16.014972686767578,9.106589317321777,14.583609580993652,7.686655044555664,9.944052696228027,4.92617130279541,6.902988433837891,8.753396034240723,4.683697700500488,3.4010422229766846,7.283872604370117,11.876935005187988,7.921805381774902,26.932395935058594,5.226452350616455,6.344197750091553,6.429800510406494,5.530492782592773,11.630234718322754,3.868752956390381,1.5923763513565063,7.747339248657227,11.350662231445312,4.291830539703369,12.751267433166504,8.591307640075684,10.26024341583252,8.491378784179688,0.9041562080383301,13.814451217651367,8.636381149291992,11.593814849853516,17.20003318786621,2.656608819961548,1.548319935798645,11.726043701171875,11.357697486877441,8.175161361694336,3.0686678886413574,11.491913795471191,1.1645455360412598,10.472563743591309,5.807947635650635,3.3053324222564697,26.3836669921875,1.994354009628296,27.27684783935547,2.5802252292633057,14.734148979187012,13.182336807250977,6.0762786865234375,2.668703079223633,4.2516279220581055,3.7617273330688477,11.989785194396973,3.211369276046753,10.049372673034668,9.936044692993164,11.182825088500977,10.769632339477539,2.7332072257995605,1.5426274538040161,6.827894687652588,0.9684383869171143,9.457537651062012,7.881667137145996,3.374150037765503,5.724399089813232,35.768253326416016,6.5308942794799805,3.3132076263427734,0.3686860501766205,12.91108512878418,4.231006145477295,5.968142986297607,6.1445770263671875,2.523447275161743,11.888076782226562,3.6634650230407715,22.699766159057617,3.564572811126709,2.4728286266326904,6.244383811950684,7.478257179260254,23.29803466796875
1995-12-01,0.23834213614463806,4.4136505126953125,7.55741024017334,8.026860237121582,10.26798152923584,250.60841369628906,10.169617652893066,3.5526750087738037,9.906998634338379,13.722973823547363,8.331316947937012,12.151680946350098,8.020812034606934,24.072067260742188,7.914613246917725,5.726491451263428,8.998945236206055,6.946448802947998,51.35111618041992,6.925374984741211,7.381309986114502,4.610302448272705,7.895375728607178,4.929764270782471,11.88159465789795,2.6581645011901855,1.4368613958358765,4.045385360717773,8.55090618133545,5.251984596252441,16.04443359375,9.783201217651367,14.302095413208008,7.291201114654541,10.498037338256836,5.164555072784424,7.623297214508057,9.159553527832031,4.608499050140381,3.4762861728668213,7.552399635314941,11.777297973632812,7.855376720428467,29.073808670043945,5.475329875946045,7.404610633850098,6.535204887390137,5.9578962326049805,11.660919189453125,3.913963556289673,1.600501537322998,8.155092239379883,10.733939170837402,4.001008987426758,12.626253128051758,8.021384239196777,10.126995086669922,8.31447696685791,0.6830311417579651,14.984159469604492,8.46535873413086,13.108579635620117,18.518604278564453,2.8252809047698975,1.2938015460968018,12.902985572814941,11.484965324401855,8.343140602111816,3.1524953842163086,11.667705535888672,1.2110872268676758,11.167169570922852,5.352421760559082,3.3290436267852783,19.293256759643555,2.132293462753296,28.699983596801758,3.099320650100708,15.333094596862793,13.28695297241211,6.968603134155273,2.492260694503784,4.154181480407715,3.9602932929992676,12.140361785888672,3.488213300704956,9.642757415771484,9.260123252868652,12.329777717590332,10.858633041381836,2.793651580810547,1.603214979171753,7.36785364151001,0.9627077579498291,9.967222213745117,8.641908645629883,3.6322851181030273,5.955085277557373,36.33098220825195,6.557270526885986,3.4215571880340576,0.41858378052711487,12.916268348693848,3.7769575119018555,6.205442905426025,6.025570869445801,2.5244715213775635,12.071365356445312,3.6634650230407715,21.77950668334961,3.7237071990966797,2.292517900466919,6.617877960205078,7.840693950653076,23.276790618896484
1996-01-01,0.20656359195709229,4.529049396514893,4.150091648101807,8.621445655822754,11.218729019165039,262.461669921875,10.756916999816895,3.3383870124816895,10.032140731811523,14.961141586303711,7.589975357055664,12.29566478729248,8.966011047363281,23.803319931030273,7.943036079406738,6.222217559814453,10.363785743713379,7.222046852111816,53.91358947753906,7.63771915435791,8.193718910217285,4.888594150543213,9.14150619506836,4.775777816772461,12.622880935668945,2.9653913974761963,1.4604804515838623,3.7638442516326904,8.469273567199707,5.458877086639404,17.015087127685547,10.407649993896484,15.607808113098145,9.021320343017578,11.024324417114258,5.186071872711182,8.103507995605469,9.383636474609375,4.9844865798950195,3.59454345703125,7.986721515655518,12.135995864868164,7.804713249206543,30.991867065429688,5.498294353485107,7.923187255859375,8.764769554138184,5.739540100097656,12.243956565856934,3.9606969356536865,1.5936729907989502,8.860825538635254,12.745635032653809,3.897017240524292,13.584686279296875,8.344281196594238,11.3706636428833,9.563432693481445,0.7731190323829651,14.599382400512695,8.593623161315918,13.341625213623047,17.668851852416992,2.62927508354187,1.2089624404907227,13.584842681884766,12.789344787597656,8.5404691696167,2.9891531467437744,11.338109970092773,1.2446362972259521,11.932920455932617,6.163827896118164,3.5092484951019287,16.676189422607422,2.132293462753296,35.420372009277344,3.104886770248413,15.333094596862793,13.29812240600586,7.090586185455322,2.80838680267334,4.178475379943848,4.041114330291748,12.955153465270996,3.792741537094116,9.803112030029297,9.260123252868652,11.6096830368042,11.095982551574707,2.8774619102478027,1.6684616804122925,8.169088363647461,0.7678738832473755,9.40090274810791,8.751103401184082,3.742910385131836,6.08324670791626,37.623600006103516,6.611911773681641,3.3873424530029297,0.41858378052711487,13.235547065734863,3.401097059249878,5.956277370452881,6.082632064819336,2.6517550945281982,12.097553253173828,3.84323787689209,22.239641189575195,3.9995365142822266,2.0993282794952393,6.920985221862793,7.756125450134277,21.004337310791016
1996-02-01,0.20562894642353058,4.449123859405518,4.089061260223389,8.378202438354492,11.020390510559082,262.461669921875,10.65296745300293,3.225602865219116,9.96957015991211,14.396244049072266,7.34285831451416,12.266864776611328,8.941641807556152,24.994672775268555,8.448861122131348,6.256405353546143,9.838847160339355,6.946629524230957,55.02437210083008,7.919495582580566,8.68116283416748,5.169357776641846,9.405071258544922,5.103885650634766,12.299220085144043,3.383929967880249,1.421082615852356,4.2095627784729,9.1631441116333,5.1088151931762695,18.328338623046875,10.858649253845215,15.91146469116211,8.82689094543457,10.93641471862793,5.229111194610596,7.89276123046875,8.778083801269531,5.008281707763672,3.807779312133789,8.79550552368164,11.797222137451172,7.971836566925049,30.487092971801758,5.498294353485107,8.421982765197754,7.286376476287842,5.396413326263428,13.71176815032959,4.708438396453857,1.6427096128463745,9.500274658203125,14.43636703491211,4.149469375610352,11.997573852539062,8.956082344055176,11.112113952636719,10.223591804504395,0.6289783120155334,13.829792976379395,9.206439018249512,14.20388412475586,17.96669578552246,2.6187150478363037,1.0428181886672974,13.952006340026855,12.742792129516602,8.577841758728027,2.9891531467437744,11.52946662902832,1.3285059928894043,11.273523330688477,6.14581823348999,3.7439887523651123,15.580673217773438,2.0722742080688477,36.046974182128906,2.8934409618377686,14.890305519104004,13.740694999694824,6.572137832641602,3.058349132537842,4.494288921356201,3.6370038986206055,13.742790222167969,3.663620710372925,9.56971263885498,9.511293411254883,11.85155200958252,11.076568603515625,2.7796835899353027,1.4703905582427979,7.979755878448486,0.8079870939254761,9.117746353149414,9.140605926513672,3.5659215450286865,6.015743732452393,37.74360656738281,6.5936970710754395,3.412609338760376,0.49524301290512085,13.148470878601074,3.6577820777893066,6.181713104248047,6.025570869445801,2.672969102859497,11.454290390014648,4.080820560455322,22.892425537109375,4.059748649597168,2.1894826889038086,6.634715557098389,7.755002975463867,22.273883819580078
1996-03-01,0.18366378545761108,4.342557907104492,3.936483144760132,8.535508155822754,10.731229782104492,253.87490844726562,10.435564041137695,3.146652936935425,9.698431968688965,14.327042579650879,7.609795570373535,12.644491195678711,9.623844146728516,26.68924331665039,9.179189682006836,6.2280592918396,9.850702285766602,6.984877586364746,54.30442810058594,8.067803382873535,8.312000274658203,5.1445841789245605,9.557662963867188,5.760102272033691,12.124944686889648,3.303785562515259,1.4448325634002686,4.7708353996276855,9.245513916015625,5.1088151931762695,20.04201316833496,11.606802940368652,15.516703605651855,9.074838638305664,11.300031661987305,5.188078880310059,7.770868301391602,9.102154731750488,5.213806629180908,4.188554763793945,8.525910377502441,11.139612197875977,7.821430683135986,31.63542938232422,5.581964492797852,8.768694877624512,7.81437349319458,5.964023590087891,14.574536323547363,4.407654762268066,1.7162636518478394,9.389986991882324,13.097219467163086,4.012770175933838,13.256053924560547,8.80836009979248,10.9635591506958,10.063008308410645,0.5929428339004517,13.546401977539062,9.463576316833496,15.228912353515625,17.878341674804688,3.019972085952759,0.9897937774658203,14.25965690612793,12.233076095581055,8.914233207702637,2.892616033554077,11.440938949584961,1.1891552209854126,10.645405769348145,6.546011447906494,3.9123384952545166,15.398088455200195,2.1012959480285645,35.88850402832031,3.6187825202941895,15.342442512512207,14.351861000061035,7.222166061401367,2.7716293334960938,5.229556560516357,3.608384370803833,13.784089088439941,3.7400882244110107,9.890644073486328,10.190673828125,11.899916648864746,11.673687934875488,2.7703635692596436,1.5472878217697144,8.242242813110352,1.0687202215194702,10.080490112304688,9.92453384399414,3.5659215450286865,5.97271203994751,38.39348602294922,7.3122429847717285,3.894388437271118,0.559234619140625,12.987943649291992,3.7311220169067383,5.837627410888672,6.305317401885986,2.75650691986084,11.955743789672852,4.108768939971924,22.73807716369629,4.305469036102295,2.37502121925354,6.56735897064209,7.950100421905518,21.46159553527832
1996-04-01,0.18226191401481628,4.354574680328369,5.256640434265137,8.427117347717285,10.44206714630127,247.7738037109375,9.659113883972168,3.609065294265747,9.594144821166992,14.945536613464355,8.246901512145996,13.223190307617188,9.495811462402344,25.302780151367188,9.15054702758789,6.0904221534729,9.700302124023438,6.770043849945068,50.6018180847168,7.6475677490234375,8.195587158203125,5.092895030975342,9.229828834533691,6.0517497062683105,12.518129348754883,3.6956076622009277,1.622962236404419,5.131936550140381,9.5543794631958,4.9794769287109375,20.47395133972168,10.839988708496094,15.087320327758789,10.215392112731934,10.516860008239746,5.620418548583984,7.1613850593566895,9.42621898651123,5.235440731048584,4.414395809173584,8.921942710876465,12.873326301574707,8.498844146728516,31.38153839111328,5.352800369262695,8.845788955688477,7.761571884155273,5.917187213897705,14.297215461730957,4.957877159118652,1.7504626512527466,9.5632905960083,12.68516731262207,4.782808780670166,13.381908416748047,9.166145324707031,10.993266105651855,9.87419605255127,0.7567394971847534,13.22765064239502,9.320626258850098,13.852455139160156,18.997575759887695,2.73897123336792,1.1453325748443604,13.668244361877441,12.201227188110352,7.951243877410889,2.9254846572875977,11.640105247497559,1.2213406562805176,10.346137046813965,6.231570720672607,4.296459674835205,17.710844039916992,2.002617597579956,36.68077850341797,3.897148370742798,14.920437812805176,14.162187576293945,6.870981693267822,2.9774789810180664,5.033141613006592,3.4436168670654297,13.8385591506958,3.8304643630981445,9.907890319824219,11.481494903564453,11.84461784362793,12.091672897338867,2.5714659690856934,1.444757103919983,8.189743995666504,1.2434977293014526,9.57079792022705,11.069062232971191,3.285876512527466,6.075988292694092,38.81080627441406,7.293962478637695,4.381905555725098,0.6566137075424194,12.43215560913086,4.15754508972168,5.553587913513184,6.2593770027160645,2.815268039703369,12.140491485595703,4.03889274597168,24.744382858276367,4.369572162628174,2.4653773307800293,6.368369102478027,8.291511535644531,25.052780151367188
1996-05-01,0.1953473687171936,4.6225481033325195,4.538435459136963,8.318729400634766,10.472113609313965,255.5697784423828,10.55046558380127,3.36094331741333,9.927857398986816,14.039750099182129,8.105315208435059,13.772951126098633,8.957392692565918,26.35586166381836,9.293746948242188,6.0904221534729,10.226678848266602,7.027261257171631,51.40814208984375,7.826456069946289,9.126903533935547,5.234128952026367,9.509100914001465,6.096556186676025,12.91870403289795,3.9004242420196533,1.5755951404571533,5.380252838134766,9.926431655883789,4.979440212249756,19.264524459838867,11.606802940368652,14.783132553100586,9.45189380645752,10.908674240112305,5.620418548583984,6.91710901260376,9.70795726776123,5.041684627532959,4.49130392074585,9.02371597290039,12.215705871582031,8.296891212463379,33.61581802368164,5.5336384773254395,8.575987815856934,7.994527816772461,6.385565757751465,13.547852516174316,4.987147808074951,1.5614458322525024,9.212556838989258,12.60912036895752,5.329922199249268,13.460625648498535,9.132071495056152,11.619492530822754,10.01729965209961,0.7076001167297363,13.273184776306152,10.521443367004395,15.145072937011719,19.85936164855957,2.8975985050201416,1.1241226196289062,14.325373649597168,12.283782005310059,8.418967247009277,2.991227626800537,12.16438102722168,1.3466928005218506,11.051556587219238,6.799833297729492,4.505115985870361,15.663140296936035,2.0062363147735596,38.26641082763672,4.470585823059082,15.197029113769531,14.639130592346191,6.718294143676758,2.9223403930664062,5.082244396209717,3.493049144744873,14.492359161376953,3.953091859817505,10.303621292114258,11.121675491333008,11.893556594848633,12.43939208984375,2.5998806953430176,2.029650926589966,8.214128494262695,1.2434977293014526,9.23100471496582,10.504012107849121,3.503502607345581,6.499110698699951,39.69182586669922,7.623013019561768,4.7012834548950195,0.7864810824394226,12.373652458190918,4.1391520500183105,5.209454536437988,6.443140506744385,2.970188856124878,12.229430198669434,3.92989444732666,23.543399810791016,4.323329448699951,2.6718997955322266,6.419590950012207,8.345969200134277,26.912511825561523
1996-06-01,0.1570255309343338,4.662744522094727,4.38562536239624,8.394946098327637,11.124581336975098,267.6690673828125,11.393256187438965,2.7519123554229736,9.010153770446777,14.144266128540039,9.329540252685547,13.4041748046875,8.737128257751465,26.935537338256836,9.53140640258789,6.54595947265625,9.681742668151855,7.407951354980469,56.51799774169922,8.07988452911377,8.789825439453125,5.632922172546387,9.900075912475586,6.151646614074707,14.120440483093262,4.033999443054199,1.5358085632324219,5.363700866699219,9.801825523376465,5.258813858032227,17.672359466552734,11.209725379943848,15.300243377685547,9.153409957885742,11.586933135986328,5.731109619140625,7.258312702178955,10.246499061584473,5.10701847076416,3.9837241172790527,8.650561332702637,13.072600364685059,8.34738540649414,35.240753173828125,5.268407821655273,8.595343589782715,7.570979118347168,6.752025604248047,14.135542869567871,4.676512718200684,1.7586793899536133,9.291703224182129,11.693707466125488,5.184319496154785,12.447911262512207,9.24035930633545,11.813399314880371,10.106740951538086,0.609322726726532,14.157153129577637,11.237508773803711,15.321857452392578,19.888954162597656,3.056226968765259,0.7352754473686218,15.080094337463379,11.932819366455078,8.381549835205078,2.928006172180176,12.29804515838623,1.4231021404266357,11.108672142028809,6.5559539794921875,4.557279586791992,12.615836143493652,2.1587584018707275,31.359405517578125,4.57811164855957,16.53169822692871,14.384532928466797,6.1934380531311035,3.479238986968994,4.909172058105469,3.700263738632202,15.526544570922852,3.988013744354248,10.62606143951416,11.56517219543457,11.648831367492676,11.718270301818848,2.734551429748535,1.9807155132293701,8.073415756225586,1.2950708866119385,8.891217231750488,10.614251136779785,3.730760097503662,6.3431315422058105,40.041988372802734,7.485579967498779,4.753138542175293,0.7530137896537781,12.623732566833496,3.6700451374053955,4.794121742248535,6.45928955078125,2.8993027210235596,12.628219604492188,3.92989444732666,20.542264938354492,4.258801460266113,2.625519275665283,6.743985652923584,8.555234909057617,27.5979061126709
1996-07-01,0.1645033210515976,4.729650974273682,3.7184205055236816,8.612288475036621,10.830974578857422,255.4561004638672,11.174762725830078,2.1541616916656494,9.1144380569458,13.654165267944336,8.087965965270996,12.41557788848877,8.608617782592773,27.36063575744629,9.920732498168945,5.766677379608154,9.003108024597168,7.189899921417236,52.33721923828125,7.9043498039245605,8.228778839111328,5.247779369354248,10.217448234558105,5.84984016418457,13.665175437927246,3.686702251434326,1.5358085632324219,5.19620943069458,9.614925384521484,4.94657039642334,17.26542854309082,10.018696784973145,13.561942100524902,8.531575202941895,10.823896408081055,5.362057209014893,6.699978828430176,9.566227912902832,4.856567859649658,4.0316691398620605,8.097538948059082,12.39505672454834,8.67389965057373,33.590824127197266,5.269548416137695,8.072653770446777,7.618757247924805,6.298765659332275,14.537654876708984,4.130824565887451,1.488817572593689,10.38391399383545,12.697713851928711,5.307088375091553,12.78548812866211,8.796276092529297,11.395750999450684,10.024399757385254,0.49466514587402344,13.928077697753906,10.750168800354004,13.2003755569458,19.666982650756836,2.764294385910034,0.6292261481285095,13.038689613342285,11.83709716796875,7.102662563323975,2.6302433013916016,12.036486625671387,1.4316542148590088,11.044217109680176,5.838675022125244,4.471920967102051,9.20285701751709,2.129426956176758,30.642305374145508,4.583683013916016,16.683374404907227,13.821354866027832,5.7346649169921875,3.4516706466674805,4.438089847564697,3.4984290599823,13.8864107131958,3.920974016189575,10.520874977111816,9.518244743347168,11.537604331970215,11.838458061218262,2.5898663997650146,1.6171960830688477,7.387439727783203,1.1919240951538086,8.04173469543457,10.07880973815918,3.427752733230591,5.40725564956665,38.242637634277344,7.375495910644531,4.1827592849731445,0.6721339225769043,12.210806846618652,3.193432331085205,3.203991413116455,6.332183361053467,3.227424144744873,11.883819580078125,4.000324249267578,20.38702392578125,3.936167001724243,2.4832494258880615,6.201416492462158,8.099776268005371,25.98587989807129
1996-08-01,0.18132728338241577,4.850924015045166,4.269295692443848,9.019813537597656,10.985612869262695,257.8309631347656,11.194586753845215,2.187995433807373,9.719285011291504,14.180668830871582,8.336284637451172,12.735419273376465,8.608617782592773,28.0660400390625,9.819787979125977,6.199612140655518,9.862713813781738,7.283273220062256,53.92226791381836,8.26432991027832,8.719698905944824,5.431618690490723,10.526641845703125,5.997936248779297,13.111523628234863,3.757941961288452,1.6196011304855347,5.611239433288574,9.87238597869873,4.997152328491211,18.544347763061523,11.139666557312012,13.897185325622559,8.763307571411133,10.686330795288086,5.275224685668945,6.607803821563721,9.549778938293457,4.858762264251709,4.171765327453613,8.029207229614258,11.936718940734863,8.690835952758789,33.948177337646484,5.354738712310791,8.188350677490234,7.8045783042907715,6.6426167488098145,15.335427284240723,4.107353210449219,1.4061051607131958,11.083501815795898,13.553053855895996,5.638230800628662,13.585150718688965,9.428235054016113,11.795918464660645,10.727556228637695,0.5175966620445251,14.340426445007324,11.466846466064453,13.575413703918457,20.010957717895508,3.0608468055725098,0.6681106686592102,13.89476203918457,11.85582160949707,7.7960638999938965,2.7129554748535156,12.822626113891602,1.2281099557876587,11.280570983886719,5.763239860534668,4.647384166717529,11.09218692779541,2.097494602203369,33.66674041748047,4.812032222747803,17.507305145263672,14.24860668182373,5.719368934631348,3.109811782836914,4.611648082733154,3.649803638458252,12.574308395385742,3.9841036796569824,10.476668357849121,10.6957368850708,12.379405975341797,11.943437576293945,2.604334592819214,1.6171960830688477,7.356139659881592,1.5013659000396729,7.475419044494629,10.629992485046387,3.456943988800049,5.72970724105835,38.97916030883789,7.944255828857422,4.792330265045166,0.7156039476394653,12.210806846618652,3.451860189437866,3.666790008544922,6.736608028411865,3.3887939453125,12.397064208984375,4.271374702453613,20.422752380371094,4.319866180419922,2.7342793941497803,6.322671413421631,8.103395462036133,28.307188034057617
1996-09-01,0.16590529680252075,5.309065341949463,4.566065788269043,9.504097938537598,10.753990173339844,273.724853515625,12.35479736328125,2.492511510848999,10.532702445983887,15.233689308166504,8.426409721374512,13.61452579498291,9.10053539276123,29.306533813476562,10.091347694396973,6.486077785491943,10.70682144165039,7.999155044555664,61.07046127319336,9.04426097869873,9.925877571105957,5.807651996612549,10.779616355895996,6.331155300140381,15.703635215759277,4.421370983123779,1.6156023740768433,5.860260963439941,10.501199722290039,5.047290802001953,18.8331298828125,11.826701164245605,15.420990943908691,9.537270545959473,10.65775203704834,5.8879523277282715,7.018812656402588,10.27670955657959,5.297477722167969,3.8915717601776123,8.541709899902344,12.634191513061523,9.334606170654297,37.35210418701172,5.878041744232178,8.032753944396973,7.884220600128174,7.1192731857299805,16.359859466552734,4.588000297546387,1.5467160940170288,12.784991264343262,14.752821922302246,6.74203634262085,14.434218406677246,9.88105297088623,12.274944305419922,11.556906700134277,0.589667022228241,16.245811462402344,11.69542407989502,15.294578552246094,21.438188552856445,3.4633114337921143,0.7529500722885132,13.727296829223633,12.111472129821777,9.613890647888184,3.112069845199585,13.009137153625488,1.244340181350708,12.171828269958496,6.339563846588135,5.0030517578125,14.870840072631836,2.0500924587249756,30.085166931152344,5.426589488983154,19.581331253051758,15.6157865524292,6.218752384185791,3.7549333572387695,4.685765743255615,3.671440362930298,12.405465126037598,4.440033435821533,11.49338436126709,11.518485069274902,13.221202850341797,13.15290355682373,2.580469846725464,1.584572672843933,7.975039005279541,1.5128268003463745,7.70194149017334,10.692367553710938,3.456943988800049,5.956800937652588,41.15703201293945,8.449447631835938,4.583967208862305,0.802259087562561,13.200774192810059,4.082231521606445,3.9515905380249023,6.812535762786865,3.6837375164031982,12.852250099182129,4.626139163970947,21.100040435791016,4.4173078536987305,2.7342793941497803,6.557780742645264,8.277399063110352,27.807357788085938
1996-10-01,0.17198026180267334,5.497483730316162,4.244297027587891,9.068382263183594,11.018695831298828,295.1202087402344,14.048100471496582,2.3853676319122314,10.2302827835083,16.322874069213867,10.097472190856934,14.023540496826172,9.292243957519531,29.577861785888672,10.948022842407227,6.293306350708008,10.525349617004395,8.845320701599121,67.6295166015625,8.278632164001465,10.277861595153809,6.190593719482422,12.31075668334961,6.081717014312744,16.1776123046875,4.408012866973877,1.3796597719192505,5.7173662185668945,11.025211334228516,5.047290802001953,18.246444702148438,11.79150676727295,16.088815689086914,10.261303901672363,11.172065734863281,6.367709636688232,7.398208141326904,10.148432731628418,5.277607440948486,3.940113067626953,8.36374282836914,12.83346176147461,9.355913162231445,39.71224594116211,5.608656406402588,8.810748100280762,8.277094841003418,6.868924140930176,16.26673698425293,4.1527276039123535,1.5732460021972656,12.30793571472168,15.286069869995117,7.765669345855713,14.476680755615234,9.624176025390625,11.795918464660645,12.454201698303223,0.6355301737785339,17.190603256225586,11.609219551086426,16.717336654663086,21.319257736206055,3.4037911891937256,0.6893203258514404,15.245220184326172,11.376471519470215,9.665946960449219,3.211923122406006,14.244770050048828,1.2807350158691406,12.777177810668945,6.78621244430542,5.206966876983643,12.189215660095215,2.1745188236236572,29.44843101501465,5.270587921142578,19.70332908630371,15.326247215270996,5.805191516876221,3.7328760623931885,4.911280632019043,3.688594341278076,13.009271621704102,4.643447399139404,11.724466323852539,10.38720703125,14.518692970275879,13.787874221801758,2.7574150562286377,1.482041597366333,7.780531883239746,1.4899052381515503,7.475419044494629,12.542975425720215,3.447869062423706,6.550736427307129,42.487701416015625,9.33304500579834,4.809690952301025,0.8945052027702332,12.933195114135742,3.563851833343506,3.5837254524230957,7.762999057769775,3.894700288772583,13.012906074523926,4.980905532836914,19.693387985229492,4.525572776794434,2.7472383975982666,6.610525131225586,8.81181812286377,24.047861099243164
1996-11-01,0.18039268255233765,6.025566577911377,4.841868877410889,9.340702056884766,11.143390655517578,312.4402160644531,15.16864013671875,3.439890146255493,10.157279968261719,17.20612335205078,10.346353530883789,16.24393653869629,10.330211639404297,30.912696838378906,12.03702163696289,6.425596237182617,10.162405014038086,9.514469146728516,74.79766082763672,9.545309066772461,10.864498138427734,6.224194526672363,11.787793159484863,6.734659194946289,16.70844078063965,4.8354573249816895,1.5039520263671875,6.31212854385376,11.32732105255127,5.1825947761535645,19.65452003479004,12.565868377685547,18.042673110961914,10.693902969360352,10.716517448425293,6.782047271728516,7.461670398712158,11.250060081481934,6.1056809425354,4.129239082336426,8.673506736755371,14.108838081359863,10.054622650146484,42.68810272216797,6.2345662117004395,9.413610458374023,8.756153106689453,6.524696350097656,18.248252868652344,5.070328235626221,1.731404185295105,12.73966121673584,18.936277389526367,8.967185020446777,14.517659187316895,11.747662544250488,12.801773071289062,13.725041389465332,0.9303637146949768,18.04322052001953,11.781569480895996,18.222766876220703,21.65151596069336,3.4462080001831055,1.014538288116455,16.301166534423828,11.970792770385742,9.947484016418457,3.278491735458374,15.713756561279297,1.4315115213394165,14.355405807495117,7.906810283660889,5.951494216918945,16.15070915222168,2.2082738876342773,30.483118057250977,5.070018768310547,20.38077735900879,15.476709365844727,6.662951469421387,4.3228583335876465,4.81105375289917,3.9287848472595215,13.283734321594238,5.04683780670166,12.879148483276367,11.191757202148438,15.820369720458984,14.89828872680664,2.698434352874756,1.5659306049346924,9.133216857910156,1.5873225927352905,8.155001640319824,13.191468238830566,3.467348575592041,6.404023170471191,45.58946990966797,9.958931922912598,5.423989295959473,1.0109286308288574,14.003522872924805,4.720948696136475,4.093989849090576,8.05692195892334,4.0191144943237305,13.425153732299805,5.339597702026367,20.98151397705078,4.861201286315918,2.643568277359009,6.628106594085693,9.467934608459473,25.4090576171875
1996-12-01,0.15609095990657806,5.497483730316162,4.581387519836426,9.366657257080078,11.042695045471191,294.3630676269531,14.570703506469727,3.242520570755005,9.072726249694824,17.559450149536133,10.010004043579102,16.220134735107422,11.214445114135742,33.12907409667969,11.430025100708008,6.241246223449707,10.527207374572754,9.180161476135254,75.42091369628906,9.07784366607666,11.323266983032227,6.19899320602417,11.349634170532227,6.604071140289307,16.228172302246094,4.532684326171875,1.3591855764389038,6.350499629974365,10.98918628692627,5.233570575714111,18.568557739257812,11.458887100219727,17.035213470458984,10.117886543273926,10.687633514404297,6.591822147369385,7.493834972381592,11.106745719909668,6.160881996154785,4.066197395324707,8.226061820983887,14.18855094909668,9.645624160766602,40.7899169921875,6.246843338012695,9.413610458374023,8.277094841003418,6.281477451324463,16.691240310668945,4.740084648132324,1.7896724939346313,11.175138473510742,18.00059700012207,9.254313468933105,13.834471702575684,10.968520164489746,11.960338592529297,12.980693817138672,0.9303637146949768,17.643951416015625,12.127237319946289,17.389041900634766,21.860572814941406,3.0220577716827393,0.7953698635101318,14.679888725280762,11.618714332580566,10.210246086120605,3.1572933197021484,15.573037147521973,1.5826843976974487,13.84024429321289,7.66107702255249,6.269223690032959,14.200433731079102,2.2022898197174072,28.566478729248047,5.353559970855713,20.288820266723633,15.132787704467773,6.259453296661377,3.6832516193389893,4.734575271606445,3.811027765274048,12.894233703613281,4.6737775802612305,12.745908737182617,10.675212860107422,15.0693998336792,13.651701927185059,2.762312650680542,1.4867022037506104,8.65345573425293,1.3122628927230835,7.985104084014893,12.685980796813965,3.525787591934204,6.491993427276611,44.504547119140625,9.5464506149292,5.476315498352051,1.0613350868225098,14.048165321350098,4.73347282409668,4.271989345550537,8.379066467285156,3.996199369430542,13.128613471984863,4.968392372131348,19.565269470214844,4.90604305267334,2.363469362258911,6.548174858093262,9.831599235534668,27.450868606567383
1997-01-01,0.12431227415800095,5.930686950683594,4.648581504821777,9.038961410522461,11.109835624694824,329.3739929199219,16.521862030029297,4.454940319061279,9.4064359664917,18.266056060791016,10.936198234558105,16.748092651367188,12.33092212677002,33.32351303100586,12.643183708190918,7.002373218536377,11.953088760375977,10.675090789794922,87.31290435791016,9.412939071655273,11.134936332702637,6.533328056335449,13.480913162231445,6.633249282836914,16.864303588867188,4.969033241271973,1.5602487325668335,6.6426496505737305,11.221657752990723,5.386502265930176,18.272417068481445,12.095491409301758,17.826908111572266,9.917532920837402,10.832059860229492,6.482322692871094,7.976269721984863,11.293049812316895,6.218502998352051,4.098067760467529,7.977138996124268,16.340747833251953,9.683916091918945,42.697914123535156,6.70350980758667,11.308043479919434,8.431513786315918,6.203155994415283,17.532018661499023,4.964114189147949,1.6074895858764648,10.82392406463623,18.639238357543945,11.47119426727295,13.96257209777832,11.208833694458008,13.883612632751465,13.519280433654785,1.1170915365219116,18.060741424560547,13.337078094482422,20.753684997558594,21.98002815246582,2.8142240047454834,1.141797423362732,14.878267288208008,11.650720596313477,10.299478530883789,3.3164145946502686,15.995193481445312,1.6649689674377441,15.752226829528809,8.817466735839844,7.73931360244751,16.94300651550293,2.1185081005096436,25.454490661621094,6.100828647613525,19.21615982055664,15.240267753601074,6.382187366485596,3.429614305496216,5.164989948272705,3.828511953353882,15.373897552490234,5.2087297439575195,13.748580932617188,11.880481719970703,16.074892044067383,13.01319408416748,2.7172768115997314,2.087907552719116,9.346443176269531,1.5701303482055664,7.928471088409424,14.114949226379395,3.4597318172454834,7.002201557159424,47.25430679321289,10.802068710327148,5.24958610534668,0.8905137181282043,14.976720809936523,5.819385528564453,4.627989292144775,8.361645698547363,4.811751365661621,12.832074165344238,5.43953800201416,21.34868621826172,5.233114719390869,2.467357873916626,6.583858966827393,10.39591121673584,30.580650329589844
1997-02-01,0.12150763720273972,6.149750709533691,4.4798197746276855,9.312037467956543,11.376500129699707,329.0341796875,16.012643814086914,4.56772518157959,10.198994636535645,18.013883590698242,9.226303100585938,17.393375396728516,13.025629997253418,31.734447479248047,14.031742095947266,7.002373218536377,11.953088760375977,10.990921020507812,89.3968276977539,9.488727569580078,12.241374969482422,6.989137172698975,13.580350875854492,6.219847202301025,18.312000274658203,3.9627597332000732,1.4920547008514404,7.103411674499512,10.991458892822266,5.560288429260254,19.190471649169922,12.060125350952148,18.16326332092285,9.975996971130371,10.345314979553223,6.635624885559082,8.077672004699707,11.40890884399414,6.373963356018066,4.193741321563721,9.433834075927734,16.420446395874023,9.221147537231445,42.440093994140625,6.456148147583008,10.097168922424316,9.125244140625,6.84539794921875,18.062589645385742,5.294269561767578,1.7581919431686401,11.706692695617676,17.12006187438965,10.030665397644043,14.301918029785156,11.586466789245605,13.86678695678711,14.633695602416992,1.092522144317627,19.63526725769043,14.057226181030273,20.89742660522461,21.143842697143555,3.100956678390503,1.0781676769256592,13.092878341674805,11.092144012451172,9.735636711120605,3.1656699180603027,17.36918830871582,1.8943181037902832,16.012964248657227,8.90636157989502,7.397873878479004,18.40571403503418,2.201260566711426,30.414363861083984,6.413116931915283,17.78255271911621,15.775785446166992,5.906590461730957,3.462698459625244,5.190308094024658,3.950885534286499,14.547344207763672,5.178807735443115,14.283658981323242,12.107538223266602,17.085887908935547,13.70583438873291,2.7473015785217285,2.0762569904327393,9.243353843688965,1.541479468345642,7.532050132751465,12.827449798583984,3.4399614334106445,7.353452205657959,47.70631790161133,11.873042106628418,5.884145736694336,0.9370233416557312,16.17486000061035,5.726573467254639,4.7466559410095215,8.39648723602295,5.121657848358154,14.068658828735352,5.717890739440918,21.3356876373291,5.740070819854736,2.7400660514831543,6.797966003417969,10.13515567779541,32.60197067260742
1997-03-01,0.13646233081817627,6.136082649230957,4.930501461029053,9.171765327453613,11.240250587463379,319.43939208984375,15.00198745727539,4.184260845184326,9.323006629943848,17.40985679626465,9.566608428955078,15.991019248962402,11.884337425231934,30.75979995727539,13.048530578613281,6.606728553771973,10.950358390808105,9.938153266906738,80.01952362060547,9.731249809265137,12.086715698242188,6.727469444274902,12.770637512207031,6.144684791564941,18.84535026550293,3.428454875946045,1.5041848421096802,7.084216117858887,11.864815711975098,5.0249834060668945,19.096229553222656,12.364381790161133,17.826908111572266,10.553947448730469,10.316089630126953,6.685488700866699,7.848751544952393,10.37173843383789,6.2740278244018555,4.002394676208496,8.428024291992188,16.61973762512207,9.272565841674805,41.151607513427734,6.146943092346191,10.626529693603516,8.765033721923828,6.7115325927734375,17.812583923339844,5.033693790435791,1.7498199939727783,12.829246520996094,16.3459415435791,9.836236000061035,13.399991989135742,11.284247398376465,12.751422882080078,13.720235824584961,0.9565709233283997,18.512081146240234,12.876456260681152,19.67168617248535,20.15958023071289,3.1752960681915283,0.9544435143470764,12.72591781616211,12.118005752563477,9.3597412109375,3.302830219268799,15.976827621459961,1.6124622821807861,14.711859703063965,8.094054222106934,6.956849098205566,19.685579299926758,2.1347382068634033,24.811725616455078,5.525064945220947,18.645492553710938,14.758687019348145,5.627099990844727,3.4020442962646484,5.03641939163208,3.742396593093872,14.322507858276367,4.754893779754639,13.644540786743164,11.83079719543457,16.17599868774414,13.216337203979492,2.4775595664978027,2.101888418197632,9.261198997497559,1.358106017112732,7.532050132751465,13.671982765197754,3.341111898422241,7.247142791748047,45.601356506347656,10.276081085205078,5.849120140075684,0.9594671130180359,15.652257919311523,5.571772575378418,4.5211896896362305,7.963842868804932,5.2269744873046875,14.095820426940918,5.3156256675720215,20.121044158935547,5.8714704513549805,2.9027645587921143,6.762279987335205,10.893403053283691,29.82016372680664
1997-04-01,0.1271160989999771,6.701013565063477,4.807621955871582,9.910981178283691,11.035886764526367,349.7162780761719,16.51797866821289,4.951188564300537,9.82357120513916,19.01450538635254,9.709385871887207,16.903940200805664,13.098953247070312,30.75979995727539,14.194683074951172,7.33442497253418,11.193702697753906,11.101208686828613,92.52255249023438,10.843544006347656,11.331289291381836,7.533527851104736,14.543730735778809,5.970911502838135,20.859254837036133,3.686702251434326,1.508229374885559,7.626113414764404,11.67310619354248,4.748692989349365,20.231847763061523,13.074973106384277,20.033740997314453,10.654463768005371,10.257640838623047,7.169308662414551,7.260096073150635,11.69701862335205,6.651578426361084,4.4861931800842285,8.14694881439209,17.217571258544922,9.83236312866211,46.02348327636719,6.188565731048584,11.077479362487793,8.0313720703125,7.276051044464111,18.062589645385742,4.962794780731201,1.6507256031036377,13.919731140136719,19.114925384521484,10.829748153686523,14.5166597366333,12.574374198913574,14.740992546081543,13.552339553833008,1.1662304401397705,19.07024383544922,14.695326805114746,21.017017364501953,21.47956085205078,3.2332332134246826,0.8201150894165039,14.780630111694336,13.720915794372559,10.428289413452148,3.184875011444092,16.425214767456055,1.6689772605895996,15.781417846679688,8.877350807189941,9.218892097473145,17.18679428100586,2.1589269638061523,22.17047691345215,5.022786617279053,20.587093353271484,15.663081169128418,6.134463787078857,3.5068070888519287,4.4995436668396,3.4394397735595703,15.428491592407227,5.426089286804199,15.007918357849121,13.768006324768066,16.78172492980957,13.308117866516113,2.401092529296875,1.7430293560028076,9.493176460266113,1.369566559791565,7.928471088409424,14.118163108825684,3.2224934101104736,7.211705207824707,48.456199645996094,11.66474437713623,6.304440021514893,1.060463547706604,16.164953231811523,6.641475677490234,4.61903190612793,8.94616985321045,5.571069717407227,14.204453468322754,5.7322516441345215,19.75136375427246,5.789231777191162,2.9287989139556885,6.590635776519775,11.449441909790039,32.245121002197266
1997-05-01,0.12431227415800095,6.920718669891357,5.48345422744751,10.759709358215332,11.229421615600586,368.4265441894531,18.666683197021484,5.887287616729736,11.158409118652344,20.90880584716797,9.780779838562012,18.31751823425293,13.84604263305664,32.95695114135742,13.842016220092773,8.081276893615723,11.984560012817383,12.43590259552002,91.93749237060547,11.894388198852539,12.039498329162598,8.415825843811035,14.415266036987305,6.444788932800293,18.768238067626953,4.82655143737793,1.7231906652450562,7.318764686584473,12.027135848999023,4.872708320617676,19.9329833984375,14.531699180603027,20.06437110900879,11.568771362304688,10.674212455749512,7.367228984832764,7.757895469665527,12.509364128112793,7.126526355743408,4.841214656829834,8.14694881439209,16.699447631835938,10.33260440826416,50.066104888916016,6.313337326049805,12.136205673217773,9.316384315490723,7.9189772605896,19.252819061279297,4.868265628814697,1.7012592554092407,14.452098846435547,20.653547286987305,10.714816093444824,16.536848068237305,13.692471504211426,14.52143383026123,13.901708602905273,1.246490716934204,18.69814682006836,15.821290969848633,22.329195022583008,22.565950393676758,3.350224733352661,1.0286784172058105,15.841123580932617,12.908363342285156,11.143587112426758,3.5218985080718994,17.446369171142578,1.8650163412094116,15.694110870361328,9.665361404418945,9.40857982635498,20.599773406982422,2.2670581340789795,25.051855087280273,5.134406089782715,20.9639892578125,16.926576614379883,7.256808757781982,4.113333225250244,4.755201816558838,3.5285441875457764,16.257978439331055,5.84175443649292,16.455015182495117,14.62042236328125,17.087770462036133,14.309130668640137,2.446972608566284,1.7989568710327148,9.247175216674805,1.4440618753433228,8.777953147888184,15.233695030212402,3.3952698707580566,7.8124895095825195,51.51897430419922,13.220040321350098,6.764974117279053,1.0794771909713745,17.280807495117188,6.678686618804932,5.367099761962891,9.507499694824219,5.407215118408203,15.962743759155273,6.184309482574463,21.219629287719727,5.840494155883789,3.1110360622406006,7.097607612609863,12.065505027770996,35.52204513549805
1997-06-01,0.10655295848846436,7.332663059234619,4.308427810668945,10.31881046295166,11.592207908630371,406.8592529296875,18.50823402404785,6.3891754150390625,9.698431968688965,22.195505142211914,9.300762176513672,19.210100173950195,14.842150688171387,33.19153594970703,15.263330459594727,8.05691909790039,12.3515043258667,13.728217124938965,105.41466522216797,13.082310676574707,13.994489669799805,8.856986045837402,15.093215942382812,6.634345054626465,20.400259017944336,4.7820258140563965,1.8044719696044922,7.875832557678223,12.703669548034668,5.154160976409912,20.97464942932129,15.655386924743652,19.6661434173584,12.42570972442627,11.339506149291992,8.431588172912598,7.841134071350098,12.755491256713867,7.802323341369629,4.905764579772949,8.70639419555664,18.453086853027344,10.349855422973633,53.901336669921875,6.500490665435791,12.47059154510498,9.11560344696045,8.665934562683105,21.071491241455078,5.307601451873779,1.8107460737228394,14.242888450622559,21.548927307128906,10.02967357635498,16.774316787719727,13.77718448638916,15.580288887023926,14.278678894042969,1.2776124477386475,18.601591110229492,15.738036155700684,26.24579620361328,24.961118698120117,3.158782720565796,1.0481210947036743,18.004119873046875,12.410651206970215,12.19770336151123,3.424182653427124,19.416505813598633,1.8931727409362793,17.95044708251953,10.02925968170166,9.588783264160156,19.502742767333984,2.251779794692993,25.04962730407715,5.2169413566589355,21.753620147705078,17.558332443237305,6.96149206161499,4.444162845611572,5.181019306182861,3.6440980434417725,16.67281150817871,6.7775678634643555,16.857810974121094,16.860366821289062,17.036771774291992,14.309130668640137,2.4924118518829346,1.896826148033142,8.494495391845703,1.7850210666656494,9.853960037231445,15.984984397888184,3.515812635421753,8.392179489135742,53.6364860534668,13.732343673706055,7.476614952087402,1.1863000392913818,18.508384704589844,6.2675957679748535,4.939632415771484,9.859278678894043,5.563880443572998,17.1654109954834,6.502195358276367,23.213960647583008,5.79085636138916,3.528254270553589,7.495939254760742,12.472771644592285,41.554595947265625
1997-07-01,0.1308545470237732,7.218012809753418,4.6053032875061035,10.867684364318848,12.369634628295898,435.1180419921875,20.029451370239258,8.289572715759277,9.813140869140625,24.018321990966797,10.087749481201172,20.85034942626953,16.73551368713379,36.710079193115234,16.829551696777344,8.894376754760742,13.083447456359863,13.335285186767578,120.50200653076172,13.706254005432129,15.533652305603027,10.320828437805176,16.040882110595703,7.036750316619873,21.249393463134766,5.668082237243652,2.0076799392700195,8.725781440734863,13.573479652404785,5.171753406524658,22.936302185058594,16.22595977783203,19.837535858154297,14.391643524169922,11.990012168884277,8.243978500366211,8.423810958862305,13.667643547058105,8.109889030456543,5.331038951873779,8.248495101928711,20.585359573364258,12.277467727661133,58.379539489746094,6.954405307769775,14.476897239685059,9.88427448272705,9.384167671203613,23.141006469726562,6.6345014572143555,1.9142260551452637,14.226787567138672,25.249845504760742,12.991284370422363,19.386539459228516,14.31171989440918,15.035733222961426,16.813358306884766,1.5871870517730713,18.95212745666504,15.998419761657715,27.131175994873047,25.639013290405273,3.2064828872680664,1.495295763015747,18.469165802001953,13.807456016540527,13.156752586364746,3.525888681411743,17.992311477661133,1.9306086301803589,18.224557876586914,12.250240325927734,10.726917266845703,23.647077560424805,2.3403851985931396,26.57644271850586,5.596759796142578,28.519697189331055,19.405460357666016,7.6468586921691895,4.8025617599487305,5.181019306182861,3.607656478881836,16.977977752685547,6.783056735992432,18.21600341796875,17.884836196899414,18.827465057373047,15.755430221557617,2.5549187660217285,1.7243876457214355,9.408463478088379,1.8767077922821045,10.92996597290039,19.533653259277344,3.5784213542938232,9.676422119140625,57.88795471191406,16.645841598510742,9.084396362304688,1.3437243700027466,19.039371490478516,8.57425594329834,5.414597511291504,10.124076843261719,6.197638034820557,18.778093338012695,7.289682388305664,21.27281379699707,6.055580139160156,3.9130361080169678,7.542189121246338,13.083680152893066,43.33269119262695
1997-08-01,0.1626332402229309,6.61134147644043,4.851739883422852,10.003209114074707,12.241697311401367,385.5799255371094,18.58329200744629,8.515141487121582,8.26973819732666,21.948930740356445,11.357662200927734,19.28399085998535,15.536556243896484,34.17511749267578,14.125595092773438,8.191679954528809,11.69581127166748,12.941516876220703,106.36840057373047,14.211054801940918,15.746758460998535,8.53256893157959,15.072839736938477,7.265896797180176,18.99643898010254,5.369761943817139,1.8677003383636475,8.668124198913574,13.40577220916748,5.155325889587402,21.366992950439453,15.976329803466797,18.85563850402832,13.962966918945312,11.585379600524902,7.957034587860107,8.297117233276367,12.727560997009277,8.087438583374023,5.608190059661865,7.89599084854126,21.183198928833008,11.080933570861816,52.083702087402344,6.463953495025635,15.06668472290039,8.656289100646973,8.889650344848633,20.774391174316406,5.828887462615967,2.0158684253692627,13.797699928283691,24.25018882751465,13.035489082336426,18.304441452026367,13.346109390258789,13.77108097076416,16.46173667907715,1.8574509620666504,17.736953735351562,13.264504432678223,25.20514678955078,25.08614730834961,2.9454917907714844,1.5978089570999146,17.771589279174805,12.174354553222656,13.6279878616333,3.2038135528564453,17.164478302001953,1.8691061735153198,16.10824203491211,11.24277400970459,10.02981185913086,21.69679832458496,2.2871439456939697,27.26097297668457,4.77009391784668,29.097898483276367,17.171419143676758,6.984593868255615,5.045173645019531,4.845089912414551,3.616769313812256,15.979275703430176,6.306678771972656,15.940874099731445,17.931259155273438,17.79863929748535,15.585803985595703,2.7424323558807373,1.7243876457214355,8.641643524169922,1.8795729875564575,11.949342727661133,19.485713958740234,3.435692310333252,8.800483703613281,54.889156341552734,14.808670043945312,8.033832550048828,1.2390093803405762,17.810531616210938,8.471739768981934,4.61903190612793,9.170804977416992,5.950716495513916,19.31853675842285,6.671712875366211,24.499004364013672,6.215229034423828,3.704341411590576,7.0650634765625,12.542989730834961,39.776512145996094
1997-09-01,0.16216595470905304,7.052560806274414,6.213374614715576,11.003994941711426,12.749580383300781,421.9068298339844,20.379634857177734,8.59408950805664,7.998598098754883,22.72992515563965,12.290590286254883,19.67999839782715,16.36083984375,34.13593292236328,14.710602760314941,8.089198112487793,11.726425170898438,14.09091854095459,114.42979431152344,13.201445579528809,17.848411560058594,9.494824409484863,17.037616729736328,7.886507987976074,20.07171058654785,5.205018520355225,1.910566806793213,8.745000839233398,14.379546165466309,5.423832893371582,22.106613159179688,15.390901565551758,19.791507720947266,13.722869873046875,11.824563980102539,8.604549407958984,9.2114896774292,13.411210060119629,8.295097351074219,5.885337829589844,8.1251220703125,25.507509231567383,12.156076431274414,56.88362121582031,6.935545444488525,16.407699584960938,9.058902740478516,9.829602241516113,21.38770294189453,6.606449127197266,2.172562837600708,14.605544090270996,25.35655975341797,13.062026023864746,19.08519744873047,13.742570877075195,14.014008522033691,17.470355987548828,1.7706387042999268,18.390243530273438,14.15233039855957,29.150026321411133,25.79684066772461,3.313011884689331,1.315011739730835,17.641756057739258,12.254769325256348,14.212311744689941,3.282939910888672,17.653858184814453,1.7946232557296753,17.61659049987793,12.629871368408203,10.039294242858887,16.912538528442383,2.5340683460235596,28.952219009399414,4.741086006164551,30.169845581054688,18.091312408447266,6.503306865692139,4.821861267089844,5.416894435882568,3.834625244140625,18.063064575195312,6.83994197845459,16.53959846496582,18.819982528686523,20.087764739990234,15.50849437713623,2.785949230194092,2.3745293617248535,9.064723014831543,1.9168190956115723,12.572296142578125,21.58367156982422,3.6803712844848633,9.715516090393066,57.52884292602539,18.126598358154297,8.491908073425293,1.376990556716919,19.915088653564453,10.003704071044922,4.7496442794799805,8.904520988464355,6.075865745544434,19.126163482666016,7.1145548820495605,28.377117156982422,6.231873512268066,3.8285391330718994,7.407421112060547,13.132347106933594,44.53791809082031
1997-10-01,0.1273498237133026,6.7912492752075195,5.889601230621338,11.251583099365234,13.239949226379395,417.3070068359375,21.094972610473633,6.022627353668213,8.2175931930542,23.35485076904297,12.039758682250977,18.033811569213867,15.629460334777832,30.099184036254883,14.220248222351074,7.179643154144287,11.28248119354248,15.032665252685547,117.50654602050781,12.596150398254395,17.64666175842285,8.854890823364258,16.16445541381836,7.442946910858154,21.199657440185547,5.843954563140869,1.7962595224380493,9.44568920135498,14.357902526855469,5.325379371643066,22.09138298034668,15.122457504272461,20.25202178955078,13.647059440612793,11.60033130645752,8.427360534667969,9.279223442077637,12.203909873962402,8.71582317352295,5.751535415649414,6.804323673248291,21.282838821411133,11.341872215270996,54.01076889038086,6.690265655517578,18.813640594482422,9.366249084472656,10.513195037841797,18.116657257080078,5.852618217468262,2.0469970703125,14.282408714294434,23.562450408935547,10.899184226989746,15.615153312683105,13.604280471801758,13.938093185424805,17.180049896240234,1.1514891386032104,19.517610549926758,13.137298583984375,32.31196975708008,22.999420166015625,3.5519964694976807,1.0216087102890015,20.7040958404541,11.531059265136719,13.13336181640625,3.432757616043091,17.47481346130371,1.7109639644622803,15.732651710510254,11.475189208984375,9.863832473754883,13.103404998779297,2.55258846282959,22.549701690673828,4.215542793273926,27.155960083007812,16.886693954467773,6.4493021965026855,4.735020160675049,5.808478355407715,3.86254620552063,17.84163475036621,8.077096939086914,16.341556549072266,17.61758804321289,19.696809768676758,14.00866985321045,2.754110813140869,2.101888418197632,8.0484037399292,1.5128268003463745,12.3457670211792,22.432910919189453,3.794583559036255,9.383588790893555,56.11915588378906,16.58350944519043,8.879499435424805,1.3347513675689697,19.518314361572266,7.964701175689697,4.399361610412598,8.709014892578125,6.4891886711120605,19.524629592895508,7.44850492477417,25.943256378173828,6.78101110458374,3.6586716175079346,7.500478744506836,12.594247817993164,41.95891189575195
1997-11-01,0.13272392749786377,7.213533878326416,5.18038272857666,12.379496574401855,14.064664840698242,412.1961669921875,21.90330696105957,5.954959869384766,8.530447959899902,22.894794464111328,10.534786224365234,18.19695472717285,15.804801940917969,33.414058685302734,14.279684066772461,7.8376145362854,12.629636764526367,16.016300201416016,128.1030731201172,11.782014846801758,18.84526252746582,9.136946678161621,17.965303421020508,7.4525604248046875,23.024110794067383,6.144503593444824,1.717966079711914,10.24487018585205,13.978707313537598,5.660653591156006,24.07198715209961,15.695148468017578,23.340534210205078,13.597125053405762,12.578300476074219,9.036433219909668,10.430374145507812,12.873942375183105,8.518503189086914,5.6610260009765625,5.951560974121094,21.38246726989746,12.125874519348145,61.741458892822266,7.501204013824463,17.05835723876953,9.386433601379395,10.572129249572754,18.75098419189453,5.8051300048828125,2.0767858028411865,15.926152229309082,26.244892120361328,10.987655639648438,16.570104598999023,15.160041809082031,15.34570598602295,16.184778213500977,1.015537977218628,19.56458854675293,14.532062530517578,30.448081970214844,23.72086524963379,3.919999361038208,0.8660690188407898,21.33653450012207,12.500625610351562,14.41650676727295,3.638720750808716,18.714139938354492,1.8782826662063599,16.7159366607666,12.719307899475098,10.736404418945312,12.12826919555664,2.7866287231445312,19.32831573486328,4.355312347412109,28.099185943603516,16.82697868347168,6.171586036682129,4.408324241638184,6.18700647354126,4.346527576446533,17.84163475036621,8.295806884765625,18.309141159057617,18.671344757080078,22.314409255981445,14.420245170593262,2.992907762527466,2.5259950160980225,8.052722930908203,1.5987831354141235,11.213123321533203,21.102975845336914,3.970355272293091,9.873008728027344,58.29081726074219,17.69899559020996,9.389317512512207,1.5568948984146118,19.53357696533203,7.409454822540283,4.945569038391113,8.513503074645996,7.1422438621521,22.461450576782227,8.740970611572266,23.60066032409668,7.1138200759887695,4.187870502471924,8.17049789428711,12.588820457458496,41.099220275878906
1997-12-01,0.0981413871049881,7.255073547363281,5.090263366699219,13.538897514343262,14.649955749511719,444.9654846191406,23.08294677734375,5.436156749725342,9.031012535095215,25.384546279907227,10.072576522827148,19.59084129333496,17.930217742919922,30.780221939086914,14.547603607177734,7.851295471191406,12.281051635742188,16.255537033081055,135.65707397460938,11.920262336730957,18.369396209716797,10.051495552062988,18.296655654907227,7.481412410736084,23.982799530029297,5.957497596740723,1.7733848094940186,9.869354248046875,13.423049926757812,6.197596073150635,24.961708068847656,16.74620246887207,24.339311599731445,14.648904800415039,13.394676208496094,9.857377052307129,11.272359848022461,13.210421562194824,8.050576210021973,6.393334865570068,4.476997375488281,19.46940803527832,12.09102725982666,61.58452224731445,7.260458469390869,16.40605926513672,10.17368221282959,11.1119966506958,19.603300094604492,5.937405586242676,2.229992389678955,16.072128295898438,25.07645034790039,9.943734169006348,15.043906211853027,16.66489028930664,16.06195068359375,16.296401977539062,1.012262225151062,18.617286682128906,15.505718231201172,33.64996337890625,23.93346405029297,4.069331169128418,0.8271848559379578,19.87295150756836,12.307318687438965,15.850611686706543,3.8666844367980957,15.76116943359375,1.9713691473007202,18.77408218383789,13.846339225769043,9.806926727294922,12.646309852600098,2.9485347270965576,18.944351196289062,3.4991462230682373,28.691741943359375,16.13274383544922,5.97621488571167,2.952666759490967,6.172760009765625,4.825773239135742,17.600664138793945,8.502487182617188,19.180286407470703,19.24826431274414,23.610231399536133,14.218026161193848,3.1044392585754395,1.8828455209732056,8.630868911743164,1.759233832359314,10.703431129455566,20.691619873046875,4.280538082122803,10.675472259521484,59.40249252319336,17.345298767089844,9.53947639465332,1.5512537956237793,20.153764724731445,6.7316694259643555,4.719961166381836,8.965410232543945,7.615471363067627,22.558094024658203,9.047415733337402,23.681398391723633,7.631168365478516,4.129429340362549,8.778349876403809,12.627521514892578,39.2394905090332
1998-01-01,0.13692963123321533,7.87407112121582,4.750913143157959,13.194217681884766,13.99372386932373,451.35870361328125,22.572830200195312,5.921124458312988,8.342733383178711,24.16672706604004,9.515981674194336,19.099594116210938,16.812715530395508,29.954723358154297,14.32334041595459,8.668533325195312,15.504819869995117,17.12522315979004,124.79816436767578,11.861313819885254,17.715036392211914,10.057138442993164,17.737014770507812,6.821932792663574,22.074495315551758,6.738917827606201,1.740544080734253,10.116987228393555,13.030817985534668,5.815365314483643,22.13352394104004,15.165016174316406,26.310665130615234,13.812551498413086,13.107423782348633,9.735132217407227,11.3582763671875,14.161333084106445,8.095674514770508,6.771258354187012,4.18936014175415,20.74477195739746,12.130813598632812,65.04666137695312,7.6014604568481445,14.211995124816895,11.169737815856934,11.418702125549316,19.666439056396484,5.723228931427002,2.2752392292022705,16.526220321655273,23.668319702148438,11.469720840454102,15.937827110290527,15.41761589050293,16.32101058959961,16.043079376220703,0.9827784895896912,19.70270538330078,15.055211067199707,32.68336868286133,25.285043716430664,4.319930076599121,0.6451336741447449,21.60683250427246,12.14622974395752,15.433562278747559,4.030673503875732,16.037261962890625,1.8079954385757446,20.78874969482422,13.71921443939209,11.319694519042969,16.851587295532227,2.858241558074951,18.38005828857422,3.5887253284454346,30.594139099121094,16.694744110107422,5.891170978546143,3.076727867126465,5.369907379150391,4.702519416809082,17.53997230529785,9.322087287902832,18.893808364868164,18.330432891845703,21.54238510131836,14.280241966247559,2.845060110092163,1.9341111183166504,9.229660987854004,1.6761424541473389,11.609548568725586,18.940542221069336,4.076131343841553,10.071371078491211,60.16753387451172,16.693218231201172,10.166607856750488,1.5286905765533447,21.3740291595459,8.171501159667969,4.868390083312988,8.589616775512695,7.308531284332275,21.75737190246582,8.507489204406738,24.892375946044922,7.631168365478516,4.168696403503418,8.081353187561035,12.240570068359375,42.6920280456543
1998-02-01,0.17665421962738037,8.318855285644531,5.452752113342285,13.469954490661621,13.788393020629883,491.7635803222656,23.853899002075195,6.642938137054443,8.864155769348145,26.019678115844727,9.767348289489746,19.99278450012207,18.093454360961914,34.22016143798828,16.386625289916992,8.81446647644043,15.62763500213623,17.211118698120117,140.39346313476562,13.482980728149414,18.82147789001465,11.146950721740723,20.312219619750977,7.597156524658203,23.957002639770508,7.03946590423584,1.8465436697006226,11.428633689880371,14.210503578186035,5.899211406707764,22.502426147460938,16.135290145874023,27.556968688964844,15.70305347442627,13.573789596557617,10.24634075164795,11.828885078430176,15.006415367126465,8.70632553100586,7.509792804718018,4.296323776245117,20.30636215209961,12.21833324432373,65.25650024414062,7.346163272857666,14.725916862487793,11.736310005187988,12.055691719055176,21.57416343688965,6.3776535987854,2.5403995513916016,17.36363410949707,25.081884384155273,12.6998872756958,16.349151611328125,16.612916946411133,18.436914443969727,18.568819046020508,1.209636926651001,21.02408790588379,15.956204414367676,31.907875061035156,28.35265350341797,4.992747783660889,0.7989049553871155,22.573802947998047,14.085465431213379,16.056955337524414,3.9616267681121826,16.488285064697266,1.895128846168518,22.59309959411621,16.4072322845459,12.860920906066895,16.181177139282227,2.9173450469970703,18.72239875793457,3.9302399158477783,34.67957305908203,18.326311111450195,6.370506763458252,3.25868558883667,5.38306999206543,4.892138957977295,17.722049713134766,10.115086555480957,20.460752487182617,19.628652572631836,23.187429428100586,16.222082138061523,2.901798963546753,1.9014875888824463,10.036739349365234,1.8136725425720215,12.062606811523438,19.487483978271484,4.139002799987793,10.966450691223145,64.33674621582031,18.425884246826172,10.952498435974121,1.7567052841186523,21.76544189453125,8.67638111114502,5.764886379241943,7.319069862365723,7.814567565917969,22.342723846435547,9.614019393920898,28.91676139831543,8.785884857177734,4.849297046661377,8.279153823852539,13.244022369384766,47.20690155029297
1998-03-01,0.20562894642353058,8.374455451965332,5.576152324676514,15.045143127441406,14.434727668762207,515.60791015625,23.51817512512207,6.372257709503174,10.157279968261719,28.167570114135742,10.577197074890137,19.812206268310547,18.44502067565918,32.8797492980957,17.54487419128418,8.625442504882812,16.756404876708984,17.919734954833984,151.43563842773438,13.606532096862793,21.564300537109375,11.910679817199707,19.892656326293945,7.742510795593262,24.45233726501465,7.306617259979248,1.9641449451446533,11.650447845458984,14.111664772033691,6.185849189758301,24.136837005615234,17.86871337890625,26.279888153076172,15.448966026306152,14.550981521606445,10.347582817077637,13.0117769241333,15.329764366149902,8.627025604248047,8.605140686035156,5.686836242675781,22.67777442932129,12.078302383422852,72.62371063232422,7.761017799377441,15.89527702331543,11.432788848876953,12.773346900939941,21.289037704467773,6.046069145202637,2.655872106552124,18.649240493774414,24.94679069519043,11.053768157958984,16.43680191040039,17.980409622192383,17.962987899780273,20.187152862548828,1.0024340152740479,19.0076847076416,18.042495727539062,28.907995223999023,27.431415557861328,5.996638298034668,0.7953698635101318,21.155223846435547,15.489179611206055,15.679144859313965,4.476419448852539,17.587499618530273,1.832614541053772,22.78464126586914,17.126976013183594,13.581737518310547,14.169961929321289,3.228236198425293,19.731143951416016,3.969184637069702,26.976505279541016,19.889549255371094,6.748380184173584,4.176741600036621,6.205538272857666,5.823402404785156,20.791072845458984,11.393754959106445,20.340227127075195,21.628353118896484,25.04136848449707,17.004249572753906,3.097792625427246,1.994696855545044,9.518319129943848,2.077270984649658,11.83607292175293,19.51970100402832,4.641971588134766,11.029901504516602,67.47533416748047,20.32512855529785,12.466538429260254,2.0589022636413574,22.009841918945312,8.096705436706543,6.153595447540283,8.0936861038208,7.877851486206055,24.313329696655273,9.745914459228516,29.728271484375,8.60679817199707,5.328566551208496,8.891376495361328,14.04904842376709,56.76388931274414
1998-04-01,0.20469433069229126,8.163278579711914,6.180190563201904,14.796462059020996,13.716580390930176,538.6373291015625,24.621318817138672,6.518875598907471,9.948710441589355,28.05881690979004,10.181451797485352,20.783374786376953,20.573535919189453,31.5787353515625,18.281543731689453,8.674336433410645,17.141084671020508,18.25641441345215,154.75161743164062,14.132264137268066,21.671586990356445,12.351941108703613,19.502796173095703,7.739403247833252,22.195858001708984,7.827561855316162,1.7330684661865234,11.397409439086914,14.528970718383789,5.8529791831970215,23.997230529785156,16.85898208618164,30.70977210998535,16.058801651000977,14.138726234436035,11.306519508361816,12.594285011291504,14.97702407836914,8.41257381439209,9.24569034576416,5.396939277648926,21.68138313293457,12.014671325683594,71.78107452392578,6.948538303375244,17.361921310424805,11.944252967834473,13.162919998168945,22.207780838012695,7.190886497497559,2.337541341781616,19.072336196899414,27.828752517700195,11.44749927520752,18.299650192260742,19.577133178710938,17.48907470703125,20.849443435668945,1.0564868450164795,19.244688034057617,17.67843246459961,33.72597885131836,27.15711784362793,5.980130195617676,0.8766742944717407,20.486820220947266,15.973217010498047,16.035171508789062,4.754029750823975,18.239788055419922,1.632042407989502,21.418235778808594,18.582229614257812,13.676583290100098,15.145100593566895,3.118323564529419,20.78023910522461,4.283132076263428,26.537107467651367,17.90349006652832,7.430192470550537,3.424099922180176,6.258691310882568,5.177428722381592,19.32991600036621,13.008167266845703,19.872943878173828,18.734058380126953,25.414453506469727,17.692543029785156,3.0482280254364014,2.0972275733947754,9.25910472869873,2.2062056064605713,11.099857330322266,21.387922286987305,4.499762058258057,11.229286193847656,68.3384780883789,21.35165786743164,12.369141578674316,1.9995930194854736,20.929414749145508,9.606131553649902,6.676296234130859,7.869113922119141,8.419144630432129,25.548439025878906,9.350218772888184,31.161928176879883,8.556364059448242,5.302347660064697,8.597655296325684,15.178695678710938,60.530364990234375
1998-05-01,0.19908584654331207,8.281888961791992,4.930262565612793,14.064239501953125,13.201763153076172,506.9075622558594,24.146360397338867,5.774505615234375,10.094709396362305,27.99001121520996,9.83967113494873,20.79831886291504,20.661624908447266,30.205480575561523,18.161272048950195,8.948164939880371,17.41804313659668,18.536632537841797,154.9096221923828,13.635847091674805,20.384174346923828,11.981810569763184,19.430198669433594,7.788202285766602,23.57465934753418,8.0813570022583,1.585208535194397,10.846853256225586,14.136235237121582,5.97135066986084,24.043764114379883,14.965728759765625,27.9207763671875,15.283648490905762,14.214665412902832,11.016611099243164,12.05827808380127,14.352448463439941,8.17920970916748,10.46920108795166,4.789335250854492,20.44586753845215,12.507216453552246,70.2537841796875,7.019248008728027,15.062853813171387,12.410666465759277,14.839277267456055,21.74483299255371,5.944708347320557,2.3117592334747314,18.055606842041016,28.271800994873047,10.119485855102539,16.207439422607422,18.327531814575195,16.951574325561523,20.454456329345703,0.8845005631446838,18.794382095336914,18.260915756225586,29.84612274169922,27.46934700012207,6.771068572998047,0.6734132170677185,20.252872467041016,16.964515686035156,16.829355239868164,4.64992618560791,18.00371742248535,1.6430336236953735,20.796127319335938,18.390817642211914,12.870403289794922,11.488335609436035,3.113081932067871,16.09964370727539,4.126157760620117,27.015426635742188,16.832630157470703,6.384232997894287,3.1263532638549805,5.873334884643555,5.109940052032471,19.87784767150879,11.999919891357422,20.280975341796875,17.346038818359375,24.284337997436523,18.33385467529297,2.9243149757385254,1.9434324502944946,9.165311813354492,2.2004752159118652,10.760069847106934,20.164506912231445,4.510375499725342,11.39571475982666,66.91914367675781,20.586437225341797,13.166726112365723,2.115290880203247,21.9172306060791,7.705503940582275,6.082317352294922,6.952844619750977,8.127681732177734,25.315704345703125,9.154029846191406,29.712919235229492,8.724469184875488,5.780806541442871,8.673909187316895,14.728850364685059,54.863983154296875
1998-06-01,0.2145077884197235,9.154036521911621,5.238888740539551,16.1403751373291,13.201763153076172,598.110107421875,23.488981246948242,5.323371887207031,10.908127784729004,30.693431854248047,9.086244583129883,19.207828521728516,22.947662353515625,28.189151763916016,18.540464401245117,8.464705467224121,19.14948272705078,19.884586334228516,153.32891845703125,13.131678581237793,22.366920471191406,12.11953353881836,22.218379974365234,7.524692058563232,22.979873657226562,9.837883949279785,1.510512351989746,12.034886360168457,14.822031021118164,6.1312127113342285,24.21640396118164,15.31085205078125,25.902225494384766,13.959065437316895,14.615511894226074,11.096497535705566,12.973649978637695,14.263846397399902,7.080681800842285,11.907135963439941,4.342568874359131,20.007455825805664,13.087717056274414,76.57351684570312,7.019248008728027,14.12887191772461,12.755407333374023,15.700966835021973,22.571393966674805,5.728440761566162,2.3762142658233643,18.022953033447266,27.62516212463379,10.500185012817383,15.150439262390137,18.55209732055664,18.163480758666992,22.72092056274414,0.7256180047988892,17.483362197875977,19.957853317260742,32.21677780151367,25.90928840637207,6.936737060546875,0.5408514738082886,22.67107391357422,17.836971282958984,19.30724334716797,4.980423927307129,15.97496509552002,1.7491875886917114,23.866647720336914,21.527130126953125,16.446044921875,12.097796440124512,3.1922545433044434,15.2698335647583,4.373162746429443,25.991525650024414,15.962547302246094,5.717752933502197,3.2504138946533203,5.794103145599365,5.397982120513916,20.12278175354004,12.443562507629395,22.018930435180664,16.10514259338379,22.654869079589844,17.500499725341797,3.150144338607788,2.0948989391326904,7.998816967010498,2.4497478008270264,11.213123321533203,17.645965576171875,4.701404094696045,11.878506660461426,69.76811981201172,20.793153762817383,13.770059585571289,2.1831612586975098,20.902332305908203,8.735395431518555,6.052620887756348,6.3512420654296875,8.542123794555664,23.796192169189453,8.830254554748535,29.9032039642334,9.120655059814453,6.379354953765869,8.73110294342041,14.911639213562012,54.38906478881836
1998-07-01,0.25890541076660156,9.325457572937012,3.9906537532806396,14.991454124450684,12.49257755279541,617.8250122070312,21.77341079711914,6.0451860427856445,12.253393173217773,29.710363388061523,7.643980026245117,16.80685043334961,22.26679801940918,24.551841735839844,19.280885696411133,9.398675918579102,20.382936477661133,19.71158218383789,170.40599060058594,12.107868194580078,21.04067611694336,12.741738319396973,23.963499069213867,6.9617109298706055,23.45073890686035,10.231932640075684,1.342448353767395,12.688936233520508,14.622933387756348,6.1312127113342285,22.729293823242188,11.643847465515137,25.50592041015625,11.844823837280273,14.091317176818848,11.230728149414062,11.917455673217773,14.0423583984375,5.983160495758057,11.58554744720459,4.249392986297607,19.34984016418457,13.451098442077637,75.61164093017578,6.419473648071289,11.525666236877441,11.767255783081055,15.830912590026855,22.12632179260254,5.309868335723877,2.2408199310302734,16.488384246826172,31.88096809387207,11.961006164550781,15.722981452941895,15.596291542053223,18.96120834350586,22.86757469177246,0.7829467058181763,17.126070022583008,18.790721893310547,32.70308303833008,24.395109176635742,6.623035907745361,0.5072696208953857,20.594846725463867,17.271488189697266,18.758312225341797,4.522903919219971,14.602198600769043,1.946319341659546,22.048768997192383,20.554927825927734,16.683155059814453,16.24213218688965,3.0814127922058105,12.217061042785645,3.997039794921875,20.4151611328125,15.996004104614258,5.407005310058594,3.5068070888519287,4.7747673988342285,5.123675346374512,19.023513793945312,12.572366714477539,19.255075454711914,14.49463176727295,22.833044052124023,15.943853378295898,3.219568967819214,2.324427366256714,6.780249118804932,1.9196854829788208,10.760069847106934,15.644050598144531,4.386340141296387,11.942276000976562,68.82527160644531,20.77446174621582,13.574865341186523,2.1266019344329834,17.982837677001953,8.907403945922852,5.3695454597473145,6.062548637390137,9.311084747314453,25.6502628326416,8.462324142456055,26.314823150634766,8.681516647338867,6.628755569458008,8.125631332397461,14.676612854003906,56.49637222290039
1998-08-01,0.23320181667804718,8.625349044799805,3.2419238090515137,14.11937141418457,13.347930908203125,475.0826721191406,19.303874969482422,4.432384014129639,10.157279968261719,27.420223236083984,6.598339080810547,14.675976753234863,15.735549926757812,19.64267349243164,13.90157699584961,8.356561660766602,16.435871124267578,16.93270492553711,112.442626953125,10.485167503356934,16.631803512573242,9.962034225463867,22.491287231445312,6.420900344848633,21.87650489807129,8.749239921569824,1.2540626525878906,11.257550239562988,13.206936836242676,6.369505405426025,19.535917282104492,9.561355590820312,20.321407318115234,11.144250869750977,15.532564163208008,9.95552921295166,13.484540939331055,13.530677795410156,5.36994743347168,9.070259094238281,3.3349661827087402,15.962124824523926,13.451098442077637,67.63307189941406,6.782227039337158,8.445533752441406,10.182031631469727,14.413226127624512,17.52158546447754,4.646135330200195,1.9040493965148926,18.352842330932617,27.14519691467285,10.087767601013184,13.112988471984863,13.475045204162598,16.9923038482666,15.875004768371582,0.5569077730178833,14.505956649780273,15.201812744140625,32.0691032409668,21.52253532409668,6.031694412231445,0.3093101978302002,17.346553802490234,14.593761444091797,15.559374809265137,4.05231237411499,13.409650802612305,1.8463646173477173,20.688148498535156,13.708209991455078,14.558636665344238,11.09218692779541,3.3994569778442383,8.85938549041748,3.1156680583953857,16.068382263183594,15.200562477111816,4.46699333190918,2.6383771896362305,3.970033884048462,5.7212748527526855,13.618751525878906,10.666860580444336,18.557634353637695,12.310029983520508,18.202932357788086,12.90711784362793,3.2803151607513428,1.6381686925888062,6.079774856567383,1.4469265937805176,9.79732894897461,11.361016273498535,4.837876796722412,11.220152854919434,59.10856246948242,15.576164245605469,10.454408645629883,2.0216753482818604,15.280760765075684,7.107162952423096,3.433183193206787,5.7467942237854,7.338536262512207,24.981605529785156,7.043380260467529,22.051517486572266,6.247876167297363,6.195590496063232,8.183533668518066,13.7545804977417,46.99671173095703
1998-09-01,0.2850763499736786,9.731523513793945,4.290702819824219,16.585756301879883,14.398797035217285,481.9591979980469,21.36295509338379,4.5564470291137695,12.60795783996582,28.297687530517578,7.753682613372803,14.365077018737793,15.659886360168457,21.785507202148438,13.020744323730469,9.436857223510742,20.327022552490234,18.038450241088867,95.0219497680664,11.109280586242676,17.25432586669922,9.495872497558594,19.240772247314453,7.099368572235107,21.79508399963379,9.908008575439453,1.4066404104232788,13.559364318847656,14.990144729614258,6.81833028793335,21.61740493774414,8.825730323791504,18.79383087158203,12.626747131347656,16.481945037841797,10.213826179504395,14.82052993774414,14.776918411254883,5.74818754196167,9.552992820739746,3.424616813659668,14.288189888000488,14.211150169372559,67.5069808959961,7.255108833312988,9.184266090393066,9.6129789352417,14.944806098937988,18.06414031982422,5.080624580383301,1.869507908821106,17.94318962097168,30.971435546875,12.151371002197266,16.52414321899414,15.204185485839844,19.270261764526367,13.04018783569336,0.6519098877906799,15.538151741027832,13.484343528747559,38.196380615234375,24.779327392578125,5.472606658935547,0.2827977240085602,15.03428840637207,15.451269149780273,17.565807342529297,4.075654983520508,14.425171852111816,2.075843095779419,23.221786499023438,10.181550025939941,16.702119827270508,14.840368270874023,3.5590567588806152,15.696084976196289,3.312028646469116,18.50873565673828,15.672419548034668,5.0641584396362305,3.854182720184326,4.673743724822998,6.254982948303223,14.441387176513672,12.129256248474121,17.25375747680664,12.601873397827148,19.04958152770996,13.80871295928955,3.6306445598602295,1.8273694515228271,6.079774856567383,1.6589521169662476,9.74069881439209,13.192388534545898,5.063645362854004,11.661595344543457,62.87019729614258,16.361324310302734,10.169940948486328,1.6139423847198486,16.266786575317383,7.951023578643799,3.326267957687378,6.183931350708008,8.87325382232666,22.67107582092285,8.52308177947998,20.574121475219727,7.809844493865967,5.743340492248535,8.779316902160645,14.844965934753418,45.537193298339844
1998-10-01,0.27759861946105957,10.566560745239258,4.592210292816162,17.26527214050293,14.435672760009766,524.6204223632812,22.16729164123535,6.259474754333496,13.10852336883545,27.326562881469727,8.187451362609863,18.227947235107422,17.82832908630371,23.84899139404297,13.994257926940918,9.476381301879883,20.8212890625,19.22148895263672,119.57989501953125,11.289239883422852,19.483009338378906,12.245248794555664,25.569011688232422,6.859832763671875,23.239225387573242,10.098356246948242,1.3125861883163452,14.157790184020996,14.533197402954102,7.047520160675049,23.673187255859375,10.393943786621094,19.992055892944336,12.98458194732666,16.108415603637695,10.73012924194336,14.2861328125,15.667096138000488,6.20667028427124,11.12745189666748,3.529867649078369,16.759227752685547,16.897092819213867,74.2417984008789,7.675000190734863,11.500292778015137,11.427603721618652,16.48185157775879,19.88332748413086,5.782436370849609,2.260803699493408,17.779329299926758,35.79188919067383,12.638494491577148,16.457691192626953,17.889326095581055,20.070629119873047,17.3322696685791,0.9663989543914795,18.511491775512695,15.809744834899902,39.5072021484375,27.37555503845215,5.811767578125,0.4082897901535034,19.32979965209961,17.360435485839844,19.70939064025879,4.3561296463012695,15.587498664855957,2.294646978378296,24.207563400268555,15.412848472595215,16.066665649414062,18.527606964111328,3.195171594619751,13.754302978515625,3.9024620056152344,20.220163345336914,17.7620792388916,5.648482322692871,3.912076711654663,4.320496559143066,6.046154499053955,16.557008743286133,12.308462142944336,21.589000701904297,15.175302505493164,21.37644386291504,14.488870620727539,3.8060362339019775,2.120415210723877,6.886920928955078,1.9884498119354248,9.967222213745117,13.61376667022705,4.9052886962890625,13.23426342010498,67.96780395507812,18.704008102416992,12.054577827453613,1.7158761024475098,16.579608917236328,9.605352401733398,4.086556911468506,6.909315586090088,10.148048400878906,26.577960968017578,8.849469184875488,22.434555053710938,7.436334133148193,7.261317729949951,8.446915626525879,15.055163383483887,52.4215087890625
1998-11-01,0.2388094961643219,10.791376113891602,5.535391807556152,17.08498764038086,13.844688415527344,578.04345703125,21.04265594482422,6.9925618171691895,12.555815696716309,25.39826774597168,6.651178359985352,18.409015655517578,20.250560760498047,25.878536224365234,15.865227699279785,10.049514770507812,21.00664710998535,21.185956954956055,127.84868621826172,12.41974925994873,18.404619216918945,11.864211082458496,25.993221282958984,6.661572456359863,24.901113510131836,12.081964492797852,1.4036709070205688,15.300488471984863,15.025635719299316,7.154213905334473,24.637832641601562,10.193358421325684,23.888418197631836,14.61223316192627,15.718411445617676,11.111739158630371,14.631016731262207,15.508240699768066,6.304218769073486,11.294105529785156,3.76399302482605,20.68498992919922,16.5421142578125,76.68121337890625,7.883846282958984,9.420652389526367,11.4887113571167,18.822887420654297,22.548053741455078,6.004373073577881,2.052513599395752,17.69481658935547,39.857749938964844,15.257960319519043,15.479990005493164,17.732404708862305,20.068462371826172,19.353412628173828,0.8926903605461121,20.190006256103516,16.428367614746094,43.84626388549805,25.606353759765625,7.275473594665527,0.5055016279220581,18.59150505065918,18.159746170043945,20.50533103942871,4.680428981781006,15.86839485168457,2.510648727416992,27.80341339111328,16.50952911376953,18.51365089416504,20.142675399780273,3.1531896591186523,12.864317893981934,3.5988101959228516,20.701539993286133,16.482032775878906,5.258932590484619,4.532381534576416,4.402012348175049,6.205263614654541,18.979236602783203,12.861308097839355,21.330345153808594,14.814193725585938,22.04447364807129,15.575817108154297,3.8323476314544678,2.091824531555176,8.262711524963379,2.114518404006958,10.533538818359375,11.587910652160645,5.133696556091309,13.227078437805176,71.75235748291016,20.578157424926758,12.828211784362793,2.3250749111175537,17.643198013305664,11.473847389221191,4.28850793838501,7.05439567565918,9.829351425170898,28.20398712158203,8.596624374389648,24.662099838256836,7.826819896697998,7.9184441566467285,8.505570411682129,15.852994918823242,57.761043548583984
1998-12-01,0.3061060905456543,11.01620101928711,5.789083003997803,17.826974868774414,14.04992961883545,594.55224609375,19.880794525146484,7.7031025886535645,17.446748733520508,24.406600952148438,7.34056282043457,19.399221420288086,20.743846893310547,20.782451629638672,14.735040664672852,10.215457916259766,21.141618728637695,23.237262725830078,126.4175796508789,11.556169509887695,19.86753273010254,12.868769645690918,27.338953018188477,6.76070499420166,23.974824905395508,14.877045631408691,1.3973571062088013,17.043582916259766,14.902103424072266,7.2413458824157715,23.229291915893555,9.659062385559082,22.26493263244629,15.022405624389648,16.095273971557617,13.03697681427002,15.224895477294922,14.434597969055176,6.523392677307129,12.037646293640137,3.007589817047119,28.436887741088867,16.75510597229004,86.84368133544922,8.118797302246094,9.500821113586426,11.773892402648926,23.164215087890625,22.708200454711914,6.572206020355225,2.2738208770751953,16.362770080566406,44.504310607910156,16.808565139770508,15.970008850097656,16.221073150634766,20.716840744018555,21.660560607910156,1.1367470026016235,21.00846290588379,15.710264205932617,43.44906234741211,20.9169921875,8.814516067504883,0.5037341117858887,12.650318145751953,19.9092960357666,22.523651123046875,4.7663373947143555,14.020380020141602,2.42161226272583,26.528018951416016,16.835567474365234,21.046009063720703,24.652685165405273,3.1724956035614014,11.831201553344727,3.654639482498169,18.63138198852539,17.194217681884766,5.4069905281066895,5.706833362579346,3.715986490249634,6.450376033782959,20.11890411376953,14.362157821655273,22.22799301147461,13.961570739746094,23.086559295654297,14.812126159667969,4.071962356567383,1.9750828742980957,8.18893814086914,2.572951555252075,11.213123321533203,12.072900772094727,5.057562351226807,15.055960655212402,76.446533203125,21.069345474243164,15.465115547180176,2.631304979324341,17.549579620361328,12.863479614257812,4.0924973487854,6.564486026763916,12.524016380310059,29.595914840698242,9.503881454467773,24.3868465423584,8.517407417297363,8.571234703063965,8.793733596801758,15.456676483154297,63.60970687866211
1999-01-01,0.30797627568244934,10.47384262084961,5.912915229797363,18.924665451049805,13.079683303833008,633.3941650390625,19.364404678344727,11.40239143371582,21.326122283935547,22.36810874938965,5.582454204559326,16.307472229003906,20.866907119750977,22.09629249572754,16.3892879486084,11.26778507232666,17.705711364746094,22.344589233398438,143.1142120361328,10.951287269592285,16.153635025024414,11.185178756713867,29.37689971923828,6.1262664794921875,20.543794631958008,17.882509231567383,1.3552682399749756,16.986692428588867,13.386070251464844,6.931551933288574,22.494892120361328,9.567249298095703,24.491424560546875,12.740852355957031,15.529976844787598,13.960147857666016,14.235089302062988,13.882852554321289,6.425342082977295,12.696203231811523,2.8094868659973145,25.965843200683594,16.642059326171875,89.29145812988281,8.825726509094238,9.520869255065918,12.127835273742676,22.90395164489746,19.98578643798828,7.540295124053955,2.455670118331909,14.800491333007812,44.23275375366211,19.980655670166016,14.099053382873535,16.86781883239746,21.025585174560547,23.591594696044922,1.5134789943695068,19.2015438079834,15.314569473266602,45.8017692565918,17.399978637695312,10.047110557556152,1.0852383375167847,12.21294116973877,20.42768669128418,24.184616088867188,4.158430576324463,15.30167007446289,2.1217403411865234,26.393112182617188,20.600648880004883,26.556468963623047,38.03035354614258,2.825000524520874,11.46653938293457,4.09950065612793,14.522930145263672,14.955910682678223,6.125843048095703,7.327906131744385,3.3443872928619385,6.379825592041016,19.196016311645508,14.77865982055664,22.194677352905273,13.10896110534668,22.058059692382812,13.68252944946289,3.8984906673431396,2.508761405944824,9.082850456237793,2.3867130279541016,11.326387405395508,12.398313522338867,4.74530553817749,15.979642868041992,79.13941955566406,21.482467651367188,18.173288345336914,2.682342290878296,14.808448791503906,14.867292404174805,4.252870559692383,7.493164539337158,11.875934600830078,30.945659637451172,8.328910827636719,19.79023551940918,9.01241397857666,9.051433563232422,8.536258697509766,14.848966598510742,66.84412384033203
1999-02-01,0.260307252407074,10.445645332336426,4.984185218811035,17.67414093017578,12.603524208068848,701.0790405273438,19.375978469848633,10.037717819213867,20.835979461669922,26.122129440307617,5.781827449798584,15.579996109008789,22.007871627807617,22.779098510742188,16.006370544433594,11.178435325622559,16.59136199951172,21.941682815551758,149.97482299804688,11.520188331604004,15.72095012664795,11.802228927612305,27.77745246887207,6.189540386199951,17.58942413330078,15.678503036499023,1.3313844203948975,16.44373321533203,13.919605255126953,6.082298755645752,25.1291446685791,9.603976249694824,26.114912033081055,13.989075660705566,14.421792984008789,14.365446090698242,13.613389015197754,13.78276252746582,6.446718215942383,12.257059097290039,2.719437837600708,30.369884490966797,17.230056762695312,85.40692138671875,8.47742748260498,9.140037536621094,12.107416152954102,22.596359252929688,21.28653335571289,6.391817092895508,2.51237154006958,16.441850662231445,41.028499603271484,17.01108169555664,15.057475090026855,19.22757339477539,21.15041732788086,24.41566276550293,1.357872486114502,18.21375274658203,14.97750473022461,46.32188034057617,18.603166580200195,10.219406127929688,0.8360221982002258,14.19796371459961,22.03143882751465,21.4342098236084,4.035086631774902,14.707164764404297,1.7709457874298096,29.31569480895996,21.522180557250977,22.781654357910156,28.096139907836914,2.6743369102478027,11.182915687561035,4.814661979675293,15.978348731994629,15.10222053527832,5.571074962615967,7.394075393676758,3.303098201751709,6.127854824066162,18.488473892211914,15.185928344726562,21.858854293823242,15.901895523071289,22.43512535095215,13.34624195098877,3.715892791748047,2.7827470302581787,9.347346305847168,2.4239609241485596,10.760069847106934,12.690892219543457,4.4150071144104,16.233196258544922,76.6015396118164,23.041080474853516,17.86279296875,2.5941178798675537,16.320802688598633,13.410629272460938,4.686473846435547,6.828521728515625,11.278349876403809,30.44664192199707,8.792933464050293,19.31119728088379,10.10482406616211,9.064591407775879,8.179757118225098,14.150459289550781,59.499351501464844
1999-03-01,0.26871973276138306,10.558420181274414,7.033566474914551,18.43189239501953,12.01687240600586,742.5943603515625,19.213977813720703,11.1317138671875,24.986488342285156,28.033506393432617,7.577706813812256,16.69122314453125,23.92777442932129,21.740047454833984,17.424043655395508,10.525978088378906,19.01897430419922,22.422101974487305,163.05770874023438,11.61500072479248,18.043804168701172,12.79300308227539,27.5133113861084,7.5594377517700195,17.808279037475586,17.56192398071289,1.3207827806472778,14.737308502197266,16.069787979125977,5.816567897796631,24.033811569213867,11.41511344909668,23.099868774414062,13.526201248168945,13.898810386657715,12.822439193725586,13.194791793823242,12.702936172485352,6.644189834594727,11.714594841003418,3.133657932281494,29.652490615844727,18.31695556640625,94.52204895019531,7.945125579833984,12.401576042175293,14.179760932922363,23.578310012817383,25.305883407592773,6.538861274719238,2.486199378967285,14.807575225830078,42.841251373291016,16.86038589477539,15.124689102172852,17.346149444580078,23.16327667236328,24.9522647857666,1.2726978063583374,18.580078125,14.428024291992188,41.60392761230469,18.745853424072266,10.4240140914917,0.8201150894165039,13.469511985778809,23.515745162963867,21.81357192993164,4.1114420890808105,14.049379348754883,1.6102960109710693,28.919403076171875,23.76654815673828,27.2014102935791,23.49471092224121,2.7685718536376953,11.364744186401367,5.203012943267822,15.353320121765137,14.418859481811523,5.524351119995117,5.235401630401611,4.030900001525879,6.243860244750977,19.3537654876709,15.970043182373047,23.91956901550293,14.670438766479492,23.943363189697266,13.137951850891113,3.649815559387207,4.741153717041016,8.926647186279297,2.572951555252075,10.080490112304688,15.728857040405273,4.106727123260498,16.16830825805664,79.77801513671875,24.75452995300293,19.022724151611328,3.0879650115966797,15.787162780761719,14.923677444458008,5.002054214477539,7.816708087921143,12.091714859008789,28.003555297851562,8.389179229736328,24.138999938964844,10.835556983947754,9.71277904510498,7.347912788391113,15.000823974609375,57.75242233276367
1999-04-01,0.3439605236053467,10.946282386779785,7.854666233062744,19.824024200439453,12.54675006866455,720.2781982421875,18.85755157470703,9.676807403564453,20.502273559570312,30.497177124023438,8.922429084777832,22.90473747253418,26.556791305541992,25.97616195678711,17.65534019470215,10.047520637512207,18.46048927307129,22.225406646728516,191.67799377441406,16.356351852416992,17.50140953063965,14.2835111618042,27.16972541809082,8.155488967895508,17.93314552307129,18.28323745727539,1.6705906391143799,14.7969970703125,18.061534881591797,6.475973129272461,33.834312438964844,12.634207725524902,23.563724517822266,15.197688102722168,14.19992733001709,15.14763069152832,13.231193542480469,15.47748851776123,8.520125389099121,13.308289527893066,4.412332534790039,35.94965744018555,20.099964141845703,90.03626251220703,7.744875907897949,13.730316162109375,17.119997024536133,22.631397247314453,30.22559356689453,7.60557222366333,2.5769031047821045,13.899635314941406,50.560543060302734,17.356801986694336,19.113142013549805,21.586313247680664,24.154205322265625,25.425329208374023,1.3005433082580566,23.764081954956055,16.000112533569336,36.089420318603516,21.383939743041992,9.092966079711914,0.8908142447471619,13.975886344909668,21.991275787353516,21.85308265686035,4.297520160675049,17.673433303833008,1.604575514793396,25.400346755981445,23.637876510620117,24.678544998168945,18.161930084228516,2.931046724319458,15.626530647277832,5.608880043029785,16.395030975341797,18.04065704345703,7.357965469360352,5.3718671798706055,4.520765781402588,6.540212631225586,18.242542266845703,13.243631362915039,22.980464935302734,20.104923248291016,25.121164321899414,16.646753311157227,4.119863510131836,7.623968124389648,10.859222412109375,3.386669158935547,9.74069881439209,16.692508697509766,4.827644348144531,16.390796661376953,82.80757904052734,26.3345890045166,19.219017028808594,3.025524854660034,14.580093383789062,15.367642402648926,5.334733486175537,8.758368492126465,12.184596061706543,32.367183685302734,10.333192825317383,29.466228485107422,12.961522102355957,9.693026542663574,7.762631416320801,17.658184051513672,63.56820297241211
1999-05-01,0.3294731378555298,10.225017547607422,9.187015533447266,18.348356246948242,13.324312210083008,703.7332153320312,18.998600006103516,9.924933433532715,21.107118606567383,28.71632194519043,10.46705150604248,19.980731964111328,24.600894927978516,26.9822940826416,15.959188461303711,10.296713829040527,19.26717185974121,24.039291381835938,169.59823608398438,13.942598342895508,17.646045684814453,13.9262056350708,23.76982879638672,8.447476387023926,19.473413467407227,17.471757888793945,1.6018314361572266,14.292108535766602,16.856042861938477,6.901937484741211,31.335819244384766,11.285816192626953,21.615535736083984,15.549881935119629,15.447225570678711,15.350811004638672,14.305099487304688,15.398056983947754,8.140789031982422,11.890302658081055,4.070152759552002,34.95326614379883,18.812419891357422,86.88553619384766,8.512741088867188,13.327677726745605,14.113260269165039,21.424070358276367,29.956138610839844,9.094138145446777,2.778498411178589,14.390239715576172,56.13783264160156,15.343147277832031,18.011123657226562,21.5162353515625,23.014144897460938,22.30495262145996,1.1924375295639038,22.698205947875977,16.10296630859375,35.12371826171875,20.186628341674805,8.909818649291992,0.7847650647163391,14.279708862304688,20.005739212036133,21.568294525146484,4.306381702423096,17.13701820373535,1.7647464275360107,24.40779685974121,22.99740219116211,24.488855361938477,18.466657638549805,3.0520687103271484,11.586543083190918,5.496137619018555,17.423601150512695,18.075420379638672,6.260929584503174,4.925246715545654,4.73070764541626,6.8570051193237305,17.532596588134766,12.33940601348877,22.873287200927734,18.78224754333496,24.849889755249023,15.645587921142578,4.451665878295898,7.414305686950684,11.65792465209961,3.380937337875366,9.344267845153809,15.728857040405273,5.061781406402588,15.450712203979492,80.91409301757812,22.948728561401367,18.015323638916016,2.7278575897216797,18.10601234436035,16.45862579345703,5.542656421661377,8.346961975097656,11.677957534790039,30.758159637451172,9.614426612854004,28.776681900024414,14.213102340698242,8.981854438781738,8.386054992675781,17.06491470336914,60.79557418823242
1999-06-01,0.34629708528518677,10.26744270324707,10.1883544921875,19.637142181396484,11.538780212402344,722.1766967773438,18.673280715942383,13.330994606018066,20.314559936523438,27.547616958618164,11.360581398010254,19.70133399963379,26.489431381225586,28.225139617919922,18.2164306640625,9.710315704345703,14.926621437072754,24.70654296875,182.3979949951172,15.244754791259766,16.40947914123535,13.734476089477539,25.153337478637695,8.105146408081055,20.408594131469727,20.657548904418945,1.5485082864761353,15.767923355102539,17.322996139526367,6.92191219329834,32.94490051269531,11.645608901977539,22.867942810058594,14.441019058227539,13.942516326904297,15.795008659362793,13.32933235168457,15.172060012817383,8.590139389038086,11.747203826904297,5.1687331199646,34.594547271728516,19.70655059814453,96.5513687133789,8.512741088867188,14.620050430297852,13.714405059814453,24.423124313354492,32.503543853759766,9.707674980163574,2.8223233222961426,15.7496919631958,62.55015563964844,16.886323928833008,18.101179122924805,22.962966918945312,24.34967613220215,26.6580810546875,1.7002066373825073,22.18874740600586,14.610294342041016,35.21588897705078,18.595409393310547,9.771714210510254,1.3203139305114746,14.165167808532715,21.36976432800293,23.681913375854492,4.498132228851318,17.374340057373047,1.8584673404693604,26.67911148071289,24.45708465576172,27.372142791748047,19.74652862548828,2.8652076721191406,12.928143501281738,5.722171783447266,17.10123062133789,16.563411712646484,5.964467525482178,7.369261264801025,4.786037445068359,6.7602386474609375,19.17937469482422,12.570049285888672,21.587244033813477,19.66895866394043,25.01264762878418,15.226648330688477,4.572723865509033,10.940393447875977,12.832962036132812,3.443972587585449,10.080490112304688,16.695449829101562,4.72730016708374,16.06501579284668,85.39505004882812,25.741703033447266,18.58723258972168,3.0290591716766357,16.298738479614258,21.66895866394043,5.95256233215332,8.558732032775879,11.39172649383545,32.842742919921875,10.275426864624023,33.01510238647461,11.708719253540039,10.179110527038574,7.782740592956543,16.477384567260742,64.13090515136719
1999-07-01,0.41639813780784607,9.755489349365234,10.634021759033203,17.879846572875977,10.866801261901855,715.2477416992188,18.543153762817383,12.981359481811523,25.653905868530273,25.14118766784668,12.361913681030273,16.366785049438477,26.820261001586914,29.10717010498047,16.49262237548828,11.00168514251709,13.651638984680176,23.325439453125,171.62335205078125,14.977200508117676,13.505148887634277,13.812609672546387,26.467851638793945,8.32137680053711,19.464237213134766,19.916200637817383,1.653022289276123,15.47510814666748,16.628267288208008,7.041770935058594,32.19838333129883,11.32986068725586,20.455907821655273,16.297727584838867,13.558334350585938,15.43294620513916,12.813828468322754,14.388595581054688,9.237897872924805,10.18291187286377,4.862573623657227,28.536523818969727,19.327327728271484,93.42376708984375,8.830544471740723,14.902750968933105,12.79282283782959,24.18623924255371,33.374176025390625,10.112154006958008,2.7770261764526367,15.384957313537598,60.826080322265625,19.58246612548828,18.371347427368164,20.87382698059082,22.625926971435547,23.862682342529297,1.775552749633789,23.7458553314209,14.271544456481934,32.296592712402344,17.37859535217285,9.097671508789062,1.5659940242767334,12.809648513793945,21.66205406188965,21.914318084716797,4.711904525756836,17.574193954467773,1.7226226329803467,24.504905700683594,21.55864906311035,26.044313430786133,30.04641342163086,2.8291468620300293,12.033736228942871,4.695116996765137,18.600210189819336,16.08231544494629,6.098055362701416,7.555351257324219,4.432042121887207,6.677414417266846,19.30332374572754,11.719560623168945,22.262937545776367,20.286983489990234,23.114625930786133,15.371664047241211,4.303192615509033,11.893381118774414,12.423677444458008,2.1317098140716553,10.92996597290039,15.876235961914062,4.76439094543457,15.152870178222656,82.7458724975586,21.369762420654297,18.497875213623047,3.0063271522521973,15.946511268615723,21.681833267211914,5.7981061935424805,7.9716386795043945,10.603466987609863,29.94985580444336,9.374072074890137,31.983388900756836,11.571174621582031,8.91331958770752,7.348642826080322,16.958087921142578,53.069156646728516
1999-08-01,0.4879005551338196,9.854889869689941,12.35468864440918,17.54512596130371,11.340256690979004,713.6113891601562,17.151065826416016,12.823465347290039,27.760446548461914,22.413009643554688,13.254005432128906,16.642118453979492,27.990774154663086,29.15570068359375,15.032822608947754,10.741403579711914,13.993705749511719,24.684612274169922,171.1419219970703,14.466253280639648,12.452322959899902,14.966574668884277,21.386974334716797,8.270703315734863,19.54718589782715,21.739521026611328,1.500679612159729,12.967218399047852,16.93016242980957,7.494905948638916,29.504358291625977,11.552739143371582,20.595062255859375,16.008583068847656,14.877185821533203,13.599990844726562,13.121112823486328,15.009038925170898,9.191086769104004,10.944001197814941,4.628449440002441,27.06187629699707,18.089088439941406,96.26293182373047,8.93051815032959,15.025609970092773,12.024014472961426,23.324832916259766,31.78209114074707,10.178563117980957,2.834237813949585,14.275362014770508,60.34037780761719,23.33473777770996,17.03127670288086,21.89207649230957,25.480934143066406,25.914138793945312,1.6461538076400757,22.16442108154297,14.094812393188477,36.82469177246094,18.579242706298828,7.804166793823242,1.5960427522659302,11.589680671691895,21.524560928344727,23.786449432373047,4.56048059463501,18.994308471679688,1.7312930822372437,24.34638023376465,20.498634338378906,28.09295082092285,36.506710052490234,2.8591535091400146,13.314196586608887,4.221090793609619,18.798538208007812,14.496564865112305,5.8544464111328125,7.245198726654053,4.913477897644043,6.791297912597656,16.91751480102539,13.09086799621582,24.398590087890625,18.882282257080078,22.868728637695312,15.579757690429688,4.163780689239502,14.652311325073242,12.544553756713867,2.097327470779419,10.420273780822754,17.481882095336914,4.888581275939941,15.456271171569824,82.31736755371094,18.05310821533203,16.558673858642578,2.628662109375,16.42681884765625,24.71202278137207,5.7802839279174805,7.146035194396973,10.90860366821289,29.14144515991211,9.618611335754395,31.681591033935547,11.386310577392578,9.348438262939453,7.69566011428833,16.936796188354492,52.05120849609375
1999-09-01,0.4734131991863251,8.335478782653809,14.081866264343262,19.952566146850586,10.65710735321045,669.7028198242188,13.03480339050293,14.018969535827637,27.197322845458984,19.85272216796875,12.600930213928223,14.404641151428223,27.481847763061523,27.42646598815918,13.94072151184082,9.696487426757812,14.003475189208984,23.75156021118164,169.45700073242188,14.003206253051758,9.899131774902344,12.798505783081055,18.0784912109375,7.905819892883301,17.307695388793945,21.97995948791504,1.4555951356887817,12.695034980773926,16.276790618896484,7.312595367431641,29.742441177368164,11.56224250793457,19.296274185180664,16.913753509521484,14.262701988220215,12.39292049407959,12.375597953796387,15.311944007873535,8.09495735168457,10.550336837768555,4.484371185302734,24.79011344909668,17.927568435668945,101.91706085205078,8.650607109069824,13.284114837646484,10.57867431640625,26.027109146118164,31.0061092376709,8.77981185913086,2.9090559482574463,12.976080894470215,58.614646911621094,21.098846435546875,17.393163681030273,20.99530029296875,22.895463943481445,23.340131759643555,1.7034825086593628,20.63075065612793,11.403204917907715,31.674163818359375,16.41376304626465,8.407804489135742,1.7250685691833496,10.342970848083496,22.499998092651367,21.629226684570312,4.737219333648682,19.308359146118164,1.601223111152649,23.587562561035156,21.304847717285156,27.485950469970703,32.423316955566406,2.6672189235687256,16.85650634765625,5.140960216522217,16.481122970581055,13.562417984008789,6.005053997039795,9.031684875488281,5.29835319519043,6.481987953186035,15.18125057220459,12.440657615661621,23.046531677246094,19.340850830078125,23.03265953063965,15.56353759765625,4.060871124267578,14.423584938049316,11.138921737670898,2.2721059322357178,9.57079792022705,16.383026123046875,4.6514892578125,14.465728759765625,80.4786376953125,19.53121566772461,17.203123092651367,2.5546953678131104,14.216194152832031,24.76848030090332,4.6277899742126465,7.083214282989502,10.469088554382324,25.039430618286133,9.573309898376465,29.272546768188477,10.385695457458496,10.04477310180664,7.1626811027526855,16.3194522857666,45.72710037231445
1999-10-01,0.599127471446991,9.212011337280273,17.35419273376465,21.5454158782959,10.774219512939453,792.9552612304688,15.15827465057373,16.20697021484375,26.61332893371582,23.979692459106445,11.379134178161621,13.542816162109375,31.399869918823242,29.63829231262207,16.13118553161621,10.460945129394531,12.66238784790039,27.028398513793945,209.50433349609375,14.216500282287598,11.360259056091309,16.97124481201172,19.447816848754883,7.595660209655762,20.021928787231445,23.72313117980957,1.4040699005126953,13.530187606811523,16.74675750732422,7.7987518310546875,30.95307731628418,10.833763122558594,19.708120346069336,17.612030029296875,14.63463020324707,12.279434204101562,11.387789726257324,14.55467414855957,7.057440280914307,11.630074501037598,4.808543682098389,27.460437774658203,15.980358123779297,116.47659301757812,9.360330581665039,12.210844993591309,10.179878234863281,28.729366302490234,29.454191207885742,7.1774373054504395,3.0477964878082275,13.459152221679688,47.59413146972656,21.986095428466797,19.044281005859375,20.678518295288086,26.10394859313965,27.167675018310547,2.075300455093384,24.63957405090332,13.943817138671875,33.98727035522461,10.042834281921387,9.555938720703125,2.3878769874572754,7.314929962158203,21.45952796936035,21.007638931274414,4.495431423187256,19.10736846923828,1.2353131771087646,28.955636978149414,26.41844367980957,28.09295082092285,34.76972198486328,2.6639111042022705,14.291382789611816,5.061870098114014,14.228546142578125,13.527814865112305,6.540939807891846,9.44109058380127,5.226757526397705,6.63931941986084,17.265554428100586,13.762751579284668,25.865463256835938,19.772451400756836,26.284711837768555,15.725664138793945,4.060871124267578,16.982385635375977,10.276984214782715,2.4927260875701904,9.004476547241211,15.922924041748047,4.859987735748291,17.829843521118164,85.63555908203125,23.00678825378418,18.509918212890625,2.4693496227264404,16.542476654052734,27.041963577270508,4.912943363189697,8.216163635253906,12.001154899597168,28.24413299560547,11.566488265991211,31.233402252197266,10.351187705993652,11.89269733428955,7.141917705535889,15.90340805053711,30.939041137695312
1999-11-01,0.73185133934021,8.670127868652344,17.04401969909668,22.076374053955078,9.968270301818848,799.6038208007812,13.762234687805176,17.582921981811523,30.409276962280273,24.106340408325195,10.44910717010498,15.943595886230469,30.807287216186523,26.222679138183594,14.672181129455566,10.873343467712402,13.660402297973633,25.68688201904297,208.05618286132812,11.919382095336914,9.935661315917969,15.638792037963867,21.169912338256836,7.810057163238525,19.85508155822754,28.59197425842285,1.230992317199707,12.36212158203125,16.35588836669922,7.454875946044922,30.658586502075195,12.832403182983398,20.911333084106445,18.048152923583984,13.24613094329834,12.574499130249023,10.440131187438965,13.89815902709961,7.306526184082031,10.702845573425293,4.5564117431640625,26.902456283569336,14.863362312316895,111.85620880126953,8.092158317565918,12.553768157958984,10.642602920532227,30.055652618408203,31.124038696289062,9.178895950317383,3.1493911743164062,13.158961296081543,49.99187469482422,21.781591415405273,19.01165199279785,18.23229217529297,25.92467498779297,24.053892135620117,2.21616530418396,25.006235122680664,15.946688652038574,35.72518539428711,10.090715408325195,8.596029281616211,2.1952202320098877,7.7912492752075195,23.826772689819336,23.633581161499023,4.59393835067749,19.314823150634766,1.2294583320617676,28.637170791625977,28.888172149658203,27.63295555114746,32.697574615478516,2.343677520751953,15.450027465820312,4.157962799072266,14.31108570098877,11.930657386779785,6.359685897827148,13.460685729980469,5.026275157928467,5.8736467361450195,17.203336715698242,12.730047225952148,26.636192321777344,20.3829345703125,24.576496124267578,15.287076950073242,3.4606502056121826,27.622575759887695,10.586996078491211,2.435421943664551,9.117746353149414,15.959896087646484,4.276792526245117,17.012142181396484,87.06147766113281,22.194561004638672,20.243858337402344,2.387312173843384,15.60549545288086,28.943939208984375,4.93670654296875,6.935840606689453,10.622300148010254,27.642187118530273,11.2819242477417,27.487340927124023,9.316070556640625,12.16988754272461,6.7889723777771,17.132184982299805,29.84868812561035
1999-12-01,0.7687711119651794,8.28510856628418,16.693559646606445,24.129928588867188,10.206554412841797,833.3218994140625,12.645491600036621,22.861183166503906,40.08686447143555,27.01937484741211,10.798684120178223,16.618703842163086,33.897586822509766,26.747129440307617,12.671960830688477,10.154840469360352,13.490227699279785,22.585969924926758,215.0557861328125,12.096077919006348,9.817010879516602,18.233564376831055,23.931201934814453,7.677338600158691,17.21330451965332,34.34242630004883,1.086043119430542,12.420517921447754,15.998059272766113,6.448569297790527,35.210472106933594,13.03161907196045,21.94283103942871,18.826093673706055,13.099129676818848,14.25434398651123,10.440131187438965,13.989593505859375,6.852447986602783,11.298929214477539,6.087221145629883,26.1053466796875,15.205667495727539,133.37054443359375,7.676142692565918,13.081925392150879,9.346986770629883,39.14112854003906,29.924461364746094,11.021759033203125,2.871112585067749,12.706927299499512,52.326236724853516,23.379262924194336,20.516904830932617,19.07605743408203,23.300966262817383,24.19013023376465,2.9188523292541504,25.695470809936523,13.799734115600586,32.917598724365234,11.106133460998535,10.310918807983398,3.1549665927886963,7.189435958862305,20.994897842407227,22.187410354614258,4.290353775024414,19.7822208404541,1.097752332687378,24.542367935180664,34.18681716918945,35.43391799926758,38.09129333496094,2.2934556007385254,15.979973793029785,4.486408710479736,14.119296073913574,11.442272186279297,6.927412986755371,22.24424934387207,5.016806602478027,5.934232711791992,17.609907150268555,11.274560928344727,27.02155303955078,22.223615646362305,19.617109298706055,16.33123016357422,3.471190929412842,53.71083450317383,10.213652610778809,2.2233972549438477,8.834585189819336,16.692289352416992,4.299662113189697,18.49390411376953,92.03350067138672,22.12973976135254,21.068675994873047,1.863128900527954,17.551557540893555,29.1134033203125,5.0495805740356445,6.466110706329346,8.698134422302246,27.427576065063477,9.811025619506836,29.317960739135742,8.47627067565918,14.609477043151855,6.597676753997803,17.402185440063477,24.9196720123291
2000-01-01,0.7757807374000549,7.466026782989502,13.668240547180176,21.246654510498047,10.643410682678223,804.4207763671875,12.185657501220703,24.7672119140625,42.5062255859375,17.478158950805664,10.670782089233398,14.669025421142578,33.64177322387695,28.723922729492188,12.230108261108398,10.326614379882812,13.114631652832031,23.408004760742188,220.12440490722656,10.97603702545166,10.405299186706543,16.663532257080078,22.779457092285156,6.676835536956787,14.07583236694336,35.10380554199219,1.0124857425689697,10.900212287902832,15.444010734558105,6.8593034744262695,30.697999954223633,13.125510215759277,27.240999221801758,16.725662231445312,15.091784477233887,12.81980037689209,9.891645431518555,13.425747871398926,6.740403652191162,10.650537490844727,5.024658203125,25.22852897644043,13.643736839294434,115.4872817993164,6.751715660095215,11.741227149963379,7.432317733764648,32.238037109375,24.899234771728516,10.4888334274292,2.8835153579711914,11.38433837890625,54.44838333129883,28.101280212402344,17.313276290893555,16.517305374145508,21.504976272583008,25.26640510559082,3.0728211402893066,24.394758224487305,13.607253074645996,33.10321807861328,9.39261531829834,7.705862045288086,3.5314416885375977,5.717315196990967,19.465045928955078,27.89028549194336,3.8126442432403564,18.923221588134766,0.996329665184021,28.72027587890625,31.832677841186523,29.705310821533203,30.3206729888916,2.2599754333496094,13.289470672607422,4.118667125701904,13.123600006103516,9.488710403442383,6.287594318389893,19.83124351501465,4.610820770263672,5.859653472900391,17.04788589477539,12.577974319458008,24.993574142456055,18.731725692749023,21.394123077392578,14.373444557189941,3.5186116695404053,38.72975540161133,10.546993255615234,2.933967351913452,7.928471088409424,18.1607608795166,4.69989538192749,16.82457733154297,87.45143127441406,24.287813186645508,18.899049758911133,1.487084984779358,15.728019714355469,32.477821350097656,5.037698268890381,5.957330226898193,9.830431938171387,29.058643341064453,9.704877853393555,26.24814796447754,10.556334495544434,11.571343421936035,6.513092994689941,17.90170669555664,22.928848266601562
2000-02-01,0.8570983409881592,7.566339492797852,25.319604873657227,19.511096954345703,9.097735404968262,681.5897827148438,10.431005477905273,33.01169967651367,45.50962829589844,14.337628364562988,10.670782089233398,12.750293731689453,27.400964736938477,23.92416000366211,11.614656448364258,8.81096363067627,15.524715423583984,20.228055953979492,200.40499877929688,9.068564414978027,10.515604972839355,14.677271842956543,19.290973663330078,6.283480644226074,12.704622268676758,42.37702560424805,0.7784264087677002,10.919708251953125,13.91008186340332,6.134136199951172,28.58997917175293,10.740761756896973,25.506196975708008,16.048141479492188,12.80596923828125,10.292275428771973,8.484697341918945,11.193082809448242,7.115166664123535,8.911128997802734,3.962095260620117,22.27922248840332,12.521842002868652,114.0866928100586,7.130566596984863,12.456063270568848,7.8039350509643555,32.73619842529297,25.065818786621094,13.032319068908691,2.3689181804656982,11.835308074951172,49.89274978637695,32.10509490966797,13.459816932678223,14.59381103515625,18.055910110473633,24.933685302734375,4.085082530975342,20.22260284423828,11.519522666931152,29.544944763183594,8.853181838989258,8.256278038024902,4.415185928344727,5.272253036499023,16.53551483154297,29.528642654418945,3.9478423595428467,17.939664840698242,0.9635166525840759,22.487655639648438,33.84471893310547,27.125534057617188,46.806583404541016,2.0968337059020996,14.430892944335938,2.574169158935547,11.938612937927246,7.661520481109619,6.279694557189941,29.4770450592041,3.726356267929077,4.943415641784668,16.04874038696289,11.194271087646484,21.732206344604492,15.765074729919434,17.243446350097656,12.987146377563477,3.0538887977600098,43.43754196166992,9.709819793701172,3.220487356185913,7.7585768699646,22.02899169921875,4.114241123199463,15.339614868164062,86.11986541748047,22.07294273376465,16.95318031311035,1.4558637142181396,11.657617568969727,50.0731201171875,4.85947847366333,5.624314785003662,7.334225654602051,27.60770606994629,8.065572738647461,24.62822914123535,11.596368789672852,10.303248405456543,5.942140102386475,16.359336853027344,23.889936447143555
2000-03-01,1.0155259370803833,8.06789493560791,27.638031005859375,21.65435791015625,9.643600463867188,844.3963623046875,12.616549491882324,34.01544952392578,40.962833404541016,21.953161239624023,14.567432403564453,14.17071533203125,30.412891387939453,24.490894317626953,13.385570526123047,10.134631156921387,13.218722343444824,20.18389320373535,231.8695068359375,10.200115203857422,13.535391807556152,15.854966163635254,15.742864608764648,7.62258243560791,13.768007278442383,49.57011032104492,0.8244743943214417,11.719185829162598,17.215923309326172,6.426734447479248,30.282052993774414,11.48527717590332,30.945024490356445,19.923646926879883,13.862131118774414,13.412782669067383,8.965692520141602,13.050926208496094,7.405942440032959,9.834352493286133,3.4758400917053223,24.750259399414062,14.403738975524902,134.5204620361328,7.834149360656738,13.41422176361084,8.268455505371094,36.74876022338867,27.44219970703125,12.859391212463379,2.3334298133850098,13.13163948059082,57.4798698425293,37.48550796508789,15.630751609802246,15.649087905883789,17.617048263549805,27.30181121826172,4.415953159332275,22.145957946777344,11.161446571350098,31.12936019897461,10.441242218017578,10.080217361450195,3.8230786323547363,5.8065619468688965,19.465045928955078,31.357500076293945,4.68103551864624,18.015953063964844,1.0145621299743652,22.800535202026367,39.82088851928711,32.24714660644531,61.43365478515625,2.500593662261963,14.655051231384277,3.5933971405029297,13.947588920593262,8.04989242553711,6.338894367218018,30.990583419799805,4.8823370933532715,5.152048110961914,17.49971580505371,12.740557670593262,14.034738540649414,17.96674346923828,20.084854125976562,13.75980281829834,3.2213850021362305,45.534114837646484,8.972197532653809,4.10869836807251,8.155001640319824,22.816577911376953,4.033115863800049,13.71897029876709,94.46610260009766,29.390853881835938,21.478824615478516,2.026790142059326,17.940980911254883,48.22694778442383,5.670467376708984,5.824045658111572,9.511287689208984,31.619462966918945,9.940935134887695,26.583738327026367,12.223374366760254,11.956218719482422,6.724557876586914,16.9431209564209,28.8231258392334
2000-04-01,0.9276655316352844,8.857279777526855,30.02784538269043,24.15079116821289,11.84727954864502,845.8422241210938,12.583438873291016,36.74480438232422,37.37545394897461,18.578004837036133,14.183110237121582,15.478779792785645,30.580364227294922,25.705312728881836,12.508086204528809,11.004973411560059,12.873346328735352,18.5964298248291,229.06747436523438,10.2831449508667,14.164088249206543,16.110464096069336,17.626468658447266,7.872367858886719,11.724164962768555,44.450809478759766,0.7345710396766663,13.589759826660156,15.854011535644531,7.523983001708984,30.01642417907715,12.203107833862305,32.726715087890625,21.146108627319336,15.18233585357666,14.281074523925781,10.831941604614258,13.48083209991455,7.975633144378662,11.828230857849121,2.773467540740967,24.03286361694336,17.02227020263672,135.925048828125,7.9345221519470215,14.413156509399414,7.926106929779053,32.190773010253906,29.167512893676758,13.09583854675293,2.1765074729919434,12.256194114685059,54.14152145385742,36.029415130615234,13.436963081359863,18.14514923095703,20.689067840576172,22.702964782714844,3.9245617389678955,22.886629104614258,11.23575210571289,38.336952209472656,12.708293914794922,8.552597045898438,3.8920090198516846,6.808882236480713,19.823087692260742,31.685016632080078,4.526816368103027,17.62181282043457,1.0695682764053345,25.507234573364258,36.963748931884766,21.169301986694336,67.92440032958984,2.45648455619812,15.308206558227539,3.9391348361968994,18.67363929748535,9.956446647644043,5.451454162597656,31.734970092773438,5.044103145599365,6.238981246948242,18.409191131591797,14.678864479064941,14.845514297485352,20.222776412963867,19.63312339782715,14.302294731140137,3.673342227935791,33.06895446777344,8.449156761169434,2.772082805633545,7.24888801574707,22.83522605895996,4.681201934814453,15.829577445983887,91.1484146118164,29.390853881835938,19.126211166381836,1.7527459859848022,18.729589462280273,49.10768127441406,6.342123508453369,6.2706170082092285,10.314687728881836,30.239065170288086,10.01716423034668,29.53119468688965,10.432464599609375,11.718160629272461,7.511098384857178,16.875228881835938,29.37740135192871
2000-05-01,0.6281021237373352,9.375753402709961,27.948400497436523,24.683748245239258,11.70644474029541,868.3941040039062,14.130058288574219,30.135698318481445,42.46452713012695,24.112789154052734,17.81582260131836,17.254009246826172,33.13723373413086,25.39329719543457,14.281352043151855,11.237323760986328,14.663058280944824,19.527360916137695,241.44290161132812,9.973514556884766,15.939208984375,14.8413724899292,19.005413055419922,9.50078010559082,13.978816032409668,36.506370544433594,0.7734769582748413,13.589759826660156,17.337175369262695,7.7593793869018555,28.439237594604492,12.562024116516113,31.648317337036133,19.39625358581543,15.525087356567383,13.98401927947998,10.204015731811523,14.587871551513672,6.927180290222168,10.49147891998291,2.6474006175994873,22.637916564941406,17.185955047607422,136.46534729003906,8.657081604003906,16.6592960357666,8.143682479858398,27.917667388916016,28.57962989807129,11.65893840789795,2.470871686935425,14.045098304748535,52.17103958129883,35.4344482421875,12.810409545898438,16.445701599121094,22.525951385498047,23.509572982788086,2.597811222076416,23.89887809753418,12.692242622375488,37.967674255371094,12.670428276062012,8.04505443572998,2.7254676818847656,7.500141143798828,18.651281356811523,31.494380950927734,4.717320919036865,17.55687713623047,1.277369737625122,27.49446678161621,34.43528747558594,18.987873077392578,68.19866180419922,2.727992057800293,15.063278198242188,3.888124465942383,20.294118881225586,10.179540634155273,4.9601874351501465,28.53415298461914,5.573509693145752,6.478105068206787,20.41632080078125,15.536776542663574,16.522615432739258,18.19781494140625,22.586532592773438,13.13176155090332,3.6348772048950195,20.24163246154785,8.861016273498535,3.1173391342163086,7.985104084014893,21.940452575683594,4.868919372558594,15.582733154296875,89.71531677246094,33.82791519165039,18.038013458251953,1.979759693145752,19.715354919433594,43.567535400390625,7.091052055358887,6.326439380645752,10.599767684936523,32.40980911254883,11.097709655761719,25.84022331237793,11.562650680541992,12.19428825378418,7.6187052726745605,18.195322036743164,30.29679298400879
2000-06-01,0.7832584977149963,10.2686767578125,32.28450012207031,24.075313568115234,9.75193977355957,906.4853515625,11.863913536071777,32.70717239379883,46.88616943359375,21.323963165283203,17.22104835510254,15.442368507385254,31.986637115478516,27.180994033813477,11.077308654785156,11.881573677062988,14.457736015319824,20.657773971557617,233.9206085205078,8.832752227783203,16.649200439453125,16.88602638244629,21.49349021911621,8.411715507507324,13.133321762084961,40.75407791137695,0.7534729838371277,12.49632453918457,15.90705680847168,7.2717695236206055,24.27458953857422,11.246271133422852,29.116451263427734,16.919584274291992,15.025358200073242,14.327150344848633,9.265718460083008,14.92784309387207,6.396153926849365,9.669768333435059,2.665410041809082,24.232135772705078,15.203654289245605,137.43768310546875,8.343522071838379,15.432852745056152,7.4909467697143555,28.476564407348633,17.605058670043945,15.539727210998535,2.4017395973205566,13.131318092346191,53.264949798583984,37.99212646484375,10.970484733581543,16.19618797302246,25.640567779541016,21.748815536499023,3.069544792175293,22.76581382751465,13.702545166015625,49.813087463378906,12.734586715698242,7.094767093658447,3.1814794540405273,7.33994722366333,17.153968811035156,30.38862419128418,4.7435407638549805,16.99382972717285,1.3217803239822388,28.231353759765625,40.0942497253418,24.280195236206055,85.87300872802734,2.7176990509033203,14.14233112335205,3.6159629821777344,17.546297073364258,8.500810623168945,4.225486755371094,33.37258529663086,5.0103278160095215,6.11329460144043,22.37441062927246,16.758773803710938,14.100132942199707,14.951126098632812,21.09576416015625,11.740754127502441,3.4140522480010986,18.297510147094727,6.807857513427734,3.501277208328247,8.721318244934082,22.3174991607666,4.37615966796875,16.359025955200195,91.4810791015625,32.22943878173828,16.68919563293457,1.7165552377700806,18.0802059173584,41.41929626464844,8.155011177062988,5.562161922454834,8.797707557678223,29.593448638916016,9.503561973571777,21.25336265563965,11.638018608093262,12.207601547241211,6.951535701751709,17.1442813873291,23.17635154724121
2000-07-01,0.7598915696144104,9.605425834655762,28.4351863861084,22.277393341064453,10.801199913024902,1014.7337036132812,14.696588516235352,27.383798599243164,43.34051513671875,24.864646911621094,14.567432403564453,16.72662353515625,34.839656829833984,31.73146629333496,12.20435905456543,13.138375282287598,12.725320816040039,18.38628578186035,273.7162780761719,8.966998100280762,21.368953704833984,15.749006271362305,19.914955139160156,8.490321159362793,12.0426607131958,41.956260681152344,0.8823859095573425,12.356992721557617,14.813959121704102,7.706376552581787,23.11865997314453,11.721197128295898,28.928905487060547,19.109479904174805,16.441272735595703,13.135130882263184,9.480749130249023,15.206001281738281,6.473720550537109,10.582590103149414,2.5933732986450195,25.268383026123047,16.50270652770996,134.38815307617188,7.551944255828857,15.080242156982422,5.68549108505249,29.510135650634766,17.76836585998535,13.595320701599121,2.3226969242095947,12.52214241027832,54.57148742675781,37.938838958740234,12.396421432495117,16.231708526611328,23.422582626342773,23.683942794799805,2.791090250015259,22.790605545043945,14.62697982788086,51.80809020996094,14.434659957885742,7.283670425415039,2.4815540313720703,6.157205104827881,16.502965927124023,31.18314552307129,4.27830696105957,18.43984603881836,1.2564691305160522,26.40068244934082,44.050804138183594,21.188270568847656,79.47366333007812,2.6490702629089355,11.56727409362793,3.97358775138855,18.820884704589844,10.670658111572266,4.806392192840576,29.849227905273438,4.817047119140625,5.936737537384033,23.066730499267578,15.143983840942383,14.24785041809082,15.52407455444336,23.098995208740234,10.780298233032227,4.201909065246582,19.803247451782227,7.57778787612915,3.4382424354553223,8.155001640319824,22.10722541809082,4.587342739105225,18.006284713745117,90.04464721679688,30.501148223876953,16.68919563293457,1.533456802368164,23.54399871826172,35.89091110229492,7.780544281005859,6.459583759307861,8.249481201171875,29.680099487304688,10.178007125854492,19.686426162719727,11.707818984985352,11.704472541809082,7.7310686111450195,17.512828826904297,16.82379150390625
2000-08-01,0.911309540271759,10.129819869995117,32.28450012207031,26.807315826416016,11.768959045410156,1031.9923095703125,15.596356391906738,31.1507511138916,50.598690032958984,25.695621490478516,18.44719123840332,18.20665168762207,36.2704963684082,34.970909118652344,13.939348220825195,14.07042121887207,15.12707233428955,18.881553649902344,303.0627136230469,9.67859935760498,20.885835647583008,14.405652046203613,17.444419860839844,10.339337348937988,11.531415939331055,43.99998474121094,0.8547893762588501,11.618891716003418,15.975747108459473,9.083260536193848,21.070636749267578,10.011459350585938,29.221948623657227,20.44533920288086,20.101667404174805,14.281298637390137,9.954479217529297,16.456314086914062,6.376567840576172,9.610183715820312,2.8319973945617676,25.73069953918457,18.40334129333496,152.42584228515625,7.061066627502441,17.338964462280273,6.161884784698486,27.42931365966797,20.424575805664062,15.012796401977539,2.215080499649048,11.630672454833984,64.2525405883789,42.57029342651367,11.820862770080566,15.934239387512207,23.2199764251709,26.56643295288086,3.4397246837615967,23.218406677246094,12.55817985534668,36.54005432128906,14.621332168579102,7.75105619430542,2.555788516998291,5.504960536956787,15.567144393920898,31.307186126708984,4.260066032409668,19.159860610961914,1.4803946018218994,25.873748779296875,51.93313217163086,21.188270568847656,79.47366333007812,2.9598073959350586,12.139510154724121,3.594677686691284,20.724700927734375,9.287104606628418,4.681059837341309,36.101932525634766,5.140415668487549,6.402958393096924,21.46967887878418,15.094507217407227,15.454700469970703,15.264975547790527,26.766752243041992,10.83751106262207,5.215912818908691,18.2593994140625,8.799284934997559,3.358016014099121,8.69300365447998,25.518404006958008,5.6957550048828125,18.842493057250977,95.92826080322266,35.780948638916016,13.371402740478516,1.7277885675430298,25.17486572265625,40.2641716003418,8.988638877868652,5.947770595550537,9.978998184204102,30.870601654052734,10.652607917785645,17.467615127563477,12.906254768371582,10.089150428771973,8.841353416442871,17.927494049072266,18.359983444213867
2000-09-01,0.3850860297679901,11.00861930847168,38.561622619628906,30.10130500793457,13.108602523803711,1107.7862548828125,18.63852882385254,21.406269073486328,46.60460662841797,27.109373092651367,17.312551498413086,18.14510726928711,37.3364372253418,42.0506477355957,13.62633228302002,13.48690128326416,13.367125511169434,20.478668212890625,280.5986633300781,8.160785675048828,23.41729164123535,13.348652839660645,19.071353912353516,10.488201141357422,11.758630752563477,35.424400329589844,0.7845398187637329,14.488190650939941,16.114553451538086,9.974148750305176,20.290966033935547,10.176685333251953,28.69447898864746,19.628562927246094,23.039905548095703,13.270075798034668,10.853562355041504,16.65438461303711,5.920241832733154,10.13166618347168,2.5393431186676025,28.275083541870117,18.366792678833008,150.66314697265625,7.799093723297119,16.04302215576172,5.716728687286377,30.211462020874023,18.717065811157227,12.089685440063477,2.394439220428467,14.746942520141602,54.815059661865234,23.63043785095215,10.633563041687012,15.935958862304688,23.72106170654297,21.960384368896484,2.158836841583252,22.247737884521484,13.192782402038574,40.59830856323242,16.96847152709961,7.759162425994873,1.776326298713684,6.458118438720703,15.721758842468262,31.641170501708984,4.370192527770996,18.77042579650879,1.4914703369140625,27.557018280029297,44.14130783081055,18.30499267578125,44.8563117980957,3.646907091140747,11.135540962219238,3.644331693649292,24.19891357421875,8.375542640686035,3.8867478370666504,31.263517379760742,5.247203350067139,8.009560585021973,23.237247467041016,15.717757225036621,16.747474670410156,14.79907512664795,29.512235641479492,10.616000175476074,6.549420356750488,21.728290557861328,6.59606409072876,3.673189163208008,11.014912605285645,24.670886993408203,6.171145439147949,19.331974029541016,90.66536712646484,39.588600158691406,14.777026176452637,2.064741849899292,26.836383819580078,28.652395248413086,9.391342163085938,5.854221343994141,9.415297508239746,27.98702049255371,11.326820373535156,17.86248207092285,11.834017753601074,10.206412315368652,9.700693130493164,19.567564010620117,16.94767951965332
2000-10-01,0.29255327582359314,12.271282196044922,37.785430908203125,29.39799690246582,13.89877986907959,1134.55859375,21.588512420654297,19.17316246032715,38.66857147216797,28.771162033081055,16.196195602416992,18.806650161743164,36.92352294921875,44.21022415161133,12.504356384277344,13.888233184814453,16.938020706176758,21.797256469726562,273.1376037597656,9.334301948547363,23.41729164123535,16.67125701904297,21.618600845336914,10.377341270446777,13.410120964050293,34.542781829833984,0.9104255437850952,16.581628799438477,15.523846626281738,10.229065895080566,24.91873550415039,11.267044067382812,26.865903854370117,17.74673080444336,23.220382690429688,14.41999340057373,11.18637752532959,18.25457000732422,6.53868293762207,10.503259658813477,2.2872090339660645,29.882062911987305,21.012680053710938,142.844970703125,9.242050170898438,12.150078773498535,5.404739856719971,24.540122985839844,28.272600173950195,11.591145515441895,2.425309896469116,14.798029899597168,47.94036102294922,25.5848331451416,13.506243705749512,15.846837043762207,23.263370513916016,21.782609939575195,1.772277593612671,26.308637619018555,14.449240684509277,44.72694396972656,18.47311019897461,7.906216144561768,1.6437642574310303,7.265381813049316,16.144920349121094,33.199256896972656,4.654805660247803,19.903329849243164,1.855629563331604,33.29515838623047,38.855308532714844,20.903730392456055,33.88601303100586,3.6599037647247314,8.883869171142578,3.6329612731933594,22.36818504333496,8.15893268585205,4.438570499420166,26.20182228088379,4.7811174392700195,7.435645580291748,24.468549728393555,15.110906600952148,17.942344665527344,18.14257049560547,30.596914291381836,11.936728477478027,6.4587602615356445,19.855663299560547,8.554482460021973,4.097238540649414,10.080490112304688,22.816370010375977,5.585825443267822,19.522058486938477,90.24124908447266,37.95756530761719,15.93034839630127,2.500633478164673,27.302520751953125,29.608959197998047,10.4017972946167,7.0476179122924805,8.284411430358887,29.249263763427734,11.419288635253906,19.987606048583984,11.711477279663086,9.623189926147461,9.083963394165039,19.584716796875,9.533073425292969
2000-11-01,0.24675464630126953,12.794089317321777,31.482683181762695,29.707460403442383,15.635031700134277,1122.700927734375,20.609853744506836,14.594161033630371,42.46452713012695,21.56752586364746,15.338109016418457,17.357568740844727,33.80809020996094,45.1220817565918,10.536173820495605,14.627532958984375,17.190828323364258,24.792978286743164,259.2420959472656,10.465731620788574,23.566450119018555,16.66842269897461,21.648876190185547,9.495054244995117,15.301289558410645,30.69580078125,0.9439024925231934,17.81496238708496,15.596921920776367,10.410994529724121,24.86787986755371,12.453051567077637,21.708402633666992,17.16851043701172,24.31865692138672,15.983891487121582,12.026689529418945,18.21062469482422,6.780297756195068,9.146373748779297,2.3232290744781494,30.558000564575195,22.38906478881836,129.16305541992188,9.103694915771484,10.978623390197754,5.813236236572266,22.387439727783203,25.7064208984375,7.883218765258789,2.7048068046569824,17.313947677612305,45.56471633911133,21.649778366088867,12.651713371276855,16.060733795166016,25.338050842285156,17.653488159179688,1.4414087533950806,27.878192901611328,15.029996871948242,47.020198822021484,17.628734588623047,6.932815074920654,1.2725921869277954,7.089890956878662,16.70927619934082,32.54981231689453,5.471919536590576,20.69967269897461,1.934794545173645,34.31321334838867,30.66091537475586,17.413455963134766,30.716827392578125,3.703587293624878,10.234869003295898,3.877434253692627,22.556936264038086,8.422597885131836,4.446567535400391,21.040851593017578,5.202094554901123,7.65961217880249,22.92151641845703,15.537205696105957,18.805707931518555,17.04242706298828,30.425323486328125,11.250425338745117,6.546968936920166,24.472917556762695,8.813048362731934,4.177464962005615,10.971874237060547,18.582799911499023,6.069423198699951,16.227548599243164,83.50450134277344,39.25385665893555,17.369054794311523,2.3547680377960205,26.703203201293945,22.517900466918945,11.156669616699219,6.991238117218018,8.152911186218262,30.00825309753418,11.757604598999023,18.13597869873047,9.908360481262207,11.067994117736816,9.683639526367188,19.418170928955078,7.894187927246094
2000-12-01,0.22245283424854279,11.254732131958008,28.905698776245117,28.542179107666016,15.804977416992188,1141.521728515625,23.472335815429688,13.782126426696777,42.673099517822266,23.780689239501953,20.567005157470703,20.758899688720703,33.80809020996094,43.12118148803711,12.102579116821289,15.131690979003906,17.55710220336914,26.447324752807617,265.74761962890625,12.59548282623291,25.397756576538086,18.31398582458496,17.197980880737305,9.558075904846191,15.87437629699707,24.52458381652832,0.9439024925231934,18.774232864379883,16.085067749023438,11.625619888305664,30.03580093383789,14.088834762573242,21.85797882080078,17.011234283447266,23.05119514465332,15.941530227661133,12.430276870727539,19.694332122802734,7.269786357879639,9.42277717590332,2.4673054218292236,25.48200035095215,22.902904510498047,125.33491516113281,9.864644050598145,11.924345970153809,5.341893672943115,26.100828170776367,24.948415756225586,7.887589931488037,2.6867752075195312,17.621898651123047,41.422462463378906,17.099411010742188,15.242753028869629,17.046449661254883,26.620800018310547,21.7526912689209,1.7657252550125122,28.29176902770996,14.62500286102295,46.70651626586914,17.551176071166992,7.700719356536865,1.2301723957061768,8.109150886535645,17.823225021362305,36.905738830566406,5.3271803855896,24.974327087402344,2.260101318359375,34.7917366027832,38.34127426147461,13.164426803588867,34.617366790771484,4.011055946350098,11.196683883666992,5.083820343017578,22.205781936645508,7.800054550170898,5.098490238189697,23.075462341308594,5.899667263031006,8.822726249694824,25.116430282592773,16.128881454467773,19.70047950744629,19.437732696533203,33.4278450012207,12.498604774475098,7.130806922912598,25.06378173828125,10.427864074707031,4.057126045227051,12.744467735290527,24.018959045410156,6.3939290046691895,17.907581329345703,83.06802368164062,37.85451889038086,18.632915496826172,2.550041437149048,29.076919555664062,28.5905704498291,11.673786163330078,7.663049697875977,9.850743293762207,33.50772476196289,13.802407264709473,22.10502815246582,11.231449127197266,11.280919075012207,10.459576606750488,19.1837215423584,5.262793064117432
2001-01-01,0.3233981430530548,10.469205856323242,21.707408905029297,26.98575210571289,14.700329780578613,984.6763916015625,20.94931411743164,18.158111572265625,46.927894592285156,24.40557861328125,16.908613204956055,19.123491287231445,29.029638290405273,38.221038818359375,14.198600769042969,15.057584762573242,17.4328670501709,22.22343635559082,291.28802490234375,11.861827850341797,22.1435489654541,17.09255027770996,16.45551300048828,9.853015899658203,15.181806564331055,24.00362777709961,1.109938383102417,18.5624942779541,15.864575386047363,10.723332405090332,28.129091262817383,13.199296951293945,23.000444412231445,17.362472534179688,19.776702880859375,15.337095260620117,11.28088092803955,18.991518020629883,9.130996704101562,11.455933570861816,3.371384382247925,28.938270568847656,20.92091178894043,120.21697235107422,9.33521842956543,13.54934310913086,5.988013744354248,27.53619384765625,24.91545295715332,9.208963394165039,2.797208786010742,16.28742218017578,54.5801887512207,21.045425415039062,14.43509292602539,18.745723724365234,23.59732437133789,26.51870346069336,2.404531478881836,25.914453506469727,13.919999122619629,39.54840850830078,17.928569793701172,9.256063461303711,2.242943048477173,8.345012664794922,15.385643005371094,33.0366096496582,5.384420394897461,22.932859420776367,2.260101318359375,30.538684844970703,41.14105224609375,18.53262710571289,44.63203048706055,3.242387533187866,10.13853645324707,5.010720252990723,23.190326690673828,9.604777336120605,5.318490505218506,23.125091552734375,5.525008678436279,7.422880172729492,22.333040237426758,15.830854415893555,18.13165283203125,19.29456901550293,34.09930419921875,12.462846755981445,6.619910717010498,25.635570526123047,10.330425262451172,4.578592300415039,11.239750862121582,23.076234817504883,5.611271858215332,19.503610610961914,86.76117706298828,34.416812896728516,21.943511962890625,2.84869384765625,25.708154678344727,26.446456909179688,10.729425430297852,7.999770641326904,9.999034881591797,31.831480026245117,12.826298713684082,24.331172943115234,11.004355430603027,12.061294555664062,9.166642189025879,18.568628311157227,9.296650886535645
2001-02-01,0.27292555570602417,11.433045387268066,14.4405517578125,26.598041534423828,16.379262924194336,947.7978515625,21.580493927001953,15.248308181762695,48.095882415771484,23.943466186523438,17.23152732849121,20.53105926513672,27.044998168945312,40.760589599609375,13.522741317749023,15.778939247131348,18.24416160583496,22.76923370361328,256.5924072265625,11.159015655517578,21.90415382385254,16.799510955810547,17.53304100036621,9.013591766357422,13.811302185058594,15.187607765197754,1.228169560432434,19.126901626586914,16.442222595214844,11.487682342529297,27.00739288330078,12.516572952270508,23.378128051757812,16.139562606811523,22.18701171875,15.484752655029297,12.084816932678223,16.80938148498535,9.503664016723633,11.30151081085205,4.048542022705078,26.10056495666504,20.095626831054688,121.57644653320312,9.992469787597656,13.138976097106934,6.18963098526001,24.27983856201172,24.73882484436035,7.209731578826904,3.1176772117614746,17.619783401489258,48.73907470703125,16.25533103942871,14.161133766174316,17.329059600830078,24.74431610107422,22.50160026550293,1.8738312721252441,28.61595916748047,12.727203369140625,40.01902389526367,19.36574935913086,9.676867485046387,1.8240485191345215,9.524321556091309,15.41185474395752,31.311370849609375,5.805425643920898,23.491907119750977,2.4748122692108154,29.80290412902832,31.598079681396484,17.906660079956055,33.369197845458984,3.668328046798706,11.057241439819336,3.5551421642303467,25.13534164428711,10.639958381652832,5.678193092346191,15.085895538330078,5.836413860321045,8.130514144897461,23.351640701293945,15.816889762878418,17.793445587158203,19.03573989868164,32.01704788208008,13.906627655029297,7.210103511810303,16.715538024902344,10.11832046508789,4.366567134857178,11.878212928771973,19.21107292175293,6.020759105682373,18.082399368286133,78.48526000976562,30.613365173339844,22.566730499267578,2.8136067390441895,24.781967163085938,17.842309951782227,11.265799522399902,8.295724868774414,9.829559326171875,29.781436920166016,12.36065673828125,24.666400909423828,11.72711181640625,10.636448860168457,10.149162292480469,17.978368759155273,6.930006980895996
2001-03-01,0.33005276322364807,11.012972831726074,17.38280487060547,24.558332443237305,16.19321632385254,932.7351684570312,22.70663070678711,15.699441909790039,40.170265197753906,24.802824020385742,16.91155242919922,19.537973403930664,25.45485496520996,36.50758361816406,14.6029634475708,16.13019371032715,17.95842170715332,21.32931900024414,234.67918395996094,11.90474796295166,22.084611892700195,15.721271514892578,15.334095001220703,9.307792663574219,13.783616065979004,10.13843059539795,1.2377179861068726,18.339868545532227,16.85299301147461,11.296684265136719,26.1240234375,11.242366790771484,21.603046417236328,15.079303741455078,23.270488739013672,15.706920623779297,12.160200119018555,15.57819652557373,9.149700164794922,11.427490234375,3.760389804840088,26.57883644104004,18.49222183227539,109.83927917480469,9.58252239227295,12.126011848449707,6.502134323120117,24.64640998840332,21.59947967529297,7.836811542510986,2.824760913848877,19.057628631591797,46.92417526245117,14.974823951721191,13.56701374053955,16.322935104370117,22.237585067749023,21.652849197387695,2.0638351440429688,27.25568962097168,10.877479553222656,38.60883712768555,18.48431396484375,10.121926307678223,2.0149364471435547,9.96235179901123,13.91784381866455,27.983224868774414,6.233153820037842,21.64797592163086,2.463639736175537,28.329343795776367,25.95573616027832,16.59779167175293,40.497440338134766,3.4568557739257812,10.597038269042969,3.6814239025115967,23.375469207763672,9.845927238464355,5.16883659362793,11.616141319274902,6.082031726837158,7.926503658294678,22.340505599975586,14.3933744430542,15.799574851989746,17.571456909179688,31.210874557495117,12.543185234069824,6.977470397949219,17.26828384399414,8.002635955810547,3.8909459114074707,12.015791893005371,17.360788345336914,6.826126575469971,18.294017791748047,74.08715057373047,28.523231506347656,20.87712287902832,2.9442574977874756,23.744314193725586,18.705734252929688,11.27753734588623,8.523524284362793,9.90920639038086,32.94742202758789,12.318326950073242,23.322729110717773,12.09128189086914,10.739212989807129,10.978239059448242,17.967267990112305,6.8726372718811035
2001-04-01,0.38119858503341675,10.871091842651367,22.32872772216797,24.499637603759766,16.999427795410156,947.7978515625,22.603761672973633,19.705503463745117,40.80598449707031,23.223827362060547,18.77560806274414,21.873384475708008,26.21266746520996,40.49846267700195,14.936360359191895,15.617877960205078,16.448333740234375,20.208587646484375,256.43572998046875,13.561103820800781,21.447772979736328,15.936594009399414,15.624263763427734,10.134675979614258,14.1559476852417,10.886992454528809,1.2880357503890991,18.502849578857422,18.534452438354492,12.001083374023438,27.67970848083496,12.705665588378906,22.849380493164062,16.438297271728516,25.459245681762695,14.0073881149292,12.261808395385742,16.746562957763672,9.83224868774414,12.102785110473633,4.080238342285156,26.8275203704834,22.816072463989258,127.34117889404297,8.838919639587402,14.257553100585938,6.190378665924072,26.93378448486328,25.87702751159668,7.125055313110352,3.0043833255767822,16.608074188232422,56.17433547973633,17.591323852539062,14.732682228088379,18.20104217529297,24.528202056884766,23.328828811645508,2.8807194232940674,23.86832046508789,11.12557315826416,42.809165954589844,18.23025131225586,10.917098045349121,2.5112481117248535,9.069443702697754,14.415844917297363,27.31841468811035,5.833840847015381,24.796186447143555,2.6017494201660156,28.355484008789062,30.60550308227539,20.56229591369629,44.2517204284668,3.3779067993164062,11.984114646911621,3.81463360786438,24.248693466186523,11.610433578491211,6.543924331665039,12.830949783325195,7.401650905609131,8.528885841369629,22.26934051513672,15.219364166259766,15.24896240234375,20.6238956451416,30.194198608398438,14.46452808380127,8.729782104492188,17.4924259185791,9.91357707977295,3.5482661724090576,11.99744701385498,19.979524612426758,7.448193550109863,19.86733055114746,80.41717529296875,31.693159103393555,22.248485565185547,2.882612705230713,24.3103084564209,23.381078720092773,12.4612398147583,8.620505332946777,9.046425819396973,32.52528762817383,11.695810317993164,26.019380569458008,12.962307929992676,11.002911567687988,11.375659942626953,19.653099060058594,10.372062683105469
2001-05-01,0.2983485162258148,12.18368148803711,19.76877784729004,24.26931381225586,17.512832641601562,938.95068359375,24.4787540435791,18.020065307617188,44.303253173828125,24.620141983032227,17.481037139892578,23.796648025512695,26.01504135131836,41.32144546508789,15.953100204467773,16.921789169311523,17.455062866210938,19.573457717895508,268.13409423828125,14.630859375,23.280155181884766,16.162023544311523,17.00360679626465,11.008705139160156,13.737398147583008,12.348845481872559,1.3770580291748047,17.231660842895508,18.563037872314453,11.732882499694824,29.63258934020996,11.557913780212402,23.884206771850586,17.886882781982422,25.04871368408203,15.136713981628418,13.02448844909668,17.112651824951172,10.508772850036621,9.996705055236816,4.515349388122559,25.507509231567383,22.94631004333496,128.57440185546875,9.500555038452148,15.422300338745117,7.580059051513672,28.186120986938477,25.622926712036133,7.348101615905762,3.4371187686920166,16.751068115234375,54.61079788208008,15.381409645080566,14.478996276855469,19.659889221191406,24.73615837097168,23.897706985473633,2.705655097961426,24.290237426757812,11.417021751403809,42.799049377441406,19.91036605834961,12.04866886138916,2.343266725540161,9.996045112609863,15.87315845489502,26.326122283935547,5.997129917144775,24.832706451416016,2.6692466735839844,27.370195388793945,31.687580108642578,20.99630355834961,36.56764221191406,3.316913604736328,13.469805717468262,3.74985408782959,23.95545196533203,13.080073356628418,6.6071343421936035,12.148115158081055,7.364790916442871,9.441652297973633,22.752243041992188,15.1139497756958,16.312963485717773,21.453433990478516,32.13382339477539,15.248295783996582,9.477365493774414,18.523181915283203,10.408172607421875,3.5794386863708496,11.544346809387207,18.994112014770508,7.606361389160156,19.743398666381836,79.96637725830078,33.5743408203125,21.90382957458496,3.083003044128418,27.27497673034668,20.614015579223633,10.942596435546875,8.712934494018555,9.524795532226562,38.20723342895508,11.782938957214355,29.517061233520508,12.110856056213379,11.005032539367676,11.04751205444336,19.78339195251465,11.370261192321777
2001-06-01,0.3476998507976532,11.250794410705566,23.369356155395508,22.485525131225586,16.106908798217773,985.43505859375,23.918710708618164,17.720510482788086,40.49898147583008,24.620141983032227,14.897775650024414,23.380441665649414,23.964452743530273,36.53159713745117,16.16312026977539,17.30560874938965,18.245656967163086,18.873382568359375,276.4529113769531,13.520578384399414,23.57858657836914,16.83258819580078,16.61581802368164,9.692557334899902,11.974889755249023,11.669210433959961,1.34152090549469,12.115520477294922,17.49042320251465,10.64100170135498,27.792131423950195,11.777673721313477,21.82210350036621,15.886787414550781,21.37248992919922,15.218343734741211,13.240730285644531,15.290444374084473,9.420276641845703,10.078814506530762,3.184084892272949,25.635046005249023,23.03215217590332,128.57440185546875,9.819028854370117,11.77847957611084,7.302120208740234,27.03516960144043,18.47602653503418,7.188964366912842,3.5463967323303223,17.046648025512695,55.44120788574219,16.657014846801758,13.513739585876465,18.233840942382812,25.49392318725586,21.622194290161133,3.064696788787842,22.566125869750977,10.881612777709961,37.392311096191406,19.265579223632812,12.571992874145508,2.515489339828491,10.625008583068848,14.18519401550293,28.18206214904785,6.267248630523682,23.89451789855957,2.598121404647827,23.965322494506836,31.30739974975586,22.15567970275879,40.07814025878906,3.4285218715667725,12.251562118530273,3.8365535736083984,21.618196487426758,12.242283821105957,6.328896522521973,15.085895538330078,6.5879807472229,9.077594757080078,22.53926658630371,14.11315631866455,16.20123291015625,18.846696853637695,30.528316497802734,14.41732120513916,8.770200729370117,17.833972930908203,8.441692352294922,4.217576503753662,11.996528625488281,15.913712501525879,7.51265811920166,20.36211395263672,78.06082916259766,30.290517807006836,20.04953384399414,2.9365015029907227,27.47698211669922,19.272783279418945,11.7514009475708,8.34981918334961,9.816289901733398,37.97410202026367,11.620261192321777,29.334007263183594,10.168174743652344,10.392581939697266,10.37299633026123,19.475696563720703,10.980158805847168
2001-07-01,0.2810012996196747,12.615787506103516,18.640792846679688,23.051061630249023,15.698740005493164,965.0328369140625,19.008827209472656,16.551179885864258,41.85383605957031,25.09832000732422,15.250048637390137,20.8660888671875,24.95999526977539,38.45674514770508,17.129722595214844,17.06572723388672,17.618593215942383,21.452037811279297,262.6929016113281,14.982715606689453,21.05726432800293,15.516887664794922,18.456850051879883,9.771114349365234,12.828723907470703,12.323200225830078,1.4481315612792969,11.318999290466309,17.662425994873047,10.704707145690918,30.42506217956543,13.053462028503418,19.90350914001465,15.253852844238281,21.153339385986328,14.872899055480957,13.220771789550781,14.496856689453125,9.869117736816406,10.45651626586914,3.1005208492279053,26.381135940551758,24.03397560119629,114.51273345947266,9.926313400268555,11.583274841308594,8.151152610778809,28.82642936706543,19.624061584472656,6.198592662811279,3.700239658355713,16.67372703552246,51.391788482666016,16.97592544555664,15.425335884094238,18.147424697875977,27.606510162353516,21.210779190063477,2.850843906402588,24.54822540283203,10.784878730773926,40.0603141784668,20.60195541381836,13.239480972290039,2.3746559619903564,10.052202224731445,15.275548934936523,29.455751419067383,6.367177486419678,23.42962074279785,2.3881728649139404,25.49151039123535,29.2634220123291,20.08882713317871,40.955753326416016,3.0749077796936035,12.310815811157227,4.344561576843262,21.65328025817871,11.870593070983887,6.1994476318359375,14.355417251586914,6.848129749298096,8.687755584716797,23.778406143188477,14.525457382202148,18.133195877075195,19.85031509399414,31.02518653869629,15.070039749145508,7.172426223754883,19.282535552978516,9.27372932434082,3.30804705619812,12.52714729309082,16.246179580688477,7.593437671661377,18.890750885009766,77.26493835449219,32.91010284423828,22.425344467163086,3.133680582046509,23.76460075378418,20.8577823638916,12.830431938171387,8.164305686950684,10.225482940673828,34.65357208251953,11.527657508850098,33.10753631591797,10.33789348602295,11.904617309570312,9.951212882995605,18.62175178527832,9.155866622924805
2001-08-01,0.2774118185043335,11.700031280517578,16.711576461791992,23.417524337768555,16.180511474609375,906.96044921875,18.551393508911133,15.551460266113281,42.91503143310547,26.301912307739258,13.776412963867188,21.66843032836914,22.540122985839844,33.74323654174805,16.55891227722168,17.68255043029785,18.317028045654297,21.39560317993164,240.37991333007812,13.595932960510254,20.007720947265625,15.502575874328613,18.39265251159668,9.841283798217773,13.217902183532715,10.470232963562012,1.3119326829910278,11.35043716430664,17.663204193115234,11.25430679321289,29.305036544799805,13.433085441589355,19.208587646484375,15.211771965026855,21.694805145263672,14.887755393981934,13.788150787353516,13.640028953552246,9.724786758422852,8.254707336425781,3.5673277378082275,26.846656799316406,23.46053123474121,107.66828155517578,10.007564544677734,9.217650413513184,8.77894401550293,26.31838035583496,19.932035446166992,5.834118366241455,3.7251040935516357,17.8981990814209,48.886863708496094,15.93232250213623,15.287555694580078,18.006277084350586,26.985706329345703,19.30034065246582,2.575664758682251,25.04880142211914,11.769060134887695,39.36771774291992,20.784080505371094,12.899648666381836,2.4018046855926514,10.102744102478027,15.742105484008789,27.92869758605957,6.741543769836426,21.922422409057617,2.4878990650177,24.53948974609375,26.098352432250977,17.3148136138916,36.674903869628906,3.126256227493286,13.653813362121582,4.568413257598877,22.240686416625977,11.018463134765625,6.291355609893799,9.694674491882324,6.818398952484131,8.59493350982666,23.967077255249023,13.53626537322998,18.93235969543457,19.61654281616211,31.13739776611328,14.956028938293457,6.912509918212891,17.94681167602539,9.368271827697754,3.093501329421997,12.98678970336914,14.867709159851074,7.594564437866211,18.311349868774414,72.68062591552734,29.721296310424805,20.108074188232422,3.238386869430542,22.778242111206055,20.011388778686523,12.952229499816895,8.100434303283691,10.440851211547852,34.07591247558594,11.580398559570312,31.139686584472656,10.102245330810547,10.232860565185547,10.121126174926758,18.004192352294922,10.555635452270508
2001-09-01,0.23194904625415802,12.206171989440918,11.92931842803955,21.368318557739258,15.282567024230957,904.6408081054688,20.421297073364258,10.264185905456543,39.224205017089844,29.73564338684082,12.622747421264648,19.823707580566406,17.98505401611328,22.078100204467773,15.867767333984375,18.864824295043945,18.911867141723633,21.1745548248291,212.56297302246094,12.181961059570312,17.51912498474121,16.676361083984375,18.269208908081055,9.231983184814453,13.128811836242676,7.809395790100098,1.169379711151123,10.4357328414917,16.495397567749023,10.610686302185059,27.67133903503418,11.771574974060059,14.064640045166016,12.751289367675781,20.88904571533203,13.631354331970215,13.72746467590332,11.975739479064941,8.0050630569458,7.207805633544922,3.1667959690093994,23.435026168823242,26.241561889648438,98.37147521972656,10.26937484741211,7.494431018829346,7.087961196899414,21.976856231689453,14.122538566589355,4.052488327026367,3.4545342922210693,18.145235061645508,44.861480712890625,11.647245407104492,13.269021987915039,15.65156078338623,28.362895965576172,16.728580474853516,1.6552610397338867,25.139801025390625,11.452471733093262,40.92455291748047,22.81242561340332,10.975102424621582,1.4380286931991577,8.836285591125488,14.227128982543945,26.677614212036133,6.863213539123535,20.722068786621094,2.5655155181884766,25.104904174804688,22.67401123046875,15.53022575378418,18.361835479736328,3.0802385807037354,15.559149742126465,4.282230854034424,27.394020080566406,9.539079666137695,5.162961959838867,9.988447189331055,6.0842084884643555,7.991229057312012,24.80803680419922,14.168742179870605,18.585119247436523,15.291983604431152,26.77002716064453,12.642979621887207,5.230494976043701,14.497729301452637,8.568613052368164,2.739591121673584,11.905329704284668,13.86642074584961,7.8600616455078125,17.98684310913086,66.74768829345703,27.913415908813477,18.425148010253906,3.0354115962982178,22.50011444091797,15.102252006530762,12.655353546142578,7.158718585968018,9.638419151306152,30.661941528320312,11.18775749206543,26.10696029663086,8.472846984863281,10.55794906616211,10.545339584350586,17.66788101196289,8.891979217529297
2001-10-01,0.262606143951416,12.522126197814941,13.133195877075195,23.46698760986328,14.81238842010498,911.5997314453125,17.15717124938965,12.310523986816406,37.92273712158203,27.080913543701172,15.178442001342773,20.57390022277832,18.26443099975586,21.484954833984375,16.028074264526367,16.57567596435547,18.298505783081055,20.467472076416016,238.91033935546875,12.251591682434082,21.390689849853516,16.51799964904785,17.728214263916016,9.370678901672363,13.315032005310059,10.84852123260498,1.2510509490966797,7.5258612632751465,17.235008239746094,10.927136421203613,28.085233688354492,11.57752513885498,14.04198169708252,13.954002380371094,21.198104858398438,13.199860572814941,13.312812805175781,12.474520683288574,8.8473482131958,6.730644702911377,3.1984922885894775,26.196208953857422,24.323265075683594,96.28237915039062,10.430610656738281,8.205656051635742,8.403936386108398,21.89665985107422,15.8076171875,4.249432563781738,3.5137271881103516,17.69001007080078,52.858455657958984,13.91515064239502,13.634641647338867,16.545364379882812,29.647933959960938,17.49127960205078,2.141671657562256,22.508230209350586,11.704253196716309,38.79465103149414,25.42999839782715,11.83149528503418,1.6085561513900757,10.68140983581543,13.66622257232666,24.747556686401367,6.55751895904541,21.981380462646484,2.486356258392334,24.053218841552734,24.04878807067871,17.648670196533203,22.19411849975586,3.0543558597564697,15.29543685913086,4.515506744384766,27.109241485595703,9.947732925415039,5.371044635772705,10.766560554504395,6.329174518585205,7.39211893081665,24.91543960571289,14.804734230041504,18.939355850219727,16.005308151245117,25.899921417236328,13.494142532348633,5.479185581207275,14.979565620422363,8.043288230895996,3.1393449306488037,15.525657653808594,14.691719055175781,7.833840370178223,16.249967575073242,67.61681365966797,27.937965393066406,18.076961517333984,3.1184473037719727,25.054706573486328,16.933692932128906,12.512624740600586,7.938701629638672,7.726382732391357,29.50501823425293,9.941880226135254,27.837993621826172,8.960112571716309,10.963207244873047,10.594038963317871,17.6903076171875,8.031460762023926
2001-11-01,0.3185373544692993,12.999571800231934,15.958823204040527,25.193180084228516,14.783978462219238,955.6719360351562,18.827077865600586,14.342432022094727,44.336639404296875,25.50761604309082,13.581092834472656,23.492477416992188,20.42414093017578,23.250171661376953,16.677457809448242,17.81963539123535,17.31202507019043,20.58616065979004,252.2884979248047,12.991292953491211,23.120153427124023,16.759220123291016,19.625186920166016,9.580789566040039,13.81953239440918,13.105425834655762,1.3921020030975342,8.486273765563965,16.675451278686523,10.56268310546875,31.675081253051758,12.516495704650879,15.462040901184082,15.665793418884277,20.087574005126953,14.032828330993652,13.19515323638916,13.857398986816406,9.474828720092773,7.942581653594971,3.846835136413574,29.244361877441406,24.785282135009766,101.80913543701172,11.209729194641113,7.1646647453308105,8.343072891235352,26.77958106994629,17.83669662475586,5.552285671234131,3.6659889221191406,18.253271102905273,56.606346130371094,18.624675750732422,15.309514999389648,17.74576759338379,29.911724090576172,18.65869140625,2.632798671722412,23.586801528930664,11.522579193115234,42.07366943359375,24.278831481933594,15.720970153808594,1.8596806526184082,10.415546417236328,14.189166069030762,29.03386116027832,6.443631172180176,24.254085540771484,2.5060126781463623,25.538402557373047,27.283483505249023,19.487903594970703,26.484724044799805,3.219170570373535,12.968160629272461,4.847583293914795,25.57231330871582,11.515608787536621,6.434849739074707,11.139739990234375,6.24918794631958,7.615610599517822,24.87453269958496,15.342574119567871,19.88401985168457,18.384931564331055,27.33880043029785,14.978604316711426,5.707014083862305,17.907163619995117,9.7457914352417,3.2493677139282227,16.42201042175293,14.567319869995117,7.5629048347473145,17.53700828552246,72.88944244384766,32.10967254638672,21.816864013671875,3.481696367263794,25.698810577392578,19.38995361328125,13.597370147705078,8.40272045135498,8.247844696044922,32.98807144165039,10.838929176330566,31.176607131958008,8.292834281921387,11.763055801391602,10.230664253234863,16.869340896606445,9.63775634765625
2001-12-01,0.32751011848449707,13.176837921142578,15.452657699584961,26.80828285217285,15.601133346557617,921.35009765625,18.5301513671875,14.472349166870117,37.66911697387695,25.286914825439453,16.202810287475586,24.206960678100586,22.149423599243164,25.687803268432617,17.2702579498291,18.588764190673828,16.995264053344727,19.529281616210938,265.8772277832031,14.31452465057373,24.455974578857422,16.58405113220215,19.640085220336914,10.378183364868164,14.083571434020996,11.61151123046875,1.3046294450759888,9.320733070373535,17.57777976989746,10.860854148864746,28.815326690673828,13.73394775390625,15.816956520080566,15.755051612854004,21.815710067749023,15.15761947631836,13.789648056030273,14.636651039123535,10.128175735473633,6.592259883880615,3.8583602905273438,33.08323287963867,23.739025115966797,106.45985412597656,11.813935279846191,4.379707336425781,8.231497764587402,29.282468795776367,18.202688217163086,5.206005573272705,3.933910608291626,18.877887725830078,59.236122131347656,17.934661865234375,15.462797164916992,19.651195526123047,30.34820556640625,17.980998992919922,2.5976791381835938,24.366294860839844,11.569198608398438,39.97175979614258,24.393831253051758,16.10263442993164,1.9699718952178955,9.730984687805176,13.993559837341309,31.447208404541016,6.320343494415283,25.022478103637695,2.4665989875793457,22.279998779296875,27.499788284301758,20.107046127319336,30.229248046875,3.2772769927978516,12.618081092834473,5.150565147399902,27.459991455078125,10.88608169555664,6.909947395324707,10.965065956115723,6.694247722625732,8.028566360473633,24.979957580566406,14.116863250732422,20.312702178955078,20.56156349182129,26.513212203979492,14.407539367675781,5.633170127868652,15.40041446685791,10.549081802368164,3.4932548999786377,16.50130271911621,16.73360252380371,8.427239418029785,18.92755126953125,73.30048370361328,32.122314453125,23.856754302978516,3.6821558475494385,24.157217025756836,16.939739227294922,13.4679594039917,8.73149299621582,9.179367065429688,34.19350051879883,11.008600234985352,34.765506744384766,7.98391580581665,12.290379524230957,10.531848907470703,17.726335525512695,11.955410957336426
2002-01-01,0.3696833848953247,13.689780235290527,16.771484375,24.578044891357422,14.959589958190918,860.4295043945312,17.738346099853516,15.753576278686523,37.041751861572266,23.70648193359375,15.78504753112793,23.86639404296875,22.298707962036133,27.12519073486328,17.292205810546875,19.351314544677734,18.569175720214844,17.46932029724121,250.49888610839844,13.875960350036621,23.66412353515625,16.463972091674805,20.355783462524414,10.069902420043945,13.485376358032227,12.695075035095215,1.4888790845870972,8.582778930664062,16.438095092773438,10.638577461242676,25.19847869873047,13.831462860107422,16.076499938964844,16.23105812072754,19.376310348510742,16.114158630371094,14.00490665435791,14.851970672607422,10.076210975646973,6.460344314575195,4.480769634246826,34.14818572998047,26.793073654174805,98.67725372314453,11.318227767944336,4.597021102905273,8.384173393249512,28.75432586669922,18.089664459228516,5.603933334350586,3.819197416305542,19.622398376464844,52.835533142089844,19.981882095336914,16.010801315307617,20.713266372680664,29.531726837158203,17.0023136138916,3.002324104309082,24.57004165649414,10.734943389892578,38.22099685668945,27.6867618560791,15.992276191711426,1.9733654260635376,10.749343872070312,14.368906021118164,30.290197372436523,6.65616512298584,23.496273040771484,2.6957736015319824,22.42398452758789,27.145421981811523,19.33614158630371,32.91088104248047,3.11515736579895,14.420668601989746,5.486672878265381,30.401845932006836,13.428972244262695,7.802392482757568,13.704339027404785,6.547897815704346,8.007633209228516,25.698204040527344,14.761597633361816,21.06779670715332,21.9633846282959,27.463165283203125,13.535622596740723,5.447281837463379,13.43342399597168,11.370095252990723,4.358776092529297,14.934189796447754,17.172117233276367,8.308181762695312,19.889760971069336,72.58222198486328,33.06293487548828,25.809452056884766,3.818873167037964,24.55826759338379,18.896398544311523,14.149255752563477,9.505069732666016,9.131119728088379,33.09508514404297,11.815274238586426,34.46682357788086,5.531179904937744,12.80933666229248,10.137001991271973,17.61357879638672,12.999495506286621
2002-02-01,0.32451948523521423,13.416929244995117,18.105239868164062,23.990886688232422,15.946930885314941,858.8385620117188,19.37265396118164,15.688603401184082,38.69694519042969,24.827116012573242,17.17182159423828,25.027467727661133,22.671911239624023,30.57088851928711,17.711591720581055,19.229999542236328,18.81014060974121,18.09693145751953,239.13645935058594,15.319300651550293,26.740154266357422,16.12690544128418,21.85826301574707,10.243542671203613,12.674834251403809,9.149430274963379,1.4086596965789795,8.620644569396973,16.70557403564453,10.649786949157715,26.682756423950195,15.077143669128418,17.557430267333984,16.87506103515625,19.772857666015625,17.635562896728516,14.129218101501465,14.862374305725098,11.056716918945312,6.2830047607421875,4.221431255340576,36.89661407470703,27.18798065185547,102.74031066894531,10.559871673583984,5.558586120605469,7.271365642547607,28.702669143676758,20.63113021850586,5.099555492401123,4.0219879150390625,19.784725189208984,48.1143684387207,16.29049301147461,16.863780975341797,21.345874786376953,31.369731903076172,14.605499267578125,3.035343647003174,25.507190704345703,11.628092765808105,38.70001983642578,29.541908264160156,15.707627296447754,1.8359264135360718,10.721057891845703,13.79796314239502,27.382282257080078,7.379004001617432,25.099727630615234,2.8329575061798096,23.238643646240234,24.243331909179688,17.706336975097656,31.350662231445312,3.12032151222229,15.926129341125488,5.390512943267822,29.26439094543457,14.167428970336914,7.371831893920898,13.196184158325195,6.7724690437316895,8.024762153625488,25.908559799194336,14.556037902832031,21.869970321655273,22.397579193115234,26.12686538696289,14.428400039672852,5.271097183227539,10.139870643615723,11.773043632507324,4.2194132804870605,16.379810333251953,17.786170959472656,8.560965538024902,20.50385856628418,71.28040313720703,31.16940689086914,24.383251190185547,3.5115177631378174,26.865751266479492,17.770246505737305,13.795286178588867,9.29367446899414,9.144280433654785,34.64892578125,11.945164680480957,35.770347595214844,4.833523750305176,13.242851257324219,8.979026794433594,18.739187240600586,11.140789985656738
2002-03-01,0.35398077964782715,12.479759216308594,20.05790138244629,26.574302673339844,16.76154136657715,837.591064453125,20.8939208984375,19.586395263671875,39.83155822753906,25.092382431030273,18.516265869140625,26.75861167907715,25.47713279724121,32.09410858154297,18.83881378173828,20.63031005859375,19.389970779418945,15.590314865112305,261.7025146484375,15.689109802246094,25.494632720947266,16.463972091674805,21.778390884399414,10.883010864257812,12.703272819519043,10.85493278503418,1.4224698543548584,10.832598686218262,17.858985900878906,11.907000541687012,28.204448699951172,14.400516510009766,17.618501663208008,17.48488998413086,21.17320442199707,17.267688751220703,14.513619422912598,14.810755729675293,11.089580535888672,6.962818622589111,5.0772480964660645,37.049659729003906,28.106412887573242,99.80488586425781,11.158334732055664,5.750612258911133,8.038643836975098,27.93362808227539,20.71231460571289,4.565090179443359,4.019047260284424,19.193843841552734,50.997718811035156,17.35179901123047,16.57853889465332,21.05911636352539,33.45589065551758,17.80124855041504,3.4855875968933105,26.469545364379883,12.87659740447998,38.94020462036133,30.15462875366211,15.096696853637695,2.487492799758911,11.790328979492188,14.67025089263916,27.794179916381836,7.73272180557251,24.478242874145508,2.864959239959717,21.941974639892578,28.285526275634766,18.30423355102539,32.08201217651367,3.4986839294433594,18.305774688720703,5.5012688636779785,30.907506942749023,14.256749153137207,8.40778636932373,10.163128852844238,7.421730041503906,8.824073791503906,26.49785041809082,14.122485160827637,23.23699951171875,22.43354606628418,29.241724014282227,15.428689002990723,6.468358993530273,11.47864055633545,11.957832336425781,4.2414140701293945,15.845377922058105,17.972557067871094,8.928343772888184,21.267303466796875,73.6519546508789,34.114402770996094,25.09320831298828,3.7001798152923584,25.35565757751465,20.040721893310547,14.549062728881836,9.549938201904297,9.984664916992188,34.08258056640625,12.581901550292969,35.98469161987305,7.435223579406738,13.10671615600586,9.624451637268066,19.88712501525879,12.334031105041504
2002-04-01,0.3629535734653473,12.855405807495117,19.89361572265625,23.185806274414062,16.656084060668945,802.5267333984375,21.98370361328125,17.554494857788086,35.293113708496094,25.77866554260254,19.02184295654297,24.893537521362305,25.559532165527344,29.666275024414062,20.074064254760742,19.72219467163086,19.107240676879883,11.170978546142578,228.83116149902344,15.168830871582031,26.607351303100586,15.3213529586792,22.19145965576172,10.426718711853027,13.164196014404297,9.393074035644531,1.350058674812317,10.582204818725586,17.154666900634766,12.137246131896973,27.411413192749023,14.150762557983398,17.694843292236328,15.889932632446289,21.470075607299805,16.58407974243164,15.095409393310547,13.778467178344727,11.586679458618164,6.755918502807617,5.117588520050049,32.94932174682617,29.137792587280273,84.19371795654297,10.118498802185059,5.723661422729492,8.135010719299316,26.646421432495117,19.851781845092773,4.351338863372803,3.642862558364868,19.042619705200195,41.072757720947266,16.32473373413086,15.969520568847656,20.986352920532227,32.89443588256836,17.69701385498047,3.0909042358398438,26.661964416503906,13.677379608154297,33.753273010253906,32.94071578979492,14.686617851257324,2.1769802570343018,11.677179336547852,15.013874053955078,27.510543823242188,7.755404472351074,26.774734497070312,2.9606950283050537,20.70730972290039,23.64813995361328,15.861044883728027,23.110754013061523,3.730168342590332,18.847885131835938,4.888895511627197,32.98805236816406,12.761991500854492,7.649987697601318,7.971700191497803,7.319888591766357,8.930041313171387,26.703659057617188,12.91777515411377,23.378271102905273,22.456016540527344,26.43876838684082,14.698142051696777,6.223406791687012,9.19754695892334,12.798334121704102,4.1845703125,16.267305374145508,16.728960037231445,9.55525016784668,19.939842224121094,69.36866760253906,31.484039306640625,25.401649475097656,4.030338764190674,27.545576095581055,18.740550994873047,16.717519760131836,8.729265213012695,10.484563827514648,32.99283981323242,13.027617454528809,35.69890213012695,6.088592052459717,11.943575859069824,9.797679901123047,18.22646141052246,10.154067993164062
2002-05-01,0.3484468162059784,11.318477630615234,17.971956253051758,23.678359985351562,15.743383407592773,777.563720703125,21.40404510498047,16.00982093811035,31.789154052734375,24.1192626953125,18.15764617919922,25.981491088867188,26.494403839111328,28.475635528564453,20.99633026123047,18.6130428314209,19.32828712463379,12.0708646774292,229.1351776123047,14.516201972961426,21.159927368164062,15.665306091308594,22.968780517578125,10.032732009887695,13.46933364868164,10.117594718933105,1.287778615951538,10.123902320861816,17.396955490112305,11.953834533691406,28.7388858795166,14.858922958374023,17.48872947692871,15.233853340148926,18.064382553100586,18.007949829101562,15.350797653198242,15.027630805969238,11.125178337097168,7.499494552612305,5.691011905670166,34.40324783325195,30.191194534301758,83.099609375,10.451570510864258,6.249200344085693,7.788839817047119,23.95707893371582,21.317737579345703,4.857722759246826,3.600090742111206,18.77081871032715,39.527183532714844,15.77116584777832,16.70864486694336,20.67490005493164,31.7088565826416,18.125577926635742,2.732386589050293,26.580074310302734,13.689698219299316,33.2225456237793,32.55277633666992,16.377897262573242,1.9292491674423218,12.016634941101074,15.828006744384766,28.409292221069336,7.942938804626465,26.826976776123047,3.1140878200531006,21.759063720703125,22.528152465820312,15.451316833496094,22.99373435974121,3.7007904052734375,20.632829666137695,4.927399635314941,33.272682189941406,12.642560005187988,8.72582721710205,6.288434982299805,7.602503299713135,8.723884582519531,26.74481773376465,12.338797569274902,23.194368362426758,22.10870933532715,26.966096878051758,16.189788818359375,5.7792277336120605,9.648887634277344,13.174433708190918,4.452293872833252,15.684596061706543,15.778691291809082,9.209803581237793,19.75034523010254,68.9570541381836,28.619617462158203,24.155567169189453,3.9063961505889893,23.563886642456055,17.371212005615234,17.28675651550293,9.411625862121582,10.462444305419922,34.46324157714844,13.419232368469238,34.162715911865234,4.526596546173096,11.567262649536133,8.279668807983398,18.222312927246094,10.291748046875
2002-06-01,0.264999657869339,8.971382141113281,14.195026397705078,19.906360626220703,14.744911193847656,792.7214965820312,20.569686889648438,13.728891372680664,27.95150375366211,21.26938247680664,18.744644165039062,26.259029388427734,22.6364803314209,30.044639587402344,19.64533805847168,15.406867980957031,17.755802154541016,9.968551635742188,205.62733459472656,13.59418773651123,19.42125701904297,14.465831756591797,20.737104415893555,10.264594078063965,13.188031196594238,8.944260597229004,1.312111735343933,9.671907424926758,17.646196365356445,12.215868949890137,29.94125747680664,15.216642379760742,14.427628517150879,14.981313705444336,17.550838470458984,17.512563705444336,14.642354965209961,13.900236129760742,10.01431655883789,6.798409938812256,5.143521785736084,34.083011627197266,31.91681480407715,78.0081558227539,10.125385284423828,5.406804084777832,6.903051853179932,21.133264541625977,19.158777236938477,3.906226634979248,3.530771017074585,17.580934524536133,35.37546157836914,10.432259559631348,16.89473533630371,19.945035934448242,27.010690689086914,17.10207176208496,2.3057284355163574,25.503469467163086,13.849410057067871,28.960620880126953,36.46120834350586,15.766678810119629,1.5254135131835938,11.92611312866211,15.040307998657227,26.37786865234375,7.8207926750183105,26.307247161865234,2.405930757522583,19.42173957824707,21.348737716674805,16.601587295532227,19.717273712158203,3.558938980102539,17.423431396484375,4.9240946769714355,34.28477478027344,13.962352752685547,8.537393569946289,7.519126892089844,7.700240135192871,8.444705963134766,24.871976852416992,12.481436729431152,23.309213638305664,21.562761306762695,25.062891006469727,17.526199340820312,5.4597249031066895,8.383310317993164,11.99750804901123,4.556817054748535,16.075538635253906,14.260077476501465,9.346240997314453,18.677263259887695,63.867496490478516,27.61296272277832,22.20330238342285,3.6322624683380127,21.682872772216797,14.359878540039062,17.429550170898438,9.756464004516602,10.419509887695312,31.55947494506836,12.819982528686523,31.27276611328125,1.9441441297531128,11.7769193649292,6.461151599884033,18.674100875854492,6.8841118812561035
2002-07-01,0.2282104641199112,9.936211585998535,11.933782577514648,17.044958114624023,12.125308990478516,742.6465454101562,21.142610549926758,10.733360290527344,30.46100425720215,17.29998779296875,16.827199935913086,23.022830963134766,22.023305892944336,27.721181869506836,18.567575454711914,13.833263397216797,14.977757453918457,9.187810897827148,177.98040771484375,12.51517105102539,19.464279174804688,14.898381233215332,19.416765213012695,9.02161979675293,11.173773765563965,8.4569730758667,1.294143557548523,9.059820175170898,14.954399108886719,10.96844482421875,25.142648696899414,13.348699569702148,13.534492492675781,12.562898635864258,14.384905815124512,17.406497955322266,15.02814769744873,13.235225677490234,9.610987663269043,5.7671003341674805,4.400089263916016,32.519287109375,24.35470199584961,86.46681213378906,9.58080768585205,4.477405071258545,6.2517266273498535,17.76736068725586,17.598012924194336,3.6173481941223145,3.5009217262268066,22.070417404174805,34.58934020996094,10.729185104370117,15.43708324432373,19.270475387573242,27.186424255371094,12.722472190856934,2.0646207332611084,25.11269760131836,12.350698471069336,29.997859954833984,33.63349914550781,13.151688575744629,1.0435250997543335,10.641852378845215,13.084275245666504,24.907546997070312,6.909635543823242,26.912527084350586,2.536471128463745,19.022872924804688,20.107444763183594,14.562050819396973,19.005422592163086,3.360793113708496,16.146282196044922,4.523921489715576,30.36258316040039,12.13387680053711,7.328453063964844,7.947884559631348,6.955634117126465,6.73820686340332,22.157716751098633,11.536419868469238,23.346097946166992,18.165239334106445,20.40487289428711,16.25208854675293,5.454775333404541,8.380264282226562,11.108803749084473,3.599611282348633,15.778802871704102,13.162202835083008,9.81696891784668,19.56888198852539,58.8334846496582,26.253934860229492,19.4351749420166,3.284038782119751,17.387516021728516,14.039831161499023,16.688966751098633,9.045694351196289,9.544891357421875,29.138484954833984,13.024847984313965,27.44978141784668,0.9574663639068604,10.528794288635254,2.7460317611694336,16.775665283203125,7.974095821380615
2002-08-01,0.22058358788490295,9.605082511901855,10.01123046875,17.26436996459961,12.802298545837402,729.634033203125,20.818355560302734,9.643424034118652,30.05388069152832,14.39360237121582,17.990402221679688,24.406797409057617,22.522987365722656,24.86363983154297,19.567153930664062,12.578531265258789,15.735401153564453,9.783856391906738,187.36912536621094,12.21838665008545,19.55031394958496,15.826810836791992,21.716516494750977,9.234870910644531,11.101839065551758,8.860908508300781,1.3075534105300903,9.310066223144531,15.418855667114258,11.688745498657227,26.318363189697266,14.587637901306152,11.969590187072754,12.354619026184082,15.299165725708008,17.061779022216797,14.456717491149902,12.777488708496094,9.799385070800781,5.039254665374756,4.722819805145264,30.221548080444336,23.668502807617188,80.96198272705078,9.728741645812988,5.155795574188232,6.711039066314697,18.946868896484375,16.383270263671875,3.433286428451538,3.382396936416626,21.402328491210938,37.11812973022461,9.530058860778809,14.69275951385498,20.00928497314453,28.17342185974121,13.456460952758789,1.7249727249145508,24.614974975585938,12.612850189208984,29.968053817749023,33.27810287475586,14.378254890441895,0.9866827130317688,10.992616653442383,12.560908317565918,25.388429641723633,7.0311198234558105,26.85348892211914,2.7540416717529297,19.37572479248047,21.288488388061523,14.895905494689941,16.821117401123047,3.420494318008423,18.872943878173828,3.963137149810791,33.794010162353516,12.541337013244629,6.568432331085205,7.614403247833252,7.625779628753662,6.864979267120361,20.40842056274414,11.845197677612305,23.256912231445312,18.379467010498047,22.312223434448242,16.048738479614258,5.999423027038574,8.450396537780762,11.16251277923584,3.6857969760894775,17.21973419189453,13.309459686279297,9.997514724731445,19.917390823364258,59.23359298706055,26.76048469543457,19.964656829833984,3.6703083515167236,16.94739532470703,11.947501182556152,16.82032585144043,9.335556030273438,9.589517593383789,28.284542083740234,13.442275047302246,26.621883392333984,1.0488182306289673,11.449366569519043,3.8113043308258057,16.281858444213867,8.042935371398926
2002-09-01,0.21684515476226807,9.693864822387695,9.519463539123535,15.94083309173584,10.703625679016113,636.0264892578125,19.884267807006836,8.33694076538086,27.831371307373047,14.925345420837402,19.424800872802734,21.964418411254883,19.474952697753906,22.891712188720703,17.974361419677734,10.588982582092285,14.685078620910645,9.332902908325195,169.63339233398438,10.420906066894531,18.3021240234375,15.652737617492676,20.264047622680664,8.121346473693848,10.58871078491211,6.719416618347168,0.990333080291748,8.030289649963379,13.933923721313477,9.455750465393066,24.060562133789062,14.508796691894531,11.557372093200684,10.91403579711914,11.147931098937988,15.856268882751465,14.289727210998535,11.509687423706055,8.829694747924805,4.195813179016113,3.878530979156494,31.991291046142578,24.478107452392578,66.656005859375,10.26729679107666,4.415345668792725,5.680141925811768,15.03994083404541,11.848466873168945,3.0011391639709473,3.2416489124298096,17.53154182434082,28.7126407623291,7.940764427185059,13.03031063079834,17.099910736083984,28.054119110107422,9.679481506347656,1.4644711017608643,23.418872833251953,11.907750129699707,28.569021224975586,33.98758316040039,14.385201454162598,0.7550711631774902,10.18924331665039,9.336092948913574,25.96796417236328,6.956802845001221,23.634071350097656,2.166102409362793,17.66379737854004,16.883289337158203,13.275200843811035,12.062446594238281,3.2239415645599365,18.223756790161133,3.968674659729004,34.1352653503418,12.097923278808594,4.998937606811523,6.240795612335205,7.349980354309082,6.045299530029297,19.14151954650879,10.39140510559082,23.448423385620117,17.3145751953125,20.414554595947266,12.748866081237793,5.427634239196777,8.422954559326172,9.859618186950684,3.788484811782837,17.385547637939453,11.846375465393066,9.93537712097168,19.229488372802734,53.0228385925293,23.940834045410156,17.232643127441406,3.1544618606567383,16.156482696533203,8.957594871520996,16.605192184448242,8.9525728225708,8.38028335571289,26.211389541625977,12.404300689697266,22.07340431213379,0.736127495765686,10.556231498718262,3.6732144355773926,14.651383399963379,5.6793904304504395
2002-10-01,0.24032369256019592,10.105508804321289,11.782203674316406,19.498519897460938,9.626131057739258,727.3026123046875,22.250240325927734,10.84885311126709,31.07501983642578,13.351957321166992,17.693912506103516,23.10943603515625,22.772294998168945,19.953960418701172,19.664731979370117,8.672220230102539,15.259040832519531,9.762327194213867,212.42935180664062,11.541461944580078,19.006763458251953,16.00244140625,22.78815269470215,8.588150024414062,10.181219100952148,7.168231010437012,1.0361320972442627,8.802421569824219,13.607961654663086,8.946889877319336,22.897624969482422,14.808867454528809,12.748222351074219,10.785022735595703,11.683932304382324,18.333688735961914,15.124664306640625,12.62031364440918,9.534650802612305,3.6660029888153076,3.515460729598999,33.9847526550293,23.909452438354492,68.27847290039062,9.610867500305176,5.533718585968018,5.231265068054199,16.641897201538086,13.09567642211914,4.063238620758057,3.5999178886413574,18.384815216064453,38.871131896972656,9.890225410461426,13.631284713745117,17.999906539916992,30.476694107055664,10.761940956115723,1.8664926290512085,21.29364776611328,11.540290832519531,28.651622772216797,30.429590225219727,14.506773948669434,1.0681283473968506,10.387260437011719,9.573987007141113,27.66069984436035,6.7859296798706055,27.281156539916992,2.2749650478363037,20.960058212280273,19.5202579498291,16.228288650512695,15.602198600769043,3.5343518257141113,16.375539779663086,4.337235450744629,28.38092613220215,12.14509105682373,5.558187961578369,8.090801239013672,7.3888258934021,5.678618907928467,22.845489501953125,11.376118659973145,23.310142517089844,19.770612716674805,19.934171676635742,13.413393020629883,5.77290678024292,10.52717113494873,10.029296875,4.371609687805176,17.342905044555664,12.354599952697754,10.369401931762695,20.259763717651367,57.38576889038086,25.63231086730957,17.582902908325195,3.807621717453003,18.45170021057129,9.631531715393066,17.315311431884766,9.135123252868652,9.512389183044434,24.32672691345215,12.999274253845215,22.43439483642578,0.612353503704071,11.480219841003418,4.18566370010376,15.45973014831543,7.6184186935424805
2002-11-01,0.23179982602596283,10.56650161743164,14.717785835266113,19.929468154907227,10.903146743774414,757.5345458984375,21.948240280151367,12.306914329528809,31.502174377441406,13.39693832397461,17.63500213623047,23.119890213012695,24.375179290771484,22.96135139465332,19.743619918823242,11.088102340698242,15.341775894165039,10.512054443359375,223.52503967285156,14.098381042480469,21.07741928100586,14.957534790039062,22.235322952270508,8.46596622467041,11.663969039916992,9.56618881225586,1.041821837425232,8.532605171203613,13.630712509155273,9.620789527893066,28.104433059692383,16.328380584716797,15.129929542541504,13.419561386108398,11.423724174499512,18.87325096130371,14.309605598449707,13.7682466506958,10.577486038208008,4.93133544921875,4.466363430023193,33.58860397338867,24.610448837280273,73.33512878417969,10.378432273864746,7.357540130615234,6.562112331390381,15.212818145751953,14.343348503112793,5.00961446762085,3.3247179985046387,18.284345626831055,42.879337310791016,11.949605941772461,15.42587947845459,19.93182373046875,29.679880142211914,13.054366111755371,2.3151638507843018,20.805753707885742,11.382198333740234,35.438514709472656,27.49268913269043,14.4268217086792,1.3777927160263062,11.695103645324707,9.916525840759277,28.864675521850586,7.258866310119629,28.042381286621094,2.1058080196380615,22.957904815673828,22.690038681030273,17.506023406982422,15.416918754577637,3.5581700801849365,15.507752418518066,4.115730285644531,26.777833938598633,11.86250114440918,6.626560211181641,9.647031784057617,7.212717056274414,5.934306621551514,22.006275177001953,11.334065437316895,22.27705955505371,21.24285125732422,20.689172744750977,14.40674877166748,5.554400444030762,12.570393562316895,12.869855880737305,3.9865269660949707,18.646541595458984,13.629802703857422,9.133452415466309,18.702239990234375,60.92537307739258,27.881399154663086,20.340347290039062,3.636676549911499,20.949419021606445,12.15176773071289,15.506689071655273,8.9572172164917,9.877729415893555,27.528200149536133,11.969098091125488,26.05317497253418,0.8761868476867676,11.55526065826416,4.32250452041626,16.08871841430664,10.004908561706543
2002-12-01,0.21430258452892303,9.654178619384766,12.360349655151367,18.046749114990234,10.484976768493652,673.1677856445312,20.801061630249023,9.40522575378418,32.263031005859375,13.874349594116211,18.65291404724121,22.46243667602539,22.18341064453125,22.246545791625977,19.78263282775879,9.888998985290527,15.920696258544922,9.295114517211914,202.31089782714844,12.917397499084473,18.241037368774414,15.26025390625,20.921689987182617,8.5686674118042,11.412141799926758,8.399269104003906,1.0666903257369995,7.926299095153809,13.51887321472168,10.366660118103027,26.459720611572266,14.704732894897461,12.605865478515625,12.594600677490234,11.307985305786133,18.86634635925293,15.414779663085938,13.425034523010254,10.889781951904297,4.030004501342773,4.835198402404785,34.67573165893555,23.98196029663086,66.34302520751953,10.920388221740723,6.441719055175781,5.912044525146484,13.872788429260254,13.234922409057617,4.483725070953369,3.4705002307891846,19.150436401367188,38.232261657714844,8.910696983337402,13.743765830993652,19.078001022338867,27.956972122192383,12.447546005249023,1.85391366481781,19.743505477905273,10.933290481567383,32.947967529296875,30.415769577026367,13.036273956298828,0.9162663817405701,10.861360549926758,8.61933422088623,28.19042205810547,7.111868381500244,26.62784194946289,2.2982726097106934,22.010610580444336,20.021804809570312,15.691086769104004,9.497838020324707,3.6386494636535645,19.255348205566406,4.093878269195557,26.802709579467773,12.018827438354492,5.471804141998291,8.575139999389648,7.435234546661377,6.481893539428711,21.948322296142578,10.98897933959961,22.648649215698242,20.988059997558594,20.542095184326172,14.4268798828125,5.850631237030029,11.097440719604492,12.66197681427002,3.7371394634246826,18.970569610595703,13.018715858459473,9.912033081054688,19.064998626708984,57.47883224487305,24.245094299316406,17.54485321044922,3.627384901046753,19.318552017211914,9.115340232849121,15.896971702575684,9.297475814819336,9.658462524414062,27.353134155273438,12.140050888061523,25.29744529724121,0.8832844495773315,10.844459533691406,4.504410266876221,16.153453826904297,9.236180305480957
2003-01-01,0.2147514671087265,9.255110740661621,13.17398452758789,15.94090461730957,9.061655044555664,629.7637329101562,19.78883934020996,8.64009952545166,34.01166915893555,13.903726577758789,20.45986557006836,21.77937889099121,22.296367645263672,21.302474975585938,19.919132232666016,9.952570915222168,17.015274047851562,9.471785545349121,198.59889221191406,12.518657684326172,18.309425354003906,14.870502471923828,19.495147705078125,8.533251762390137,11.655261993408203,8.572382926940918,1.0561401844024658,7.196796417236328,13.09589672088623,10.232593536376953,25.889528274536133,13.534124374389648,13.525605201721191,11.303181648254395,9.855425834655762,18.79010772705078,14.370811462402344,12.390097618103027,9.971087455749512,3.98935604095459,5.408622741699219,33.63967514038086,20.06109619140625,63.04631805419922,10.512320518493652,6.458933353424072,6.1576924324035645,12.070836067199707,13.477556228637695,4.496640205383301,3.3636972904205322,18.315584182739258,38.577606201171875,8.962207794189453,14.030668258666992,17.88966941833496,27.90492820739746,12.279193878173828,1.7108206748962402,19.26520538330078,10.09035587310791,31.25646209716797,26.88701057434082,11.890018463134766,0.9917729496955872,11.343457221984863,7.633044242858887,27.77004051208496,6.866632461547852,26.897794723510742,2.1474361419677734,21.53626823425293,19.110376358032227,14.404230117797852,8.005876541137695,3.533358335494995,19.202272415161133,4.1003241539001465,25.25810432434082,11.844467163085938,5.287644386291504,9.551753044128418,7.6338629722595215,7.1240234375,21.04376792907715,10.96651840209961,22.659154891967773,18.340097427368164,21.823169708251953,14.047151565551758,5.904613018035889,11.484736442565918,14.09264087677002,4.166232585906982,19.061111450195312,11.660862922668457,9.952936172485352,18.68016815185547,56.06515121459961,24.611881256103516,16.498010635375977,3.4118239879608154,18.51857566833496,9.668513298034668,16.73464584350586,8.861099243164062,9.603846549987793,24.836647033691406,12.269560813903809,25.17633628845215,1.0599414110183716,10.262629508972168,4.512600898742676,15.7882080078125,10.154067993164062
2003-02-01,0.2244720757007599,8.648136138916016,13.712512016296387,14.943172454833984,8.583013534545898,573.5597534179688,17.914499282836914,9.369132995605469,36.467750549316406,14.406588554382324,21.400737762451172,20.36594581604004,21.072673797607422,18.68655014038086,19.688791275024414,10.026737213134766,17.845287322998047,9.355345726013184,192.7595672607422,13.378278732299805,17.227643966674805,14.695237159729004,21.58137321472168,9.052033424377441,10.084697723388672,8.963493347167969,1.0158488750457764,7.922204494476318,13.192229270935059,10.296125411987305,24.32154655456543,13.271139144897461,13.185535430908203,11.080803871154785,7.960047245025635,18.69483184814453,14.243033409118652,12.534570693969727,9.952851295471191,3.643406867980957,4.904354572296143,32.87221908569336,17.97429656982422,66.0489730834961,10.030342102050781,6.975376605987549,6.214137077331543,13.543596267700195,12.725937843322754,4.093723773956299,3.1395506858825684,18.44081687927246,38.52906799316406,9.884794235229492,13.863330841064453,17.521987915039062,27.41350555419922,11.931971549987793,1.8738312721252441,19.0613956451416,10.030497550964355,29.511703491210938,24.13766860961914,13.671075820922852,1.1309095621109009,12.09212589263916,7.295345783233643,27.634042739868164,7.090406894683838,27.21675682067871,2.191667318344116,20.50980567932129,18.580930709838867,14.432276725769043,7.791346073150635,3.424574613571167,18.12774085998535,4.2687907218933105,24.066085815429688,11.501603126525879,5.511549472808838,9.496170997619629,7.814186096191406,6.992768287658691,19.92089080810547,10.771461486816406,21.676729202270508,18.425859451293945,22.264190673828125,13.471349716186523,5.933294773101807,10.545466423034668,14.175625801086426,4.3000946044921875,16.405864715576172,12.93277645111084,9.967065811157227,17.825632095336914,55.30946350097656,22.908504486083984,16.79172134399414,2.9910852909088135,17.508682250976562,10.185384750366211,15.782743453979492,8.570700645446777,9.521918296813965,23.298751831054688,11.821751594543457,24.02820587158203,1.2464121580123901,10.318446159362793,4.541265487670898,15.834819793701172,10.326168060302734
2003-03-01,0.21146106719970703,9.131287574768066,15.379027366638184,14.21314525604248,9.004679679870605,575.9907836914062,18.786727905273438,9.080409049987793,38.409950256347656,15.317642211914062,21.252239227294922,21.879215240478516,20.8530330657959,16.99146842956543,19.186798095703125,6.583247184753418,17.919055938720703,8.484050750732422,199.1771697998047,14.004496574401855,18.10296630859375,15.901590347290039,23.550256729125977,9.56979751586914,10.211118698120117,8.322327613830566,1.078630805015564,7.588133811950684,13.290911674499512,10.576929092407227,24.890296936035156,12.660825729370117,13.15461540222168,10.516345024108887,8.566916465759277,18.857891082763672,14.049482345581055,12.076546669006348,9.812568664550781,3.2930805683135986,4.912999629974365,35.253604888916016,16.703420639038086,70.03114318847656,10.657387733459473,7.180976867675781,7.127525806427002,14.107783317565918,11.875311851501465,4.036863803863525,3.1634585857391357,17.884244918823242,38.76632308959961,9.328960418701172,13.376551628112793,17.169837951660156,30.246334075927734,12.473849296569824,1.883789300918579,19.05107307434082,10.15466022491455,29.81954574584961,25.10380744934082,14.199833869934082,0.965472936630249,12.761388778686523,7.750972747802734,27.8936824798584,7.400023460388184,28.22840690612793,1.7295578718185425,21.44869613647461,19.337291717529297,14.742843627929688,7.937614917755127,3.6031105518341064,17.370485305786133,4.740583419799805,23.81627655029297,11.199882507324219,5.083179473876953,8.614839553833008,7.898041248321533,7.527601718902588,20.877315521240234,11.255492210388184,23.580669403076172,17.708200454711914,21.00058364868164,13.088111877441406,6.073146343231201,10.994426727294922,12.752523422241211,4.723686218261719,16.75074577331543,11.813870429992676,10.048336029052734,17.619609832763672,55.42778396606445,19.744495391845703,17.14924430847168,3.275862455368042,18.20244789123535,9.954316139221191,17.458236694335938,8.577126502990723,8.722488403320312,22.218338012695312,11.727907180786133,23.916027069091797,1.5023725032806396,11.190082550048828,5.24559211730957,16.2676944732666,9.981965065002441
2003-04-01,0.2126578837633133,9.92513370513916,17.224708557128906,15.524134635925293,10.39577579498291,674.998046875,21.403383255004883,10.552905082702637,40.91277313232422,16.523794174194336,19.740055084228516,22.74532699584961,23.815189361572266,18.496707916259766,21.2564697265625,8.12310791015625,18.418540954589844,10.387856483459473,226.92884826660156,15.072394371032715,20.685529708862305,16.769254684448242,23.17721939086914,9.052440643310547,10.79044246673584,9.617483139038086,1.2094886302947998,7.721568584442139,12.912635803222656,11.30472469329834,29.424819946289062,14.199090957641602,14.422163009643555,12.478931427001953,10.363972663879395,19.53070068359375,14.195562362670898,13.501235008239746,11.512762069702148,4.554603576660156,5.0121965408325195,38.332763671875,18.936246871948242,80.87908172607422,10.618363380432129,7.416534900665283,8.225676536560059,16.291133880615234,13.120665550231934,4.231567859649658,3.4546360969543457,18.623483657836914,41.96430206298828,10.543780326843262,14.148270606994629,18.891250610351562,29.45711326599121,15.66081428527832,2.1490092277526855,20.857280731201172,10.13459587097168,33.2997932434082,26.423662185668945,15.276379585266113,1.2454429864883423,12.330339431762695,9.166085243225098,29.554155349731445,7.633455276489258,27.362197875976562,1.7757421731948853,22.77995491027832,22.6873836517334,15.571019172668457,8.288666725158691,3.7217257022857666,17.948392868041992,4.935111045837402,24.413063049316406,12.841421127319336,5.440081596374512,9.432653427124023,7.869043350219727,7.892800331115723,22.589248657226562,11.107394218444824,23.901447296142578,18.59499740600586,21.99578094482422,14.08395004272461,6.173769474029541,9.736177444458008,14.046255111694336,4.311099529266357,17.378232955932617,13.03223705291748,10.277986526489258,18.50708770751953,60.1176643371582,21.866884231567383,19.599132537841797,3.5829732418060303,19.656347274780273,11.257532119750977,17.545835494995117,9.28200626373291,10.179296493530273,25.702125549316406,12.580330848693848,26.09153175354004,2.279801607131958,12.112730979919434,5.53632926940918,16.38405990600586,11.312896728515625
2003-05-01,0.2684391140937805,10.882718086242676,17.618789672851562,16.110383987426758,11.601714134216309,674.1831665039062,20.51758575439453,11.231415748596191,43.20869827270508,19.133596420288086,22.729520797729492,23.019920349121094,26.205516815185547,20.915563583374023,21.29952621459961,8.949543952941895,20.811920166015625,10.412264823913574,238.3770751953125,14.943446159362793,22.824121475219727,17.487895965576172,22.89019012451172,9.712926864624023,12.220680236816406,10.521528244018555,1.2425206899642944,8.324369430541992,14.736127853393555,12.155706405639648,28.667570114135742,14.082996368408203,15.187324523925781,13.219779014587402,11.607512474060059,20.547557830810547,15.926054000854492,14.038580894470215,11.837143898010254,4.643041610717773,6.355732440948486,40.95741653442383,20.385366439819336,78.81935119628906,11.011460304260254,8.268689155578613,8.230819702148438,18.816173553466797,14.675861358642578,5.0623064041137695,3.5282013416290283,20.39215660095215,43.596038818359375,11.943072319030762,14.613683700561523,18.321386337280273,28.530078887939453,17.533706665039062,2.4231395721435547,21.762481689453125,11.43151569366455,31.349760055541992,24.569812774658203,14.709037780761719,1.5143842697143555,12.199889183044434,10.039811134338379,30.16703224182129,8.283173561096191,27.601551055908203,2.384204864501953,21.76193618774414,23.194353103637695,14.986430168151855,11.03855037689209,4.064121723175049,19.702049255371094,5.16190767288208,24.456689834594727,13.271292686462402,6.3443217277526855,10.329866409301758,8.894529342651367,8.766812324523926,23.069425582885742,11.25563907623291,24.425519943237305,18.569562911987305,24.676362991333008,14.246114730834961,6.896883964538574,10.262345314025879,14.678509712219238,4.523810863494873,18.148366928100586,15.111556053161621,11.25473403930664,20.125478744506836,63.41429138183594,23.91438102722168,21.506237030029297,3.39389705657959,20.93854331970215,12.481310844421387,18.27144432067871,9.511255264282227,10.891617774963379,27.117956161499023,12.669305801391602,27.92742919921875,2.594709634780884,11.314827919006348,6.3020806312561035,17.063308715820312,12.540555953979492
2003-06-01,0.28503870964050293,10.689732551574707,16.00406837463379,15.684335708618164,11.917326927185059,643.255615234375,20.323760986328125,11.433525085449219,44.009605407714844,17.955463409423828,22.432987213134766,22.091150283813477,26.299867630004883,23.404705047607422,22.879419326782227,9.182641983032227,20.26374053955078,11.042696952819824,248.72097778320312,15.949224472045898,21.5578670501709,16.998044967651367,21.859981536865234,9.862308502197266,12.000265121459961,10.765170097351074,1.1416021585464478,8.939926147460938,14.997851371765137,12.4007568359375,28.210615158081055,14.808328628540039,15.264613151550293,13.067131996154785,11.948915481567383,19.625810623168945,16.033485412597656,13.716470718383789,11.086834907531738,4.859716415405273,7.0940985679626465,39.74074172973633,22.11821937561035,79.27922821044922,11.159756660461426,8.00998306274414,8.991692543029785,19.21645164489746,15.03995418548584,5.550749778747559,3.558229446411133,19.979156494140625,40.85274124145508,11.937337875366211,14.239069938659668,19.51091957092285,27.139001846313477,18.238048553466797,2.435194969177246,21.993356704711914,11.697463035583496,36.17521286010742,25.17850685119629,14.949193954467773,1.5449265241622925,10.73090934753418,11.824783325195312,29.696537017822266,8.375555992126465,28.149354934692383,2.662100076675415,23.8604736328125,21.673404693603516,15.613658905029297,11.45786190032959,4.123835563659668,21.59110450744629,4.937606334686279,24.0634765625,11.624485969543457,6.532037734985352,9.535872459411621,8.911988258361816,8.77646541595459,23.310043334960938,12.391359329223633,23.723224639892578,19.28607177734375,24.45591163635254,14.86423110961914,7.401346683502197,10.993408203125,14.796442985534668,4.501804351806641,19.228103637695312,14.84260082244873,11.140327453613281,19.74022102355957,64.08973693847656,24.682750701904297,22.21666145324707,3.513240337371826,21.064420700073242,10.715655326843262,19.13987159729004,9.082348823547363,11.353696823120117,27.43621063232422,13.220136642456055,31.26496696472168,2.5945141315460205,11.561697006225586,6.233016490936279,16.833616256713867,12.150455474853516
2003-07-01,0.3152479827404022,9.64227294921875,16.333433151245117,17.175878524780273,11.210195541381836,748.4054565429688,21.680580139160156,14.04648208618164,46.33890151977539,17.933090209960938,21.398183822631836,24.68260955810547,27.85100555419922,22.586349487304688,23.90424919128418,9.751258850097656,19.105802536010742,10.767348289489746,262.37384033203125,19.449434280395508,20.74056625366211,16.083608627319336,22.375017166137695,9.491277694702148,11.905362129211426,12.496315002441406,1.1875088214874268,9.58472728729248,14.979157447814941,11.596158027648926,32.165191650390625,16.454421997070312,16.94178581237793,15.967541694641113,10.511454582214355,18.943506240844727,14.710951805114746,14.414380073547363,11.939135551452637,4.936249256134033,7.785306453704834,41.25273513793945,24.310382843017578,78.61583709716797,10.859867095947266,7.7209248542785645,9.706340789794922,18.102458953857422,15.840971946716309,5.516870975494385,3.2844767570495605,20.882593154907227,40.23373794555664,14.277767181396484,15.59005355834961,20.63683319091797,27.186246871948242,18.890178680419922,2.7072274684906006,20.4157657623291,11.334511756896973,34.533504486083984,27.70322036743164,16.562551498413086,1.8486512899398804,11.020167350769043,12.334013938903809,31.930431365966797,7.906159400939941,30.59807586669922,2.343982219696045,21.783767700195312,24.168472290039062,16.082551956176758,14.276007652282715,3.804290533065796,24.012285232543945,4.776064395904541,25.72274398803711,11.693708419799805,6.59488582611084,9.51999282836914,8.683548927307129,8.464869499206543,24.132448196411133,12.104706764221191,23.495201110839844,21.17379379272461,24.764249801635742,16.542829513549805,6.814402103424072,11.464463233947754,16.03775405883789,5.011582374572754,19.300413131713867,14.062555313110352,10.293404579162598,19.351787567138672,65.24510955810547,28.75478172302246,22.49848175048828,3.62699294090271,20.291303634643555,11.501486778259277,19.840717315673828,9.539441108703613,11.362957954406738,29.767580032348633,13.254241943359375,31.7950496673584,2.085463047027588,12.044241905212402,6.077050685882568,16.678926467895508,12.391403198242188
2003-08-01,0.33812835812568665,9.900217056274414,19.37755012512207,18.486764907836914,11.45528507232666,694.43212890625,20.51148796081543,15.612820625305176,44.009605407714844,16.657512664794922,23.822574615478516,25.128684997558594,28.4058780670166,25.63192367553711,22.94308853149414,9.92431354522705,19.058862686157227,10.426243782043457,253.8818817138672,20.7062931060791,20.243898391723633,16.28391456604004,22.0965576171875,10.125967025756836,11.930014610290527,12.271910667419434,1.228648066520691,10.418876647949219,15.287353515625,11.81335735321045,31.463565826416016,18.311124801635742,15.844283103942871,16.649307250976562,10.393083572387695,19.771474838256836,14.848673820495605,15.080254554748535,13.2824125289917,5.1594085693359375,8.718148231506348,42.98891830444336,26.38477897644043,81.73941040039062,10.975879669189453,8.420928001403809,9.526115417480469,18.65945053100586,16.346311569213867,5.193731307983398,3.257331609725952,20.15886116027832,40.691619873046875,16.413278579711914,16.258609771728516,21.419065475463867,26.14920425415039,18.442848205566406,3.1160616874694824,21.55888557434082,10.969051361083984,35.08232116699219,27.179119110107422,19.10474395751953,2.1727383136749268,10.957777976989746,12.017759323120117,30.74002456665039,8.25877857208252,31.2362060546875,2.4148709774017334,20.95086669921875,24.856231689453125,16.149526596069336,14.002968788146973,3.8527324199676514,26.141231536865234,5.259762763977051,26.73846435546875,11.578177452087402,6.874351501464844,10.186948776245117,9.119184494018555,8.795158386230469,23.330997467041016,10.906275749206543,23.340116500854492,22.83269500732422,24.081289291381836,16.214397430419922,6.8281707763671875,12.664498329162598,17.003337860107422,5.205955982208252,19.626401901245117,15.506828308105469,10.271688461303711,19.507644653320312,66.5908432006836,27.53318214416504,23.88123321533203,4.046321868896484,20.054765701293945,14.536855697631836,18.827543258666992,9.539441108703613,11.075638771057129,30.832082748413086,13.271964073181152,34.32087326049805,3.0020952224731445,12.746514320373535,6.14840030670166,17.794532775878906,12.368453979492188
2003-09-01,0.30986377596855164,10.45295524597168,19.663164138793945,16.657058715820312,12.139123916625977,673.3740234375,20.959016799926758,13.086471557617188,43.061866760253906,15.64455795288086,23.946895599365234,24.07248306274414,28.41216278076172,23.53421401977539,22.822664260864258,10.263365745544434,18.89105224609375,10.545427322387695,266.53192138671875,19.844358444213867,20.918254852294922,16.463607788085938,23.65389060974121,9.92830753326416,13.063852310180664,12.560430526733398,1.1133196353912354,9.926695823669434,14.98945140838623,12.070765495300293,29.9577693939209,17.34554672241211,15.589229583740234,15.488842964172363,10.837275505065918,19.411781311035156,15.31069278717041,14.239161491394043,12.570354461669922,4.80681848526001,9.619029998779297,41.309329986572266,23.918188095092773,82.9141845703125,11.143969535827637,8.489189147949219,9.618803024291992,18.519895553588867,14.857717514038086,5.065371036529541,3.4654393196105957,20.96059226989746,43.827476501464844,15.798999786376953,15.645160675048828,19.701658248901367,26.1175537109375,18.502134323120117,2.704606056213379,21.790515899658203,10.881157875061035,31.32255744934082,24.4840087890625,18.073938369750977,1.885980486869812,10.753595352172852,12.618110656738281,29.090784072875977,8.481484413146973,30.286869049072266,2.6086723804473877,21.229570388793945,25.707019805908203,16.928997039794922,13.086341857910156,3.9361915588378906,26.028039932250977,5.621333122253418,24.145263671875,11.249800682067871,6.161872863769531,8.932437896728516,9.428780555725098,8.833559036254883,24.0932559967041,11.073951721191406,24.818750381469727,20.610292434692383,24.071168899536133,15.420063018798828,7.115784645080566,12.768680572509766,16.397409439086914,5.281139373779297,20.44094467163086,15.159171104431152,10.622759819030762,19.8690185546875,65.86459350585938,28.279142379760742,22.134254455566406,3.627866744995117,21.53049659729004,13.896867752075195,19.166532516479492,9.140408515930176,11.211621284484863,29.715240478515625,13.631957054138184,33.42808151245117,3.097451686859131,12.031310081481934,6.492539405822754,17.27532958984375,11.771828651428223
2003-10-01,0.3423157036304474,10.531298637390137,21.84463119506836,17.53520965576172,11.406729698181152,709.9019775390625,22.663047790527344,16.83990478515625,41.219783782958984,16.544973373413086,24.11929702758789,24.237953186035156,29.657127380371094,26.386011123657227,22.147113800048828,9.387484550476074,19.12118911743164,10.541271209716797,279.6576232910156,21.224037170410156,22.76472282409668,15.733806610107422,23.499061584472656,10.44174575805664,12.85336685180664,13.419597625732422,1.2111397981643677,11.26243782043457,15.587352752685547,12.012259483337402,34.69910430908203,19.724010467529297,17.498271942138672,17.087217330932617,11.044173240661621,20.672588348388672,15.201763153076172,15.348002433776855,14.287616729736328,5.457823276519775,11.28917121887207,48.57356262207031,25.7496337890625,80.68902587890625,10.681547164916992,8.359664916992188,11.240787506103516,21.55518341064453,17.259765625,5.837209701538086,3.7396321296691895,22.23530387878418,44.3980598449707,18.91631507873535,15.77746868133545,21.86925506591797,26.54475212097168,19.536020278930664,3.0017993450164795,22.423185348510742,11.752461433410645,35.12977981567383,24.595430374145508,20.532630920410156,2.4391345977783203,10.98046875,13.400707244873047,28.29781723022461,9.20847225189209,34.58412170410156,2.7694804668426514,18.558063507080078,28.07329559326172,16.00743865966797,13.983467102050781,3.9698221683502197,29.15086555480957,5.906007289886475,25.035812377929688,12.253161430358887,7.36389684677124,9.504114151000977,9.436805725097656,8.595894813537598,25.13941764831543,11.518659591674805,26.40688133239746,23.501256942749023,27.377195358276367,17.023502349853516,6.936801433563232,14.55207347869873,19.395803451538086,5.794585704803467,21.2215518951416,14.711286544799805,10.911547660827637,21.410442352294922,69.3901138305664,32.90435028076172,23.375362396240234,3.9211602210998535,22.170059204101562,17.63970375061035,19.37984275817871,9.836504936218262,12.721155166625977,32.99127197265625,14.907803535461426,34.759883880615234,3.3539273738861084,12.719188690185547,6.882848262786865,17.265888214111328,12.047192573547363
2003-11-01,0.3127053380012512,10.921714782714844,20.621614456176758,17.762882232666016,11.346863746643066,676.2915649414062,23.306501388549805,17.49675178527832,38.4566764831543,16.575183868408203,24.83885955810547,25.58837127685547,28.886125564575195,26.434722900390625,22.05937385559082,9.82542610168457,20.936017990112305,10.948461532592773,277.4747009277344,22.026309967041016,23.049274444580078,15.529706954956055,24.339435577392578,10.366832733154297,12.699646949768066,14.554454803466797,1.2938258647918701,11.992352485656738,15.90849494934082,11.879073143005371,34.5702018737793,19.922494888305664,17.8460693359375,16.878944396972656,11.150575637817383,20.157506942749023,15.345937728881836,16.619491577148438,14.67959213256836,5.939263343811035,12.681745529174805,46.61165237426758,24.879005432128906,79.7433853149414,10.719656944274902,8.218003273010254,11.400635719299316,21.37492561340332,16.847658157348633,5.688074111938477,4.060730457305908,22.52387809753418,45.005393981933594,19.266475677490234,15.021316528320312,23.222150802612305,26.126089096069336,19.263946533203125,3.067840576171875,23.02186393737793,11.833695411682129,36.46717834472656,24.49005889892578,20.313114166259766,2.711469888687134,11.479574203491211,13.952229499816895,28.068050384521484,8.913333892822266,34.80744171142578,3.097053289413452,17.027280807495117,28.28305435180664,15.744109153747559,12.68653392791748,3.9955360889434814,32.0539665222168,6.215631484985352,26.05263328552246,13.0701265335083,7.535804271697998,9.543810844421387,9.816853523254395,8.627442359924316,25.297122955322266,12.294747352600098,25.856122970581055,25.445158004760742,27.780933380126953,17.397554397583008,7.103621959686279,13.672359466552734,20.877471923828125,5.899106502532959,22.386058807373047,14.69561767578125,10.717485427856445,21.99534034729004,70.14790344238281,32.02456283569336,22.817062377929688,4.227075099945068,21.57118034362793,18.15206527709961,20.530136108398438,10.006208419799805,12.950143814086914,33.299659729003906,15.298142433166504,33.872039794921875,3.084299087524414,12.005010604858398,7.008755207061768,17.206275939941406,13.974748611450195
2003-12-01,0.31958433985710144,11.514750480651855,19.50841522216797,18.471071243286133,12.502445220947266,774.3682250976562,24.83024024963379,16.197492599487305,41.23979568481445,18.086137771606445,28.056156158447266,28.3211669921875,30.5416202545166,29.01691436767578,23.76982879638672,10.996697425842285,21.599088668823242,12.003408432006836,286.3836364746094,24.045011520385742,26.313749313354492,14.804984092712402,25.190174102783203,11.980145454406738,13.368270874023438,15.53543472290039,1.37208890914917,11.563368797302246,18.300060272216797,12.580743789672852,38.58159255981445,21.238056182861328,18.202985763549805,17.476896286010742,12.640201568603516,21.10376739501953,16.377883911132812,17.629621505737305,15.39083480834961,7.199106216430664,12.273881912231445,43.313873291015625,27.807762145996094,86.73312377929688,10.788722038269043,9.150674819946289,10.972662925720215,20.675813674926758,18.96993064880371,6.031521320343018,3.909271240234375,22.31808090209961,46.06915283203125,18.41057014465332,17.403093338012695,25.02143669128418,27.376747131347656,19.987689971923828,3.0683658123016357,25.243547439575195,12.915274620056152,37.27815628051758,27.40072250366211,19.29920768737793,2.740314483642578,11.157590866088867,13.516738891601562,30.23090171813965,9.395940780639648,37.445281982421875,3.2824363708496094,19.546035766601562,29.608171463012695,16.760652542114258,13.135098457336426,4.113104820251465,32.39958190917969,6.3373589515686035,26.88795280456543,14.43757438659668,7.547774791717529,10.50454330444336,11.38100528717041,9.334425926208496,24.591575622558594,12.93932819366455,26.834056854248047,27.53203582763672,27.970029830932617,19.048927307128906,7.675755023956299,16.55107307434082,22.35302734375,6.080645561218262,22.074134826660156,17.202144622802734,11.07632064819336,22.451303482055664,73.67728424072266,32.82314682006836,22.628482818603516,4.126029968261719,23.227678298950195,17.92028045654297,22.160362243652344,10.96785831451416,14.031905174255371,35.620994567871094,15.714418411254883,36.01878356933594,3.232313632965088,11.466268539428711,7.284083843231201,19.4877872467041,15.83346176147461
2004-01-01,0.3373805284500122,10.703975677490234,19.125288009643555,19.935317993164062,13.379374504089355,811.4044189453125,26.238563537597656,15.656128883361816,43.155303955078125,18.562091827392578,26.662521362304688,26.755809783935547,32.82763671875,28.748367309570312,24.074230194091797,10.50307559967041,23.657142639160156,11.7725830078125,294.3209533691406,22.729202270507812,27.58433723449707,15.2369384765625,25.493633270263672,12.036779403686523,13.13382339477539,16.484365463256836,1.2048720121383667,11.456343650817871,18.291584014892578,12.64578628540039,38.93425750732422,20.438154220581055,18.725746154785156,18.16718292236328,13.43137264251709,20.94955825805664,16.69013786315918,17.398193359375,16.55533218383789,6.583491802215576,10.788847923278809,43.17271423339844,28.22573471069336,94.15217590332031,10.885682106018066,10.611259460449219,10.198902130126953,20.664175033569336,20.496383666992188,6.246838569641113,4.102993965148926,21.88905143737793,49.32500076293945,17.53169059753418,17.06399917602539,23.288930892944336,28.3094425201416,21.36085319519043,2.9886951446533203,25.230728149414062,12.530984878540039,36.06435012817383,25.918737411499023,18.668806076049805,2.256728410720825,10.949146270751953,14.012115478515625,30.61026954650879,9.264835357666016,34.829463958740234,3.3530068397521973,20.13833236694336,29.91158676147461,16.932119369506836,15.70945930480957,4.133853435516357,27.767253875732422,6.448444366455078,27.200149536132812,13.613436698913574,7.589559078216553,11.004765510559082,11.868693351745605,9.68393325805664,24.929168701171875,13.415445327758789,27.282251358032227,25.445158004760742,29.14935874938965,17.32613182067871,8.021384239196777,17.987361907958984,20.450510025024414,6.713283538818359,22.707735061645508,19.232952117919922,11.038894653320312,24.088909149169922,75.13387298583984,33.938682556152344,22.369205474853516,4.301924705505371,24.68051528930664,19.135055541992188,23.18877410888672,10.165945053100586,13.50912857055664,35.71833419799805,15.319482803344727,37.654869079589844,3.3376426696777344,11.639183044433594,7.429937839508057,19.387968063354492,16.797229766845703
2004-02-01,0.357719361782074,10.634406089782715,18.600963592529297,19.795421600341797,14.288328170776367,864.5628662109375,26.49818992614746,15.338528633117676,42.401119232177734,19.938247680664062,28.526416778564453,25.860559463500977,33.828182220458984,29.980304718017578,24.210174560546875,10.49226188659668,25.54193687438965,11.676047325134277,298.9606628417969,22.036821365356445,28.56267738342285,16.479185104370117,25.5875244140625,12.661563873291016,13.946897506713867,14.84939193725586,1.2075884342193604,12.027234077453613,18.87284278869629,12.51113510131836,40.34500503540039,20.970333099365234,20.699748992919922,17.296968460083008,13.7437105178833,21.057498931884766,17.041305541992188,17.118053436279297,16.7658748626709,6.22578763961792,12.483575820922852,44.07106018066406,28.438753128051758,91.60021209716797,11.017465591430664,11.248286247253418,11.293671607971191,21.15353012084961,19.992294311523438,5.963249206542969,4.217092514038086,24.145204544067383,48.04573440551758,16.794832229614258,17.9705810546875,23.71236228942871,28.695127487182617,22.53078269958496,2.762787342071533,27.631607055664062,12.71422290802002,39.37916946411133,24.787357330322266,19.52294158935547,2.169344902038574,11.001258850097656,15.405705451965332,29.167436599731445,9.76116943359375,34.512943267822266,3.471226453781128,20.34141731262207,30.70806884765625,16.246259689331055,14.66606330871582,4.166412830352783,28.960329055786133,6.780770301818848,28.549667358398438,13.577592849731445,8.477773666381836,10.218708038330078,11.962993621826172,10.046228408813477,27.3767147064209,13.483028411865234,27.668230056762695,26.07703971862793,30.23774528503418,17.590543746948242,8.163495063781738,19.38448715209961,19.22358512878418,6.858148097991943,24.772424697875977,20.334075927734375,11.231515884399414,25.19887351989746,76.15348052978516,33.863059997558594,25.948278427124023,4.413344860076904,25.037872314453125,18.707796096801758,23.61536979675293,10.045976638793945,13.633374214172363,35.61799621582031,15.423225402832031,36.38508605957031,3.1171092987060547,12.873346328735352,7.494285583496094,20.168357849121094,16.22355842590332
2004-03-01,0.404378205537796,10.212008476257324,19.631011962890625,19.649385452270508,13.633963584899902,834.3362426757812,26.39946746826172,15.396273612976074,38.81041717529297,21.215282440185547,29.912174224853516,26.992807388305664,32.89734649658203,28.390396118164062,24.166725158691406,11.130013465881348,25.531131744384766,10.288311004638672,307.5260925292969,23.002660751342773,27.22368049621582,16.375173568725586,25.509286880493164,12.834381103515625,13.60270881652832,15.112271308898926,1.1600961685180664,11.321635246276855,18.751087188720703,12.803838729858398,37.70212936401367,22.722135543823242,19.498184204101562,17.11159896850586,14.144255638122559,22.061771392822266,17.014291763305664,16.41668128967285,16.09284210205078,6.144288063049316,11.44156265258789,48.27117156982422,27.577423095703125,85.96672821044922,11.185197830200195,10.73701000213623,11.23170280456543,21.80625343322754,19.30782127380371,6.018921375274658,4.462025165557861,24.130630493164062,45.72561264038086,15.64449405670166,17.158536911010742,23.69955825805664,26.997163772583008,23.041593551635742,2.635420322418213,27.124040603637695,12.86520767211914,35.629783630371094,24.44457244873047,19.56825828552246,2.1311676502227783,10.677010536193848,15.5526762008667,29.74188232421875,10.463521957397461,36.216041564941406,3.322911262512207,18.841646194458008,29.4439640045166,15.266458511352539,16.29454231262207,4.242569446563721,31.11568260192871,7.217865467071533,27.790117263793945,13.534704208374023,8.314542770385742,9.527931213378906,12.481999397277832,10.130496978759766,28.491744995117188,12.894411087036133,28.307912826538086,26.230255126953125,28.587100982666016,17.473648071289062,8.070838928222656,20.367687225341797,21.88054847717285,6.944332122802734,25.84989356994629,20.132287979125977,11.29819107055664,24.544477462768555,75.14478302001953,32.94781494140625,26.585769653320312,4.602621078491211,23.610876083374023,17.834964752197266,24.55638885498047,9.489005088806152,13.328751564025879,35.72341537475586,15.240350723266602,34.354827880859375,3.15327787399292,12.930438041687012,7.720735549926758,19.890962600708008,16.716922760009766
2004-04-01,0.38553503155708313,11.00699520111084,20.729949951171875,20.496183395385742,12.606863975524902,837.8443603515625,26.65500259399414,13.187527656555176,37.64910125732422,19.9231014251709,29.050128936767578,26.82586669921875,31.0573787689209,29.510255813598633,24.02049446105957,11.403847694396973,26.621259689331055,10.657729148864746,288.4350891113281,22.71651268005371,27.97669792175293,17.27507781982422,27.147075653076172,13.108316421508789,13.862334251403809,13.406773567199707,1.1780972480773926,12.411215782165527,19.545732498168945,12.70627212524414,37.14990997314453,22.305784225463867,17.968910217285156,17.667713165283203,13.180445671081543,23.043840408325195,15.899304389953613,16.498863220214844,17.006454467773438,6.9984307289123535,8.974737167358398,46.183860778808594,29.01532745361328,84.3612060546875,11.75022029876709,10.528556823730469,9.785052299499512,20.539669036865234,19.72420883178711,5.19144868850708,4.656213760375977,25.88983154296875,43.898380279541016,14.799010276794434,16.3708553314209,25.787437438964844,28.75901222229004,20.819807052612305,2.185699701309204,28.134206771850586,12.934259414672852,39.30990982055664,25.54790687561035,18.159603118896484,1.8724067211151123,9.820072174072266,14.823225975036621,31.42986488342285,10.708028793334961,38.255306243896484,3.379667043685913,20.039779663085938,26.524240493774414,16.00131607055664,13.281365394592285,4.03757905960083,24.956600189208984,6.669131755828857,28.024484634399414,14.594691276550293,8.033245086669922,8.932437896728516,12.793722152709961,9.250717163085938,28.830366134643555,13.155608177185059,28.690649032592773,25.668502807617188,27.642179489135742,17.7763671875,7.584113597869873,19.190916061401367,20.630950927734375,7.136873722076416,25.614818572998047,18.454853057861328,10.783339500427246,25.421306610107422,73.72294616699219,30.843143463134766,25.600013732910156,4.604494571685791,24.124614715576172,15.33212947845459,23.42841339111328,9.347826957702637,12.35982894897461,34.819793701171875,15.183871269226074,32.67874526977539,3.3938112258911133,12.347712516784668,7.2525482177734375,20.350093841552734,15.40893268585205
2004-05-01,0.41963183879852295,11.831212043762207,22.293437957763672,20.786252975463867,13.308287620544434,857.1385498046875,25.702945709228516,14.4146146774292,36.5078125,21.12337303161621,28.002479553222656,26.912031173706055,32.16770935058594,31.807973861694336,24.808340072631836,11.328185081481934,26.500139236450195,10.729910850524902,278.4786682128906,22.020950317382812,26.279205322265625,17.07212257385254,27.451156616210938,13.561293601989746,12.798705101013184,14.342875480651855,1.2142205238342285,13.391132354736328,19.46405792236328,12.668091773986816,37.34645080566406,21.538652420043945,18.312213897705078,17.263240814208984,12.657541275024414,23.59286880493164,15.364099502563477,16.46994400024414,16.78652000427246,6.766059398651123,9.895751953125,47.25642395019531,29.638275146484375,87.65679931640625,11.099431037902832,10.260045051574707,10.183911323547363,20.965749740600586,19.333751678466797,5.597281455993652,4.772275924682617,25.95920181274414,44.19691848754883,16.446001052856445,17.13052749633789,26.885217666625977,29.80788230895996,20.398990631103516,2.525346040725708,28.3276309967041,13.133761405944824,39.424896240234375,26.65424919128418,18.686323165893555,2.1320154666900635,10.1211576461792,14.37139892578125,29.83531379699707,11.11240005493164,37.56869125366211,2.927457332611084,20.16768455505371,27.618452072143555,16.062545776367188,14.65631103515625,4.045829772949219,26.5476016998291,6.594979763031006,29.254886627197266,14.895530700683594,8.905539512634277,9.051533699035645,11.98055648803711,9.091143608093262,28.237783432006836,13.062935829162598,29.2412052154541,25.886600494384766,28.740585327148438,18.060138702392578,7.637210845947266,20.638200759887695,21.476673126220703,7.444941520690918,24.070253372192383,18.085798263549805,10.843327522277832,25.217071533203125,74.98535919189453,30.602977752685547,26.428892135620117,4.677151203155518,23.537372589111328,15.949090957641602,24.865060806274414,9.251067161560059,13.54568099975586,33.90290451049805,15.938899040222168,33.41202163696289,3.924299716949463,12.101090431213379,7.365259647369385,20.818553924560547,15.535148620605469
2004-06-01,0.4866293668746948,11.702021598815918,23.23443603515625,19.654586791992188,13.404624938964844,834.3743896484375,27.204914093017578,14.161980628967285,36.421058654785156,21.76556396484375,30.21575355529785,28.40679359436035,32.662864685058594,35.48185348510742,25.4986515045166,12.434338569641113,27.36101531982422,10.522486686706543,278.8985290527344,23.21625328063965,27.114519119262695,17.445201873779297,28.195632934570312,14.1087007522583,13.486056327819824,15.195630073547363,1.2591782808303833,13.500365257263184,20.26285171508789,12.690214157104492,38.414424896240234,23.086904525756836,19.888303756713867,18.65457534790039,12.879704475402832,24.57573127746582,15.559760093688965,17.532079696655273,18.624828338623047,7.130560398101807,9.754511833190918,52.51361083984375,30.88631820678711,91.81165313720703,11.456153869628906,10.737297058105469,9.842024803161621,20.594350814819336,21.01470184326172,5.580913543701172,4.749369144439697,27.073881149291992,43.97740173339844,15.898761749267578,18.262224197387695,28.755189895629883,29.802532196044922,21.467655181884766,2.588245153427124,28.492856979370117,12.974063873291016,37.412696838378906,28.020843505859375,18.330535888671875,2.273697853088379,10.567000389099121,14.153648376464844,30.398910522460938,10.701852798461914,39.99005889892578,3.097844123840332,20.409114837646484,27.23650360107422,17.489381790161133,14.929350852966309,4.0979766845703125,25.912500381469727,7.031332492828369,30.466167449951172,16.303327560424805,10.409829139709473,9.4723539352417,13.202285766601562,8.74732780456543,28.627439498901367,12.671122550964355,29.528676986694336,27.703691482543945,27.63178825378418,18.87255096435547,8.20233154296875,22.456771850585938,23.791780471801758,7.974886417388916,22.59847640991211,20.09146499633789,10.929566383361816,24.780181884765625,76.37266540527344,31.096637725830078,25.110408782958984,4.532573699951172,24.17647933959961,14.770151138305664,23.72184181213379,9.47829818725586,13.401103019714355,36.01617431640625,15.513311386108398,34.451629638671875,3.9243197441101074,11.399737358093262,7.3340888023376465,21.37691879272461,16.6366024017334
2004-07-01,0.4836385250091553,11.370388984680176,21.075881958007812,19.701520919799805,13.031810760498047,827.0003662109375,27.514665603637695,12.249173164367676,37.962772369384766,20.327373504638672,32.32476806640625,28.02766990661621,31.944501876831055,35.24573516845703,25.616167068481445,10.834556579589844,24.94711685180664,9.835299491882324,266.86376953125,21.588851928710938,26.030731201171875,15.947866439819336,26.235586166381836,14.649255752563477,12.916084289550781,13.413187026977539,1.2026935815811157,13.472867012023926,20.594432830810547,12.766657829284668,37.649925231933594,20.674203872680664,18.01572608947754,17.582271575927734,13.64779281616211,23.645408630371094,16.033283233642578,16.74582290649414,18.5960636138916,6.752208232879639,10.313591957092285,52.63572692871094,30.736997604370117,94.22032165527344,10.895358085632324,11.266003608703613,9.442948341369629,19.72846031188965,21.57692527770996,5.329639911651611,4.549427509307861,28.343605041503906,43.43860626220703,14.043909072875977,17.661649703979492,27.144861221313477,29.572446823120117,20.853172302246094,2.161065101623535,27.710037231445312,11.272631645202637,34.100101470947266,28.51045036315918,17.00747299194336,2.023420810699463,10.144318580627441,14.970206260681152,30.991655349731445,11.258975982666016,36.591278076171875,2.946202516555786,19.485328674316406,25.58647918701172,17.446510314941406,13.193605422973633,4.3145670890808105,27.05569076538086,6.749146938323975,29.84207534790039,16.407833099365234,11.344216346740723,8.344884872436523,13.436820983886719,8.522255897521973,26.56593132019043,11.813563346862793,28.41691780090332,26.73457908630371,26.59225845336914,17.80342674255371,8.282745361328125,21.29669761657715,23.72836685180664,8.616693496704102,20.580310821533203,20.347705841064453,11.113174438476562,24.291505813598633,73.91202545166016,27.14615249633789,25.778533935546875,4.406774044036865,22.10710334777832,13.043825149536133,23.96954345703125,8.982460021972656,13.760929107666016,36.06919860839844,15.562106132507324,31.358003616333008,4.006764888763428,11.51047420501709,7.505260944366455,22.286691665649414,15.902301788330078
2004-08-01,0.5157915949821472,12.04654312133789,22.919647216796875,18.66435432434082,13.862083435058594,833.90673828125,27.75197982788086,11.469609260559082,39.57126998901367,19.950672149658203,31.04649543762207,28.36887550354004,31.798294067382812,36.4134407043457,27.107757568359375,11.003905296325684,25.417234420776367,10.191777229309082,281.9350280761719,21.356773376464844,24.72244644165039,16.187673568725586,27.8538818359375,13.842130661010742,13.102832794189453,12.028264045715332,1.2172882556915283,12.871147155761719,21.167949676513672,13.185941696166992,40.40594482421875,20.82561492919922,17.516374588012695,16.783157348632812,14.228901863098145,23.195756912231445,16.74190902709961,17.28632926940918,17.434223175048828,6.47239351272583,11.136313438415527,52.706443786621094,30.369976043701172,92.91678619384766,11.465604782104492,10.395319938659668,9.630034446716309,21.439924240112305,20.752853393554688,4.731873035430908,4.092648983001709,28.380550384521484,42.34070587158203,12.28426742553711,16.448200225830078,27.375755310058594,31.244829177856445,22.110065460205078,1.9587434530258179,28.847501754760742,11.491093635559082,34.154170989990234,29.055192947387695,17.349578857421875,1.8282898664474487,9.316328048706055,14.70890998840332,31.04157829284668,10.560206413269043,36.759483337402344,3.0297605991363525,19.32204818725586,26.31262969970703,16.76710319519043,11.223828315734863,4.47886848449707,29.676353454589844,6.990486145019531,29.433427810668945,17.52461814880371,10.617319107055664,7.916125297546387,14.085884094238281,9.252111434936523,26.56593132019043,12.141576766967773,30.49846076965332,25.419687271118164,28.20566177368164,18.192155838012695,8.547224044799805,23.460025787353516,24.846712112426758,7.929041862487793,22.760244369506836,19.609712600708008,11.519292831420898,24.60628318786621,74.09208679199219,28.623626708984375,26.40597915649414,3.9814274311065674,20.687761306762695,11.949196815490723,25.20041275024414,9.10522174835205,14.344435691833496,36.30519485473633,16.05945587158203,30.921993255615234,3.9243881702423096,11.463762283325195,7.7466583251953125,22.323501586914062,15.40893268585205
2004-09-01,0.5794987678527832,12.240143775939941,24.72496795654297,19.458059310913086,13.53597354888916,796.7021484375,28.210500717163086,11.902697563171387,37.91606521606445,22.09564781188965,34.811824798583984,29.6099796295166,32.71370315551758,35.99504852294922,26.377262115478516,11.587606430053711,27.391252517700195,10.286767959594727,267.04541015625,23.633453369140625,25.832168579101562,13.543688774108887,28.096364974975586,15.408038139343262,13.269397735595703,11.605097770690918,1.2797322273254395,13.556537628173828,23.291250228881836,13.25909423828125,42.97823715209961,21.343791961669922,17.59439468383789,17.290264129638672,14.71091365814209,24.437593460083008,16.678430557250977,17.186359405517578,18.318208694458008,6.444872856140137,11.985664367675781,55.13080978393555,31.75720977783203,95.71967315673828,10.895358085632324,12.006118774414062,9.77035903930664,22.98811149597168,20.683645248413086,4.9811320304870605,4.104907512664795,27.45765495300293,42.86565399169922,11.574563026428223,16.608489990234375,28.026140213012695,30.292970657348633,22.193851470947266,2.174168109893799,28.099979400634766,10.353655815124512,32.324012756347656,30.13572120666504,18.97283935546875,1.8562872409820557,10.497517585754395,15.25871753692627,32.43728256225586,10.808865547180176,35.69275665283203,2.9547228813171387,14.29980182647705,25.570905685424805,16.982059478759766,11.730900764465332,4.421911716461182,30.490015029907227,7.323910713195801,30.39080047607422,18.35148048400879,12.428500175476074,8.956259727478027,15.332759857177734,9.432320594787598,25.965639114379883,11.372268676757812,29.490388870239258,27.518909454345703,28.431642532348633,18.651758193969727,8.503243446350098,24.070417404174805,24.655597686767578,8.336135864257812,21.983095169067383,21.358083724975586,11.378849029541016,25.89297103881836,74.83576965332031,27.185569763183594,26.802837371826172,4.147006511688232,19.842670440673828,13.013252258300781,28.100391387939453,9.391650199890137,14.172237396240234,38.80323028564453,16.299999237060547,30.390949249267578,3.9937000274658203,11.579115867614746,7.693473815917969,23.403356552124023,16.154714584350586
2004-10-01,0.7836320400238037,12.395805358886719,28.003637313842773,20.43284034729004,13.94679069519043,711.3956298828125,28.2692813873291,11.621192932128906,37.90939712524414,15.80158805847168,35.27688980102539,28.956581115722656,33.81411361694336,34.79568099975586,27.266029357910156,11.083168983459473,27.815105438232422,10.182472229003906,271.0253601074219,23.780569076538086,24.542491912841797,13.446978569030762,28.922502517700195,15.770798683166504,13.6347017288208,12.316792488098145,1.4069353342056274,14.006316184997559,23.03941535949707,13.070112228393555,42.74990463256836,19.766565322875977,19.677635192871094,17.468189239501953,15.764897346496582,26.31082534790039,17.23781967163086,17.786163330078125,18.474206924438477,6.022822856903076,10.78631591796875,58.62428665161133,31.875835418701172,97.25887298583984,10.811941146850586,13.199956893920898,9.225174903869629,24.090606689453125,19.426237106323242,4.957220077514648,4.327126979827881,29.79721450805664,44.870460510253906,12.843954086303711,15.827589988708496,27.758413314819336,31.395418167114258,21.74590492248535,2.3864481449127197,25.959545135498047,10.51135540008545,29.557226181030273,29.762941360473633,19.660871505737305,2.2083706855773926,10.138529777526855,15.868424415588379,31.943546295166016,11.196910858154297,34.62155532836914,3.0439178943634033,13.56747055053711,26.6337890625,17.178600311279297,11.877171516418457,4.459453105926514,31.822654724121094,7.557196140289307,29.49041175842285,20.9493350982666,11.488574981689453,10.05196762084961,15.30534553527832,9.430109977722168,26.46200180053711,10.759063720703125,28.020540237426758,33.02176284790039,27.742982864379883,19.403547286987305,9.371954917907715,25.648805618286133,26.560504913330078,9.696763038635254,22.027652740478516,19.971437454223633,12.125840187072754,28.024463653564453,75.80000305175781,28.67501449584961,29.62826919555664,4.512032985687256,20.382848739624023,14.967527389526367,27.58973503112793,10.092020034790039,14.030023574829102,37.912174224853516,16.324602127075195,29.713237762451172,4.129025936126709,11.73582935333252,7.595749378204346,23.834331512451172,16.946393966674805
2004-11-01,1.0027201175689697,12.200982093811035,30.26772117614746,21.440593719482422,14.62090015411377,742.3310546875,29.850053787231445,12.010971069335938,40.071834564208984,16.351268768310547,37.61475372314453,31.172698974609375,35.49622344970703,37.498836517333984,28.166982650756836,11.403847694396973,29.02305793762207,10.212895393371582,273.34649658203125,27.03142738342285,26.064302444458008,13.859854698181152,29.197952270507812,17.020328521728516,14.493218421936035,12.021854400634766,1.4736900329589844,14.62187385559082,23.888492584228516,13.436662673950195,48.01041793823242,23.717899322509766,20.972827911376953,18.06396484375,16.424236297607422,27.189159393310547,17.617521286010742,18.669443130493164,19.553024291992188,6.554382801055908,11.652911186218262,61.13988494873047,33.8235969543457,100.79354095458984,11.114925384521484,14.781147003173828,9.92397689819336,24.531963348388672,20.485702514648438,5.313205242156982,4.711966514587402,30.579864501953125,47.20630645751953,12.93607234954834,17.17047882080078,28.34500503540039,32.591983795166016,21.21070098876953,2.3618133068084717,27.673641204833984,10.226497650146484,28.88814926147461,33.008026123046875,19.32900619506836,2.2066731452941895,10.972308158874512,17.044591903686523,30.03106117248535,11.519262313842773,35.680213928222656,3.6111207008361816,12.141829490661621,26.456567764282227,18.35219955444336,10.804519653320312,4.594659805297852,31.773645401000977,7.868555068969727,32.23091125488281,21.246320724487305,14.39133358001709,10.11548900604248,16.506084442138672,9.740092277526855,26.63813591003418,10.382647514343262,29.279756546020508,35.061283111572266,28.85693359375,20.677160263061523,9.36294174194336,25.661149978637695,30.247770309448242,10.31655502319336,22.631996154785156,20.824995040893555,12.586465835571289,28.60318946838379,79.17436981201172,28.363115310668945,30.386281967163086,4.437164783477783,21.89537239074707,14.802240371704102,31.571964263916016,10.167341232299805,14.530224800109863,39.68720245361328,17.0216064453125,32.8661003112793,5.502063751220703,11.330995559692383,8.022177696228027,24.95161247253418,17.57743263244629
2004-12-01,0.9630898237228394,13.564728736877441,31.363847732543945,20.95659637451172,14.693646430969238,770.4287109375,30.571186065673828,12.34300708770752,42.81492614746094,18.472614288330078,35.18642044067383,31.721576690673828,35.9167594909668,36.23884201049805,28.886232376098633,12.67422866821289,30.190248489379883,11.134228706359863,294.29791259765625,28.791215896606445,27.703468322753906,15.417916297912598,31.216171264648438,16.24217414855957,15.270428657531738,12.38731575012207,1.549055814743042,14.525189399719238,22.97407341003418,13.90255355834961,47.413551330566406,24.693662643432617,21.884464263916016,18.7293643951416,16.45672035217285,27.375274658203125,17.57733726501465,19.585880279541016,20.9919490814209,6.76701021194458,11.460734367370605,63.410797119140625,32.64995574951172,104.66264343261719,12.14603042602539,14.026901245117188,10.106494903564453,25.113693237304688,20.532094955444336,5.592397212982178,4.825880527496338,32.78776550292969,49.38029479980469,13.519879341125488,17.368980407714844,27.96259117126465,34.266971588134766,21.97687339782715,2.441483974456787,29.30397605895996,10.832645416259766,30.74070167541504,30.138017654418945,20.11850929260254,2.4527087211608887,11.559473991394043,17.7764949798584,31.043554306030273,12.249051094055176,36.79201126098633,3.8843257427215576,14.11860179901123,28.94321632385254,18.29059410095215,12.042943954467773,4.883419036865234,29.80080223083496,8.44117546081543,31.103734970092773,22.397451400756836,14.272669792175293,10.893600463867188,16.07893943786621,11.607773780822754,27.98785400390625,10.053638458251953,30.155742645263672,35.501895904541016,30.46953582763672,20.88862419128418,9.680135726928711,26.184202194213867,31.68661880493164,11.435135841369629,23.4232177734375,21.30493927001953,12.866680145263672,29.84539222717285,81.55926513671875,31.374610900878906,30.8074893951416,4.736870288848877,22.38321876525879,15.071605682373047,33.545921325683594,10.82887077331543,15.506524085998535,41.79978561401367,17.126319885253906,35.23878860473633,5.394122123718262,11.524402618408203,8.176746368408203,24.95647621154785,19.516460418701172
2005-01-01,1.1500248908996582,13.163457870483398,28.444419860839844,20.545495986938477,15.08301830291748,777.7025146484375,29.814599990844727,11.476829528808594,41.54015350341797,17.605497360229492,37.923099517822266,32.2359619140625,34.06675338745117,35.41984939575195,28.50509262084961,12.388015747070312,30.11050796508789,10.301509857177734,299.6121826171875,26.423681259155273,28.124683380126953,15.910482406616211,31.627967834472656,17.357030868530273,14.979228973388672,11.566627502441406,1.5448049306869507,14.960814476013184,23.800992965698242,14.239130973815918,47.59550476074219,23.044090270996094,22.53784942626953,17.103822708129883,17.405275344848633,26.22197723388672,17.625553131103516,18.786800384521484,19.724191665649414,6.133898735046387,11.113164901733398,61.582313537597656,32.34326171875,103.6015625,13.028639793395996,14.702512741088867,10.253639221191406,24.244041442871094,20.862600326538086,5.224368572235107,4.8694353103637695,34.529293060302734,46.795570373535156,12.976542472839355,16.19037437438965,26.242834091186523,34.958580017089844,21.21466636657715,2.424186944961548,29.170394897460938,10.79362964630127,29.381071090698242,31.364147186279297,19.92275047302246,2.270303249359131,11.535752296447754,17.959476470947266,32.86280822753906,11.795267105102539,37.81861114501953,4.0578837394714355,12.321931838989258,29.31533432006836,17.989408493041992,10.151178359985352,5.006893157958984,27.90848159790039,8.06328296661377,29.68471336364746,21.61145782470703,15.314346313476562,10.933300971984863,16.084444046020508,11.827507019042969,28.79210090637207,9.032946586608887,29.273588180541992,30.54268455505371,28.832542419433594,21.078628540039062,9.810946464538574,22.997638702392578,36.226985931396484,9.902134895324707,23.214216232299805,21.65179443359375,12.962636947631836,29.506315231323242,79.73060607910156,28.621646881103516,30.119314193725586,4.719905376434326,22.667030334472656,14.224130630493164,33.87746047973633,9.597041130065918,14.877747535705566,43.23112869262695,16.89208984375,34.75507736206055,5.566311836242676,11.432771682739258,8.172252655029297,25.12201690673828,18.21994400024414
2005-02-01,1.3417459726333618,13.447075843811035,30.86894416809082,20.299776077270508,14.434463500976562,783.6857299804688,31.72972869873047,12.595646858215332,41.11968231201172,19.101852416992188,43.818519592285156,34.26610565185547,34.57759475708008,38.659488677978516,28.67721939086914,13.08520221710205,31.822002410888672,11.000288963317871,294.0927734375,28.188213348388672,28.811601638793945,16.025550842285156,31.957990646362305,20.847564697265625,14.151588439941406,11.169102668762207,1.6006678342819214,16.08409309387207,27.349224090576172,14.925859451293945,52.81473922729492,23.601688385009766,21.994674682617188,17.342514038085938,17.71444320678711,24.71021842956543,17.397916793823242,18.64236068725586,20.32758331298828,5.891708850860596,12.625722885131836,62.95368957519531,33.001094818115234,101.56840515136719,12.876201629638672,15.717711448669434,11.048818588256836,23.515439987182617,22.133235931396484,5.547059535980225,4.815330505371094,37.324485778808594,46.4632682800293,13.915997505187988,15.551060676574707,27.07857322692871,35.5982780456543,20.771394729614258,2.5898184776306152,29.379674911499023,11.134420394897461,30.546268463134766,32.26528549194336,20.54850196838379,2.6673526763916016,12.407605171203613,18.34206771850586,32.63117218017578,12.05548095703125,37.81929397583008,4.173585891723633,13.925326347351074,29.582508087158203,17.27586555480957,11.214077949523926,5.183937072753906,30.196718215942383,8.093064308166504,30.40237045288086,22.281644821166992,16.999574661254883,10.282224655151367,19.36029624938965,12.231100082397461,28.877893447875977,9.902949333190918,29.196592330932617,30.935392379760742,28.174219131469727,22.18903923034668,9.9090576171875,22.307950973510742,39.8536491394043,9.500550270080566,24.591848373413086,24.076705932617188,12.460681915283203,30.053035736083984,81.39728546142578,28.008466720581055,30.197471618652344,4.611055850982666,23.137981414794922,16.222003936767578,34.73867416381836,10.216980934143066,14.729207992553711,44.51971435546875,16.491092681884766,32.681026458740234,6.235191822052002,11.260406494140625,7.961095809936523,30.974105834960938,17.8986873626709
2005-03-01,1.2463343143463135,13.631284713745117,33.584999084472656,21.31649398803711,14.719694137573242,651.2836303710938,32.14295959472656,11.729459762573242,38.850440979003906,17.800336837768555,42.668724060058594,34.81140899658203,32.879913330078125,41.11393356323242,27.37126922607422,12.468740463256836,31.145763397216797,11.315646171569824,276.9599914550781,27.117643356323242,26.87797737121582,15.798439979553223,33.52820587158203,20.274152755737305,14.825961112976074,11.470447540283203,1.6138418912887573,16.98464012145996,25.68836212158203,15.423177719116211,48.05419921875,22.38261604309082,22.616573333740234,16.947853088378906,18.383907318115234,25.824237823486328,17.165943145751953,18.25164222717285,19.05983543395996,5.276923179626465,12.106432914733887,60.529876708984375,33.533626556396484,104.04985809326172,12.084501266479492,15.504424095153809,10.6983060836792,22.525999069213867,21.690210342407227,5.874650001525879,4.809147357940674,35.81965255737305,45.86101531982422,13.475140571594238,15.317901611328125,27.095815658569336,36.44483184814453,19.663204193115234,2.4116055965423584,29.467884063720703,10.911383628845215,28.418933868408203,33.26779556274414,19.95771026611328,2.4484670162200928,12.662637710571289,17.266376495361328,31.950685501098633,10.976444244384766,38.607757568359375,4.203919887542725,14.38983154296875,29.991107940673828,16.596092224121094,10.082918167114258,5.292693614959717,28.414508819580078,7.765511512756348,31.023046493530273,23.001815795898438,15.761439323425293,9.909050941467285,19.692014694213867,12.318209648132324,28.554859161376953,9.895421028137207,29.147109985351562,28.641088485717773,27.553356170654297,22.056427001953125,9.891706466674805,22.6668643951416,36.32035446166992,9.473047256469727,25.16211700439453,22.490739822387695,12.348174095153809,28.54791831970215,79.90833282470703,28.03685188293457,29.722110748291016,4.650706768035889,22.305795669555664,15.621415138244629,36.35853958129883,11.27574348449707,14.420831680297852,43.72718048095703,16.607738494873047,34.72135543823242,6.245110988616943,10.965361595153809,7.814555644989014,29.15901756286621,17.38237762451172
2005-04-01,1.0785417556762695,14.45695686340332,29.735000610351562,20.600404739379883,15.221017837524414,597.685546875,33.39157485961914,10.733360290527344,38.850440979003906,16.365985870361328,39.279823303222656,32.303253173828125,33.731204986572266,41.85942459106445,27.954692840576172,13.613602638244629,31.199079513549805,11.555645942687988,292.1409606933594,26.234466552734375,27.978614807128906,15.162262916564941,33.84009552001953,19.712039947509766,15.28420352935791,11.072933197021484,1.5549451112747192,16.672075271606445,22.90850257873535,15.624181747436523,44.2754020690918,20.85220718383789,20.782373428344727,16.30653190612793,19.15837860107422,25.558563232421875,17.613618850708008,17.616357803344727,17.092649459838867,4.28839111328125,10.662768363952637,54.731380462646484,33.02939224243164,104.453857421875,12.184107780456543,14.909337997436523,9.94510555267334,20.835376739501953,20.84499740600586,5.481042861938477,4.834934234619141,37.85767364501953,38.332950592041016,13.643362045288086,14.276999473571777,25.367691040039062,37.24251174926758,20.371232986450195,2.047625780105591,27.997400283813477,11.374860763549805,31.893571853637695,33.20785903930664,18.229965209960938,2.1761324405670166,10.705415725708008,16.251693725585938,33.0481071472168,11.027447700500488,34.45365524291992,4.1782002449035645,15.069984436035156,27.702234268188477,17.37200164794922,9.468583106994629,5.381014347076416,25.53605842590332,7.159631252288818,31.517311096191406,19.494117736816406,13.992524147033691,9.17857551574707,19.091609954833984,13.158446311950684,29.960250854492188,10.234430313110352,29.933805465698242,28.180347442626953,28.771581649780273,20.832101821899414,9.941184043884277,21.59012794494629,29.64495277404785,9.080626487731934,24.821956634521484,21.830190658569336,12.92854118347168,28.49231719970703,78.41120910644531,29.646453857421875,27.57703971862793,4.276837348937988,21.741018295288086,15.312102317810059,36.026920318603516,10.342293739318848,13.960492134094238,40.81099319458008,16.646621704101562,31.814655303955078,5.650811195373535,10.315451622009277,7.814555644989014,27.901662826538086,15.202412605285645
2005-05-01,1.1892069578170776,14.186397552490234,33.119998931884766,20.7711181640625,15.577631950378418,652.9291381835938,34.79640197753906,11.874215126037598,41.76707077026367,19.568553924560547,41.00340270996094,33.128299713134766,34.467254638671875,45.12461853027344,28.749149322509766,13.540221214294434,30.628616333007812,11.271201133728027,293.0741882324219,28.04002571105957,28.14794921875,15.217080116271973,31.225900650024414,20.393449783325195,15.94717025756836,12.43861198425293,1.6149675846099854,17.729026794433594,23.90566635131836,14.708539962768555,43.65846633911133,22.05585479736328,21.60106658935547,17.057859420776367,18.214818954467773,25.261646270751953,18.756696701049805,18.801807403564453,17.533226013183594,4.697929382324219,10.85965347290039,57.61130905151367,33.950618743896484,105.26179504394531,12.208771705627441,15.366048812866211,10.607412338256836,23.179874420166016,21.239864349365234,6.027273178100586,4.598933696746826,38.17059326171875,38.017093658447266,15.691498756408691,13.515252113342285,25.55232048034668,36.59075164794922,20.520462036132812,2.3872320652008057,28.8402156829834,11.686468124389648,32.00653839111328,35.49034118652344,20.014129638671875,2.6003293991088867,10.782515525817871,17.15548324584961,33.7065544128418,10.788351058959961,34.724151611328125,4.3164238929748535,14.420953750610352,25.775413513183594,17.77150535583496,10.707006454467773,5.358605861663818,25.11391830444336,7.662045478820801,32.17453384399414,19.885650634765625,14.501843452453613,10.163128852844238,20.228796005249023,12.56960391998291,30.294103622436523,10.582099914550781,30.486602783203125,28.46074676513672,29.53911781311035,20.304433822631836,10.536625862121582,23.11898422241211,33.0943489074707,10.047002792358398,25.0512638092041,21.817419052124023,13.32090950012207,28.62563133239746,80.93798065185547,30.781536102294922,31.959564208984375,4.341107368469238,23.004173278808594,16.956186294555664,37.03706359863281,10.832476615905762,14.676026344299316,46.336212158203125,16.911792755126953,35.51974105834961,6.112307548522949,10.36823844909668,8.383133888244629,27.63562774658203,15.569564819335938
2005-06-01,1.1009739637374878,14.412845611572266,28.610000610351562,19.97412109375,16.092660903930664,684.4415283203125,35.723114013671875,11.70065689086914,40.35214614868164,19.65488052368164,45.0786247253418,33.34310531616211,34.14631652832031,46.60758972167969,28.586185455322266,13.613602638244629,28.06352424621582,11.226659774780273,287.59954833984375,28.3975830078125,29.362810134887695,15.198809623718262,29.787839889526367,21.743701934814453,15.813552856445312,12.233437538146973,1.6569145917892456,18.792449951171875,24.85690689086914,15.352867126464844,43.256072998046875,21.93985939025879,19.82197380065918,16.386707305908203,19.706199645996094,25.353382110595703,19.304853439331055,17.715620040893555,17.54788589477539,4.820319652557373,11.518004417419434,52.23939514160156,34.56539535522461,100.60094451904297,11.54037094116211,17.192428588867188,10.928055763244629,22.9722957611084,21.474367141723633,6.3165364265441895,4.553905963897705,36.91627883911133,37.33776092529297,15.144393920898438,12.676058769226074,24.199432373046875,35.445579528808594,20.273643493652344,2.296285629272461,28.25482177734375,11.00242805480957,30.584625244140625,35.47941207885742,20.36746597290039,2.456102132797241,10.85368824005127,15.386704444885254,32.536376953125,10.418535232543945,32.753509521484375,4.201318740844727,13.8541841506958,27.62327766418457,17.110248565673828,9.956151008605957,5.593320846557617,26.321067810058594,8.084078788757324,31.903127670288086,19.287580490112305,12.559372901916504,10.480728149414062,21.37518882751465,13.910901069641113,29.175168991088867,10.460725784301758,29.159896850585938,29.253284454345703,29.436412811279297,19.487777709960938,10.96635627746582,20.476455688476562,31.380680084228516,9.473047256469727,23.60782241821289,24.304838180541992,13.603413581848145,29.01246452331543,81.06057739257812,31.0555477142334,32.38212966918945,4.609942436218262,24.150245666503906,17.21997833251953,39.751190185546875,10.5304536819458,14.762126922607422,50.24843978881836,17.239328384399414,36.19603729248047,6.325131416320801,10.581178665161133,8.97787094116211,28.26012420654297,15.82198715209961
2005-07-01,1.2756456136703491,13.788788795471191,29.639999389648438,21.13534164428711,16.891403198242188,709.1802978515625,36.62590408325195,13.36391544342041,53.23999786376953,20.086713790893555,47.78760528564453,33.044517517089844,35.2817497253418,46.61465835571289,27.326419830322266,14.409871101379395,29.614585876464844,11.226659774780273,273.32525634765625,32.276023864746094,30.2531795501709,16.212196350097656,30.01014518737793,23.792083740234375,15.94323444366455,12.278315544128418,1.7687740325927734,20.082984924316406,25.785938262939453,15.451189994812012,46.57823181152344,24.633352279663086,20.1840877532959,18.584827423095703,19.580272674560547,26.309226989746094,19.848876953125,18.61229705810547,19.14154052734375,5.102499485015869,12.471236228942871,54.225528717041016,36.348243713378906,100.16545867919922,11.732872009277344,20.15131378173828,11.5805025100708,25.69472312927246,23.027929306030273,6.614762306213379,4.617132186889648,37.968482971191406,41.997440338134766,15.796259880065918,13.259300231933594,26.012569427490234,34.87846374511719,20.366374969482422,2.7179014682769775,28.782997131347656,11.532129287719727,30.91952133178711,34.12849426269531,23.18844985961914,2.413681745529175,11.06127643585205,17.283016204833984,33.8870735168457,11.142679214477539,33.976661682128906,4.350761890411377,13.971145629882812,28.070268630981445,17.640625,11.584630012512207,5.734285831451416,25.32297706604004,7.822702407836914,32.018638610839844,23.18124008178711,15.265620231628418,10.774506568908691,22.861690521240234,14.706862449645996,29.499746322631836,10.051098823547363,30.90964698791504,31.003482818603516,29.900371551513672,20.19264793395996,11.37265396118164,24.4898624420166,33.18454360961914,9.636246681213379,23.9246826171875,26.801252365112305,13.875375747680664,30.166419982910156,84.16207885742188,32.01457214355469,34.965084075927734,4.450910568237305,26.893354415893555,19.498998641967773,39.87317657470703,11.425865173339844,15.19689655303955,54.30760192871094,17.17214012145996,41.29172134399414,7.070834636688232,10.833627700805664,8.927276611328125,28.889554977416992,15.156519889831543
2005-08-01,1.4024627208709717,13.345227241516113,27.040000915527344,20.345335006713867,16.378141403198242,699.1690673828125,33.792198181152344,13.27106761932373,53.3267822265625,23.623977661132812,50.037261962890625,30.63363265991211,35.43569564819336,47.504791259765625,27.285701751708984,14.798833847045898,28.149085998535156,10.997453689575195,275.02178955078125,33.22197341918945,29.074743270874023,16.07744789123535,30.934358596801758,25.065513610839844,15.193885803222656,11.297337532043457,1.7100319862365723,19.00861167907715,27.4958553314209,16.141204833984375,41.96412658691406,21.90300941467285,19.829845428466797,18.411273956298828,19.863895416259766,25.854806900024414,19.568523406982422,19.14698028564453,18.812511444091797,4.736677169799805,13.056402206420898,52.51667785644531,36.15892028808594,97.58154296875,11.416040420532227,22.33713722229004,10.925997734069824,23.869747161865234,22.56390380859375,7.45840311050415,4.972654819488525,35.26901626586914,40.66591262817383,15.013357162475586,13.049025535583496,25.596498489379883,34.74607467651367,19.641902923583984,2.672492027282715,28.1329288482666,11.59537410736084,30.4202823638916,34.17732238769531,22.519615173339844,2.689411163330078,10.69355297088623,17.992746353149414,35.80949020385742,10.863951683044434,32.42256164550781,4.59376859664917,12.871063232421875,26.91675567626953,18.915781021118164,11.613882064819336,5.7775559425354,26.691974639892578,7.366222858428955,32.540000915527344,22.261716842651367,15.549172401428223,10.313986778259277,23.070087432861328,14.764037132263184,29.672868728637695,9.733492851257324,30.8262996673584,30.507568359375,30.669435501098633,19.699304580688477,11.804814338684082,24.687685012817383,33.672916412353516,8.99077320098877,24.13772964477539,27.598190307617188,13.641413688659668,31.723209381103516,83.37310791015625,31.107023239135742,32.04683303833008,3.96923565864563,26.276294708251953,20.06383514404297,39.26325607299805,11.094350814819336,14.772237777709961,55.79222106933594,16.83244514465332,39.479957580566406,7.496627330780029,9.901132583618164,8.849089622497559,29.599416732788086,15.385994911193848
2005-09-01,1.603455662727356,12.537946701049805,29.850000381469727,20.55778694152832,17.488231658935547,731.7655639648438,33.239139556884766,12.28587818145752,53.17325973510742,25.329458236694336,52.55242156982422,30.669391632080078,36.84697723388672,48.16399002075195,26.695980072021484,14.630034446716309,28.136009216308594,10.813186645507812,286.0177001953125,35.173736572265625,30.972152709960938,16.1662654876709,29.84356117248535,26.574609756469727,15.374762535095215,11.489686012268066,1.8092926740646362,18.77560806274414,28.987079620361328,18.17995834350586,40.80619430541992,20.60599708557129,18.995399475097656,18.451995849609375,19.987232208251953,25.08417510986328,20.252649307250977,20.433311462402344,18.70361328125,4.684416770935059,15.215896606445312,56.241310119628906,37.72405242919922,98.4009780883789,11.930896759033203,24.68614387512207,10.371780395507812,22.579160690307617,22.104135513305664,7.867923736572266,5.14417839050293,33.60970687866211,40.46414566040039,14.388779640197754,12.604899406433105,25.107696533203125,34.685794830322266,19.665084838867188,2.569723606109619,27.067211151123047,11.454390525817871,29.590938568115234,33.51837921142578,22.551132202148438,2.5850579738616943,9.892870903015137,18.569406509399414,33.6860466003418,10.453875541687012,33.429630279541016,4.842687606811523,12.406005859375,28.54117774963379,17.775861740112305,12.969324111938477,6.382258892059326,31.888416290283203,7.637187957763672,31.530582427978516,25.356225967407227,16.352352142333984,9.845535278320312,23.824752807617188,14.848743438720703,30.82431411743164,9.538667678833008,33.037696838378906,30.446008682250977,31.645734786987305,18.513843536376953,12.124286651611328,27.821060180664062,34.22936248779297,9.186982154846191,24.552501678466797,27.0715389251709,14.180720329284668,31.604806900024414,84.04218292236328,31.606101989746094,30.96173095703125,3.88761305809021,27.559125900268555,20.81285285949707,42.84650421142578,11.703497886657715,14.34512996673584,57.62477493286133,16.53599739074707,39.33460235595703,8.368555068969727,9.650078773498535,9.119194984436035,31.398115158081055,15.661356925964355
2005-10-01,1.7224959135055542,12.813223838806152,32.25,22.286848068237305,16.721744537353516,765.3068237304688,31.73617935180664,11.851238250732422,50.4702033996582,26.846460342407227,44.66496276855469,31.83742904663086,36.56310272216797,45.81780242919922,27.735916137695312,14.0282564163208,27.234472274780273,9.627327919006348,287.6513977050781,31.628395080566406,34.281917572021484,16.309221267700195,29.233074188232422,24.975923538208008,15.130659103393555,11.188343048095703,1.7832123041152954,15.820836067199707,25.556819915771484,16.056781768798828,44.9093132019043,20.430906295776367,19.184328079223633,17.633211135864258,18.144052505493164,25.98761558532715,18.980344772338867,19.792993545532227,17.314462661743164,4.0019378662109375,15.557332992553711,59.339630126953125,36.820526123046875,99.10234069824219,12.028371810913086,21.29233169555664,9.992646217346191,24.29598617553711,20.158977508544922,7.5553669929504395,4.9787187576293945,33.92008590698242,41.30148696899414,13.71749496459961,12.342644691467285,25.8487491607666,34.32400894165039,21.43776512145996,2.4400787353515625,25.844112396240234,11.345658302307129,27.52865982055664,33.254798889160156,21.30092430114746,2.862483501434326,8.748189926147461,17.521448135375977,35.659507751464844,9.751910209655762,34.6235466003418,4.930725574493408,12.866497039794922,28.937185287475586,17.7551326751709,12.667032241821289,5.773533344268799,28.798954010009766,7.8587870597839355,31.124479293823242,25.13117218017578,16.590749740600586,10.06784725189209,21.998083114624023,14.50959300994873,32.11251449584961,8.304793357849121,31.267858505249023,29.674339294433594,33.41282653808594,18.75782012939453,11.753026008605957,24.71875762939453,34.391143798828125,10.371570587158203,23.12102508544922,29.12163734436035,13.875375747680664,32.19687271118164,82.0545425415039,35.68283462524414,33.20351791381836,4.0869293212890625,27.65740203857422,17.5468692779541,44.134952545166016,11.292162895202637,15.111428260803223,50.4731330871582,16.99619483947754,40.75183868408203,7.449853897094727,10.418651580810547,8.52396011352539,27.741422653198242,15.569564819335938
2005-11-01,2.028470754623413,11.22385025024414,32.61000061035156,22.449256896972656,16.258811950683594,794.6943969726562,33.91486358642578,13.140942573547363,54.01420974731445,28.87678337097168,45.679588317871094,32.91089630126953,37.775264739990234,48.518768310546875,29.41364097595215,14.252080917358398,31.248533248901367,9.818324089050293,308.03179931640625,34.749732971191406,36.519107818603516,16.789630889892578,29.319488525390625,23.115528106689453,15.707802772521973,11.246044158935547,1.89848792552948,17.512453079223633,25.869644165039062,16.169218063354492,44.31199264526367,23.350093841552734,19.625171661376953,18.373523712158203,18.624799728393555,26.136884689331055,19.235902786254883,21.653106689453125,18.850330352783203,3.9105472564697266,16.404144287109375,63.01245880126953,36.18733215332031,104.39212036132812,11.846424102783203,22.977130889892578,10.83066463470459,24.793607711791992,21.660356521606445,7.994569778442383,5.13528299331665,32.508792877197266,44.949989318847656,15.627230644226074,13.446623802185059,26.919170379638672,34.0244140625,22.391990661621094,2.70430588722229,26.817157745361328,11.396379470825195,28.12663459777832,33.44294738769531,23.652904510498047,3.1857211589813232,10.175599098205566,19.154041290283203,34.9735107421875,10.051323890686035,35.9533805847168,4.782243728637695,13.576354026794434,29.79874038696289,19.179101943969727,13.905455589294434,5.731045722961426,31.244129180908203,7.975663185119629,33.435333251953125,27.74584197998047,18.594945907592773,10.004332542419434,22.115211486816406,14.47037124633789,32.177734375,8.168192863464355,31.937997817993164,32.49922561645508,35.096946716308594,19.145462036132812,11.02548885345459,28.2686710357666,36.66117477416992,11.167410850524902,23.0756893157959,30.712942123413086,13.912914276123047,35.01115417480469,85.66101837158203,37.272186279296875,31.962629318237305,4.265517234802246,28.578712463378906,19.962255477905273,45.63685607910156,12.49352741241455,15.469035148620605,52.016910552978516,17.8997802734375,42.72547912597656,7.182594299316406,10.693924903869629,8.60766315460205,28.821741104125977,16.292402267456055
2005-12-01,2.1502034664154053,11.7357816696167,36.959999084472656,22.010482788085938,16.5035343170166,807.595947265625,32.687652587890625,13.017586708068848,52.63264846801758,28.511959075927734,47.94676971435547,33.09794235229492,37.804664611816406,49.977386474609375,29.58029556274414,14.021713256835938,32.36054229736328,10.450441360473633,307.9049072265625,34.74372482299805,35.31557083129883,16.891258239746094,30.729290008544922,22.22544288635254,15.571724891662598,10.97675609588623,1.9816259145736694,17.123580932617188,25.625886917114258,16.43532943725586,43.23933792114258,23.062963485717773,19.070024490356445,18.391695022583008,19.033903121948242,28.574581146240234,19.56959342956543,21.392494201660156,19.84726905822754,3.7133374214172363,17.092670440673828,66.79165649414062,36.10818099975586,103.16423034667969,12.292572975158691,22.367053985595703,10.703376770019531,24.022136688232422,22.081222534179688,7.735020637512207,5.116497993469238,33.126373291015625,41.56230163574219,14.619778633117676,14.33367919921875,26.933591842651367,33.11526870727539,23.234989166259766,2.6060450077056885,27.327980041503906,10.761024475097656,31.518529891967773,35.1151008605957,23.3654842376709,3.027071714401245,9.66834545135498,19.08049201965332,36.23223114013672,10.013428688049316,35.504417419433594,4.960689544677734,14.689245223999023,30.17636489868164,18.118982315063477,12.979076385498047,5.618831157684326,36.17599105834961,8.129515647888184,35.032230377197266,28.11589241027832,18.675683975219727,9.694674491882324,22.3726806640625,15.12012767791748,32.25295639038086,8.985015869140625,32.32332992553711,31.335317611694336,34.02924728393555,18.253280639648438,11.12037181854248,26.836246490478516,38.434783935546875,11.00604248046875,22.388763427734375,31.23479461669922,13.8407621383667,34.07403564453125,85.49712371826172,35.938812255859375,32.8347053527832,4.421596527099609,27.57587242126465,19.71026611328125,47.3751106262207,13.193747520446777,15.434744834899902,52.835758209228516,17.894086837768555,43.722530364990234,7.765833854675293,10.337685585021973,8.683297157287598,27.897933959960938,16.808713912963867
2006-01-01,2.258476972579956,12.927627563476562,39.72999954223633,21.07060432434082,16.60587501525879,774.8092651367188,31.466476440429688,13.823022842407227,48.648155212402344,27.253828048706055,52.92546081542969,34.495906829833984,38.620086669921875,48.6041374206543,28.349639892578125,13.723777770996094,34.9028434753418,10.490429878234863,295.5327453613281,40.99884796142578,36.18128967285156,16.994976043701172,32.490203857421875,24.716154098510742,15.655414581298828,11.906441688537598,2.0893521308898926,18.01791000366211,26.80402183532715,16.079805374145508,41.73949432373047,24.298898696899414,20.136104583740234,20.862686157226562,19.6579647064209,28.212177276611328,19.85682487487793,22.18004608154297,19.583980560302734,4.1754374504089355,20.519201278686523,65.34456634521484,36.96715545654297,96.39456176757812,12.199033737182617,28.74216079711914,11.29160213470459,24.06368637084961,22.774782180786133,8.423962593078613,5.271683216094971,30.69809341430664,41.10723114013672,12.452580451965332,13.915740966796875,25.801025390625,31.704713821411133,23.468645095825195,2.7460410594940186,26.16889762878418,11.046669006347656,31.535234451293945,37.33359146118164,22.295839309692383,3.9390952587127686,10.083925247192383,19.810434341430664,35.59900665283203,9.78349494934082,33.328338623046875,4.802682399749756,15.931434631347656,32.83099365234375,19.50475311279297,14.31501579284668,5.649927139282227,41.8665657043457,7.5824875831604,36.20949935913086,31.25798225402832,23.576936721801758,9.980507850646973,27.366487503051758,16.202295303344727,31.21570587158203,9.894307136535645,33.23591995239258,35.995704650878906,35.97581481933594,18.757701873779297,11.396488189697266,29.876192092895508,42.924049377441406,11.625842094421387,22.13434410095215,40.97657775878906,13.948991775512695,33.68463897705078,87.55023956298828,39.192996978759766,32.70330047607422,4.859375476837158,28.014163970947266,17.98268699645996,45.3014030456543,14.496572494506836,15.44507884979248,56.056575775146484,17.760229110717773,42.11476516723633,7.990394115447998,10.185261726379395,9.134866714477539,31.166015625,16.418607711791992
2006-02-01,2.0485105514526367,13.23621940612793,38.54999923706055,22.1495418548584,16.40962028503418,785.4616088867188,33.11687469482422,13.313432693481445,50.37677764892578,31.54659652709961,46.8922233581543,35.87708282470703,39.673038482666016,51.93838119506836,29.387990951538086,14.096196174621582,34.39113998413086,10.633124351501465,297.34527587890625,44.12659454345703,36.828914642333984,16.86803436279297,33.08736038208008,23.431203842163086,16.283098220825195,12.977194786071777,2.1667189598083496,18.387868881225586,25.69923210144043,16.135395050048828,42.459815979003906,25.826053619384766,22.26825523376465,21.852861404418945,19.91073226928711,28.51154899597168,19.61979866027832,23.552976608276367,20.7196102142334,3.8785812854766846,16.16944694519043,69.27885437011719,39.16246032714844,97.47213745117188,12.35964584350586,24.600921630859375,10.806914329528809,25.01317024230957,24.40635108947754,8.864340782165527,5.413186550140381,30.810789108276367,40.673160552978516,12.123191833496094,14.080182075500488,26.275487899780273,31.945241928100586,24.289310455322266,2.765514373779297,27.112661361694336,11.204174041748047,31.200416564941406,40.37675857543945,23.92023468017578,3.6565797328948975,10.297826766967773,19.753847122192383,34.0103645324707,10.631983757019043,33.92636489868164,4.7734694480896,16.097679138183594,31.8746395111084,18.680950164794922,15.124377250671387,5.66885232925415,35.850807189941406,8.128580093383789,37.505638122558594,32.20177459716797,24.086360931396484,9.861411094665527,25.63840103149414,16.148775100708008,32.269325256347656,10.18791389465332,33.62870788574219,37.246482849121094,39.02095031738281,19.26446533203125,12.028156280517578,29.43427848815918,44.43488311767578,13.320208549499512,20.236953735351562,37.052001953125,13.788564682006836,35.15529251098633,88.05150604248047,40.50246810913086,32.5529670715332,4.672568321228027,26.53260040283203,18.36412239074707,44.39414978027344,14.51131820678711,15.961459159851074,61.90541458129883,18.438011169433594,46.87013626098633,7.229565620422363,10.019599914550781,8.730335235595703,29.643930435180664,17.095548629760742
2006-03-01,1.8759326934814453,12.723904609680176,34.95000076293945,21.99381446838379,15.294662475585938,784.03857421875,31.707313537597656,12.724794387817383,48.55472183227539,33.059837341308594,45.90420150756836,37.76357650756836,38.6937370300293,55.68248748779297,29.511127471923828,14.453715324401855,33.28260040283203,11.328189849853516,302.8600769042969,43.35974884033203,34.52082824707031,17.679237365722656,32.490203857421875,24.272968292236328,16.9473876953125,13.894059181213379,2.3396494388580322,19.38742446899414,26.37720489501953,14.831238746643066,40.42572021484375,26.90034294128418,22.188701629638672,22.13547706604004,20.436548233032227,30.172531127929688,18.6060848236084,24.076946258544922,21.701026916503906,3.8737165927886963,19.280832290649414,73.01338195800781,40.65245056152344,103.13599395751953,12.718515396118164,26.41704559326172,11.238335609436035,25.19258689880371,25.491064071655273,8.910266876220703,5.314136028289795,31.461345672607422,41.803524017333984,11.452295303344727,14.853578567504883,29.581186294555664,32.815208435058594,24.58452796936035,2.560603380203247,26.70279312133789,11.259081840515137,31.020915985107422,41.62898635864258,22.608089447021484,3.648097038269043,11.080095291137695,19.442630767822266,31.99308204650879,11.023614883422852,34.89448165893555,4.755937576293945,16.44762420654297,33.56294631958008,18.917329788208008,14.354018211364746,5.476529598236084,35.21914291381836,7.985775947570801,39.95725631713867,34.020111083984375,29.473915100097656,10.869786262512207,26.052297592163086,15.026878356933594,31.68657112121582,9.693875312805176,32.33810806274414,38.40909957885742,37.334747314453125,20.128707885742188,11.221616744995117,31.58755111694336,46.872718811035156,13.800642013549805,20.329132080078125,40.779762268066406,13.278026580810547,38.15496826171875,89.50473022460938,39.29779052734375,31.122774124145508,4.735529899597168,25.937923431396484,19.975982666015625,42.61011505126953,15.349204063415527,15.92075252532959,67.90007019042969,18.343238830566406,47.976863861083984,7.196930885314941,10.473509788513184,8.638465881347656,30.38790512084961,17.43975067138672
2006-04-01,2.105339527130127,12.894980430603027,39.20000076293945,21.22345733642578,15.042900085449219,774.0733642578125,34.37241744995117,13.044550895690918,45.18426513671875,33.49857711791992,49.85018539428711,38.511085510253906,39.711029052734375,59.626617431640625,32.3494873046875,14.040331840515137,34.071720123291016,11.816308975219727,323.622802734375,45.877952575683594,36.863800048828125,18.408140182495117,35.002079010009766,25.71436309814453,16.90549087524414,13.432419776916504,2.6796414852142334,19.315181732177734,27.764986038208008,16.08597755432129,40.4356803894043,29.871145248413086,22.244388580322266,22.67793083190918,20.415512084960938,29.856576919555664,18.443552017211914,24.456981658935547,22.795440673828125,3.4298362731933594,20.938810348510742,74.42913055419922,41.842342376708984,102.57258605957031,12.465730667114258,28.27298355102539,10.560730934143066,23.781099319458008,25.330150604248047,8.79380989074707,5.298238754272461,32.129966735839844,41.73762130737305,11.758313179016113,15.618387222290039,31.543842315673828,32.47719192504883,27.01167106628418,2.5500123500823975,27.0400390625,11.283284187316895,29.68582534790039,42.05563735961914,22.14113998413086,4.146952152252197,9.888360023498535,19.56146240234375,31.654939651489258,11.339421272277832,39.384822845458984,4.91030740737915,16.06946563720703,34.498783111572266,16.789913177490234,16.548076629638672,5.402853488922119,39.610511779785156,7.6798577308654785,39.143959045410156,33.97605895996094,30.607418060302734,11.584375381469727,28.8895206451416,14.712454795837402,31.93329429626465,9.853373527526855,32.84485626220703,38.618743896484375,39.97010040283203,21.326583862304688,11.084210395812988,32.04315948486328,47.231201171875,13.668622016906738,20.103830337524414,44.55261993408203,13.221306800842285,36.857093811035156,90.63533020019531,42.477779388427734,31.775039672851562,4.603879928588867,27.328229904174805,21.37246322631836,37.94176483154297,14.99732780456543,16.41143035888672,66.57571411132812,19.7275333404541,47.07471466064453,7.378620624542236,9.983538627624512,8.966876029968262,31.496379852294922,16.10882568359375
2006-05-01,1.7876991033554077,12.882918357849121,28.6299991607666,21.892702102661133,15.5770263671875,723.072021484375,33.68381118774414,12.323477745056152,45.11084747314453,28.494983673095703,45.527587890625,36.44839859008789,40.11688995361328,59.68721389770508,31.689844131469727,14.040331840515137,32.66106033325195,11.429882049560547,319.4115295410156,44.18796920776367,34.361534118652344,18.788005828857422,34.462154388427734,24.46546745300293,18.509769439697266,12.618138313293457,2.62333083152771,18.132356643676758,27.43915557861328,15.744332313537598,39.69884490966797,29.129301071166992,24.265159606933594,22.341276168823242,19.99907112121582,30.575345993041992,19.114343643188477,23.87898063659668,21.969871520996094,3.5334744453430176,18.153667449951172,70.64075469970703,40.57978820800781,101.59398651123047,13.10998821258545,27.04012680053711,9.933837890625,22.70311164855957,24.67295265197754,8.769434928894043,5.669240474700928,34.43050003051758,40.647247314453125,10.659255981445312,14.70724105834961,30.49955177307129,33.57646942138672,25.38072395324707,2.1784331798553467,28.028688430786133,11.83991527557373,29.192115783691406,40.33346939086914,21.870750427246094,3.7999584674835205,10.2733793258667,18.769258499145508,31.888629913330078,11.215699195861816,38.77438735961914,4.855942249298096,15.72217845916748,31.98783302307129,15.808466911315918,16.148273468017578,5.434232711791992,35.395599365234375,7.536279201507568,38.018558502197266,33.2918586730957,29.60894012451172,11.290597915649414,27.863178253173828,14.954133987426758,33.15053939819336,9.291152954101562,30.610454559326172,37.27931213378906,38.53839874267578,20.588001251220703,11.362842559814453,28.292024612426758,44.63919448852539,13.074492454528809,21.377473831176758,42.252174377441406,13.114648818969727,34.29086685180664,87.90530395507812,40.383792877197266,29.33319854736328,4.536667346954346,27.3220272064209,19.229677200317383,33.53278350830078,15.308486938476562,16.113893508911133,61.4515380859375,19.208358764648438,47.39286804199219,7.604051113128662,10.779452323913574,8.93355941772461,30.565847396850586,15.753144264221191
2006-06-01,1.7129243612289429,13.157466888427734,30.360000610351562,21.923688888549805,15.567934036254883,702.2600708007812,33.512359619140625,11.86435317993164,43.53572463989258,27.831571578979492,47.89238739013672,36.12398910522461,39.27560806274414,58.726470947265625,31.49341583251953,13.690248489379883,33.15694808959961,12.03978443145752,312.6086120605469,45.11473846435547,33.75130081176758,18.6510009765625,33.251426696777344,25.331371307373047,19.519681930541992,12.521965980529785,2.761319160461426,19.95209312438965,28.480918884277344,16.223731994628906,39.249271392822266,28.55066680908203,23.867366790771484,22.611164093017578,20.814064025878906,32.135311126708984,19.261709213256836,24.252269744873047,22.525541305541992,3.4199678897857666,18.254079818725586,75.6107177734375,41.740318298339844,98.47016143798828,13.051873207092285,26.902359008789062,9.703442573547363,21.40113639831543,24.145702362060547,8.60284423828125,5.863424777984619,33.317317962646484,39.08034896850586,11.238951683044434,13.980097770690918,29.384916305541992,33.409183502197266,24.999786376953125,2.206566333770752,28.73847007751465,11.651721954345703,31.244150161743164,39.91619873046875,21.305362701416016,3.9636998176574707,10.09003734588623,19.012582778930664,29.63386344909668,10.922690391540527,37.434959411621094,4.984522342681885,17.205148696899414,33.913963317871094,16.262130737304688,14.685565948486328,5.697669982910156,35.99348449707031,7.615649700164795,37.65412521362305,33.58213424682617,30.873722076416016,11.50497817993164,28.942256927490234,15.648821830749512,33.08425521850586,9.21654224395752,31.372175216674805,37.078643798828125,39.24304962158203,21.119178771972656,12.441055297851562,25.075456619262695,47.0777587890625,13.848319053649902,23.048076629638672,42.03514862060547,13.147465705871582,33.38042449951172,88.13457489013672,37.908905029296875,29.30321502685547,4.374029636383057,27.8389892578125,18.650876998901367,34.158267974853516,15.334879875183105,16.292552947998047,61.41218566894531,19.413835525512695,43.56117630004883,7.891679286956787,10.71716022491455,9.236138343811035,30.786640167236328,15.959671974182129
2006-07-01,2.032658338546753,14.508625030517578,28.510000228881836,21.155031204223633,16.417919158935547,721.5259399414062,34.792091369628906,11.485395431518555,46.525760650634766,27.480653762817383,49.52587890625,36.12962341308594,38.52724838256836,55.50732421875,33.73920440673828,15.64174747467041,35.755062103271484,11.282580375671387,312.99737548828125,43.115013122558594,34.37841796875,18.566131591796875,32.84975051879883,26.673555374145508,19.386058807373047,11.46403694152832,2.378718614578247,21.29136085510254,30.1881160736084,17.024181365966797,34.774269104003906,24.8164119720459,23.62074089050293,21.563634872436523,21.4873046875,34.10715866088867,20.31494903564453,22.83724594116211,19.149694442749023,3.3157191276550293,18.077085494995117,67.74942779541016,42.88633346557617,97.66354370117188,13.201456069946289,24.187105178833008,10.08462905883789,20.75533676147461,23.18706512451172,8.665301322937012,5.979311943054199,33.25682067871094,39.380516052246094,10.647428512573242,14.858726501464844,28.289953231811523,34.87557601928711,27.376144409179688,2.2394754886627197,28.435701370239258,12.05257511138916,32.09210968017578,44.333984375,19.947141647338867,3.5293221473693848,11.025090217590332,20.025449752807617,31.982646942138672,11.475387573242188,32.62870788574219,5.428466320037842,19.01869773864746,35.83046340942383,16.792572021484375,15.202388763427734,5.940005302429199,34.837432861328125,7.4276123046875,38.90612030029297,27.39827537536621,30.25910186767578,11.886101722717285,30.409818649291992,15.9588623046875,34.92473220825195,10.206128120422363,31.887842178344727,34.51754379272461,39.92814636230469,19.692039489746094,13.10355281829834,22.065406799316406,40.520477294921875,12.553706169128418,23.011987686157227,43.158504486083984,13.857136726379395,37.41425323486328,88.52928161621094,39.194515228271484,27.53434944152832,4.662951469421387,28.600839614868164,18.355541229248047,36.48480224609375,14.021781921386719,16.883480072021484,52.72783660888672,20.9361515045166,40.683433532714844,8.192352294921875,9.900630950927734,9.65027141571045,33.9932746887207,16.16618537902832
2006-08-01,2.0293686389923096,14.791075706481934,32.439998626708984,22.818016052246094,16.751079559326172,760.9619140625,35.6954345703125,12.35630989074707,45.40450668334961,27.75360870361328,45.87839126586914,37.46337127685547,38.882450103759766,53.90752029418945,34.06472396850586,16.528120040893555,37.805328369140625,10.23763656616211,322.9838562011719,40.365177154541016,35.932884216308594,18.735137939453125,32.77851486206055,24.648942947387695,19.8564453125,14.099226951599121,2.377121925354004,21.831449508666992,29.78647804260254,17.478342056274414,38.34422302246094,26.707469940185547,23.588918685913086,22.327253341674805,21.487380981445312,35.30293655395508,20.279146194458008,23.905921936035156,19.98779296875,4.160804748535156,19.28641700744629,65.36841583251953,43.22549057006836,101.7564926147461,13.794112205505371,23.70346450805664,10.947484016418457,20.50418472290039,23.33748435974121,9.92802906036377,5.808157444000244,32.81085205078125,41.35585403442383,11.642308235168457,15.158985137939453,27.157846450805664,36.26123809814453,27.400146484375,2.337538242340088,29.57685661315918,12.136530876159668,31.847652435302734,46.12525177001953,19.039491653442383,3.625190019607544,11.514009475708008,20.314050674438477,29.690929412841797,11.920524597167969,33.4470329284668,5.670122146606445,19.32890510559082,35.44791793823242,18.003246307373047,16.850370407104492,6.172992706298828,34.85102462768555,7.593089580535889,39.44997024536133,27.078691482543945,27.811960220336914,12.43394947052002,28.781373977661133,16.57184410095215,35.971683502197266,10.922874450683594,35.12202072143555,35.505680084228516,39.89997482299805,20.430524826049805,13.469467163085938,23.64920425415039,36.99763488769531,11.372786521911621,25.236295700073242,39.575401306152344,14.219470024108887,37.27595901489258,90.46118927001953,40.330020904541016,29.087100982666016,5.132265567779541,27.414358139038086,20.087539672851562,39.627567291259766,13.304189682006836,16.920412063598633,62.19269943237305,20.270708084106445,42.87447738647461,8.350687980651855,9.987241744995117,10.016252517700195,34.115699768066406,16.992284774780273
2006-09-01,2.302443027496338,14.748566627502441,37.459999084472656,22.975168228149414,16.7005615234375,790.0556640625,38.646461486816406,12.963156700134277,47.7404670715332,27.19163703918457,44.41658401489258,37.69816207885742,41.50224685668945,56.750423431396484,35.45458221435547,16.930326461791992,38.449981689453125,11.729741096496582,325.0780944824219,40.03059387207031,36.67716979980469,19.43621253967285,34.52678680419922,23.133403778076172,19.29092788696289,14.733979225158691,2.5824248790740967,20.90093421936035,29.999223709106445,16.7344913482666,39.572792053222656,28.830049514770508,24.59134864807129,21.78537940979004,21.630626678466797,33.98984146118164,20.279146194458008,24.40353775024414,20.694122314453125,4.021615028381348,17.89513397216797,70.3809585571289,45.86186218261719,106.21932983398438,14.396960258483887,20.673307418823242,12.268730163574219,21.782480239868164,24.65141487121582,9.9854154586792,5.70197868347168,32.5007438659668,41.851287841796875,12.23720932006836,15.097949028015137,27.905681610107422,36.418251037597656,28.18026351928711,2.36734938621521,30.67730712890625,12.185676574707031,32.45694351196289,48.05736541748047,19.74309539794922,3.8457717895507812,12.039596557617188,22.136085510253906,29.399715423583984,12.431126594543457,34.715877532958984,5.250676155090332,19.972415924072266,39.28419494628906,19.159101486206055,16.967382431030273,6.249375343322754,29.127744674682617,8.253866195678711,40.19396209716797,27.915193557739258,28.510597229003906,14.085464477539062,27.27324676513672,14.602385520935059,36.12691116333008,11.239933967590332,35.16740417480469,37.270172119140625,40.82997131347656,21.630041122436523,12.774308204650879,22.820520401000977,38.12632369995117,12.48769760131836,24.8834285736084,40.12852478027344,14.29830551147461,38.68938446044922,92.90379333496094,40.85171890258789,33.21063232421875,5.377847671508789,29.45395278930664,20.494342803955078,37.52986145019531,14.5708646774292,17.702747344970703,61.90787124633789,21.104867935180664,44.5701904296875,8.09301471710205,11.01455020904541,10.051786422729492,33.828346252441406,17.852792739868164
2006-10-01,2.4250736236572266,14.521683692932129,38.25,23.994342803955078,19.0240478515625,800.9058837890625,37.80242156982422,12.714569091796875,50.663780212402344,28.050945281982422,46.01252365112305,39.57255935668945,42.8974723815918,57.47736740112305,35.65314865112305,17.120264053344727,38.10177230834961,11.782641410827637,328.2850646972656,37.095088958740234,38.36594009399414,20.128440856933594,35.539649963378906,23.54557228088379,19.866403579711914,15.47132396697998,2.8058197498321533,20.44501495361328,31.08153533935547,17.718994140625,41.41032409667969,29.249225616455078,25.028915405273438,21.812931060791016,22.662012100219727,35.99811553955078,21.22286605834961,24.5606746673584,21.770172119140625,4.116065979003906,20.440500259399414,74.17586517333984,45.638702392578125,105.64759826660156,14.543671607971191,23.507266998291016,14.045409202575684,22.419078826904297,25.386737823486328,10.543334007263184,5.745065689086914,32.17241287231445,47.158016204833984,12.695292472839355,14.539891242980957,29.788835525512695,37.79783248901367,28.672473907470703,2.6175537109375,31.221769332885742,12.742061614990234,31.893203735351562,48.54319763183594,21.241352081298828,4.195311546325684,13.830254554748535,23.720455169677734,30.889711380004883,12.300198554992676,36.777748107910156,5.578543186187744,21.650287628173828,41.3295783996582,20.111806869506836,14.090731620788574,7.082622051239014,30.844758987426758,8.655162811279297,39.20195388793945,33.314453125,33.64929962158203,14.66507339477539,26.609968185424805,14.568977355957031,35.119384765625,10.562213897705078,36.1474609375,40.099143981933594,39.783023834228516,22.05567741394043,13.403324127197266,22.845630645751953,40.68560028076172,13.844659805297852,25.428319931030273,40.807796478271484,15.10325813293457,42.78300476074219,95.8318099975586,42.04977035522461,35.572959899902344,5.5543599128723145,32.11732482910156,18.626365661621094,37.20948791503906,15.006330490112305,18.033140182495117,64.46332550048828,21.169038772583008,46.06449890136719,8.282882690429688,11.005620956420898,10.743000030517578,36.006256103515625,19.504981994628906
2006-11-01,2.74151611328125,14.261877059936523,40.15999984741211,23.407100677490234,19.24247932434082,840.4502563476562,39.32173156738281,13.204353332519531,47.413421630859375,28.768539428710938,49.259883880615234,39.271522521972656,43.57272720336914,63.943477630615234,36.011505126953125,16.662189483642578,39.02127456665039,11.820732116699219,327.7608642578125,37.90163803100586,38.09117126464844,20.468257904052734,35.231380462646484,26.305068969726562,20.23310661315918,17.253767013549805,2.82852840423584,18.74452018737793,33.69861602783203,17.816282272338867,40.618465423583984,32.98397445678711,26.293886184692383,23.185152053833008,22.9501895904541,35.204322814941406,21.420820236206055,25.382015228271484,23.29498863220215,4.041499137878418,21.248254776000977,74.75224304199219,48.03942108154297,106.15916442871094,14.320981979370117,24.573659896850586,14.495171546936035,22.940759658813477,26.041439056396484,10.739283561706543,6.02667236328125,32.37461471557617,47.10097122192383,12.792850494384766,14.54062557220459,29.335142135620117,37.17101287841797,27.97138023376465,2.7574567794799805,31.19830322265625,12.857441902160645,30.74234390258789,50.70677947998047,21.25544548034668,4.462554454803467,13.817057609558105,24.32842254638672,33.07890319824219,12.734326362609863,38.215965270996094,5.776088714599609,21.216527938842773,41.18358612060547,20.637451171875,14.237003326416016,7.455053806304932,31.962146759033203,9.321160316467285,39.699405670166016,31.317747116088867,34.47887420654297,15.125594139099121,28.53742218017578,16.0413875579834,34.30561447143555,10.99179458618164,35.8053092956543,40.150970458984375,40.15797424316406,20.880722045898438,14.113862991333008,22.971195220947266,42.90054702758789,12.942460060119629,25.092679977416992,44.3011589050293,15.20213508605957,44.559120178222656,97.7374496459961,40.70114517211914,34.98978805541992,5.2734479904174805,32.544456481933594,18.237539291381836,37.43832015991211,15.037806510925293,17.926559448242188,70.48435974121094,20.71637725830078,45.41899108886719,9.411904335021973,10.295439720153809,11.17621898651123,38.89149856567383,18.93130111694336
2006-12-01,2.5375332832336426,14.888471603393555,41.119998931884766,24.0170841217041,19.738500595092773,856.4656982421875,40.3314208984375,13.526945114135742,45.59137725830078,28.49439811706543,46.850772857666016,40.10862350463867,45.019710540771484,64.16735076904297,35.703895568847656,17.501388549804688,38.295555114746094,12.530067443847656,368.1442565917969,37.47391891479492,40.758331298828125,20.52804946899414,35.31394958496094,28.122583389282227,20.77437400817871,17.523054122924805,2.7157340049743652,20.138795852661133,34.262451171875,18.500333786010742,40.88761901855469,32.815303802490234,27.511404037475586,22.595155715942383,24.02823829650879,35.9706916809082,21.354183197021484,25.815288543701172,22.70868682861328,3.733290910720825,19.068246841430664,70.39630889892578,47.7248649597168,112.79446411132812,14.74332046508789,22.61446762084961,14.766109466552734,24.263906478881836,27.410781860351562,11.232789993286133,5.9407572746276855,30.437156677246094,49.780887603759766,12.105381965637207,14.979914665222168,28.838363647460938,37.23302459716797,29.192251205444336,2.6549930572509766,32.12499237060547,13.247310638427734,29.887590408325195,51.61496353149414,21.953157424926758,4.294571876525879,14.263986587524414,25.69642448425293,33.95457077026367,12.746556282043457,36.559913635253906,5.946174621582031,20.958209991455078,44.033321380615234,20.98891830444336,13.612914085388184,7.611704349517822,30.828189849853516,9.34630298614502,40.15612030029297,31.97907257080078,31.832887649536133,13.609065055847168,27.802331924438477,15.975537300109863,34.7893180847168,10.356034278869629,36.649269104003906,36.97661209106445,42.061065673828125,20.851486206054688,14.021190643310547,23.800710678100586,40.26378631591797,12.99013900756836,25.29621124267578,40.93442153930664,15.4579439163208,45.475032806396484,99.04431915283203,44.28731918334961,34.363365173339844,5.48500394821167,33.89518356323242,17.774662017822266,40.985347747802734,15.287007331848145,19.498014450073242,71.39798736572266,20.904504776000977,44.20498275756836,8.884568214416504,10.351396560668945,11.333747863769531,38.80037307739258,19.447616577148438
2007-01-01,2.564152956008911,16.29488754272461,38.869998931884766,23.270965576171875,20.178884506225586,818.1005249023438,37.26522445678711,12.999066352844238,46.96626663208008,29.035953521728516,51.51838302612305,42.60829162597656,43.30878829956055,64.68743133544922,35.162208557128906,18.735055923461914,42.00226974487305,13.8533296585083,364.3769226074219,39.34514617919922,38.88090133666992,21.5950870513916,36.185787200927734,25.957204818725586,20.55535888671875,17.067827224731445,2.9018845558166504,21.95711326599121,33.959571838378906,18.30615234375,42.5682373046875,34.61363983154297,28.233919143676758,22.86250114440918,24.515907287597656,34.93613815307617,21.44747543334961,26.330543518066406,23.678800582885742,4.041499137878418,19.793760299682617,71.5499038696289,50.309322357177734,109.27814483642578,14.746950149536133,21.51470947265625,15.453994750976562,24.61433219909668,27.683429718017578,11.80274486541748,6.0541510581970215,31.195032119750977,50.80572509765625,12.529815673828125,14.804200172424316,31.8352108001709,37.67292404174805,31.000032424926758,2.628310441970825,32.81050491333008,13.145723342895508,31.04638671875,54.48524856567383,23.792943954467773,3.8864943981170654,15.334099769592285,25.708011627197266,33.986366271972656,12.905232429504395,34.856929779052734,6.054957866668701,21.511005401611328,44.918182373046875,21.691816329956055,12.628026962280273,7.923620223999023,30.794023513793945,9.325546264648438,42.07793426513672,31.718889236450195,37.586795806884766,13.624942779541016,26.395986557006836,16.131969451904297,36.285465240478516,10.491982460021973,37.16868591308594,39.80466079711914,42.216796875,21.526948928833008,13.92729663848877,23.71883201599121,40.3494758605957,12.81409740447998,24.78476905822754,41.14828872680664,15.319555282592773,44.84661102294922,100.53401947021484,46.65797424316406,36.959442138671875,5.686939716339111,32.102256774902344,19.274560928344727,39.8640251159668,16.778823852539062,19.180143356323242,80.90763854980469,21.28211784362793,48.6829948425293,9.18049430847168,10.689865112304688,11.466450691223145,37.519351959228516,19.734447479248047
2007-02-01,2.530654191970825,16.792959213256836,39.25,24.26091957092285,20.9957275390625,804.0720825195312,37.234256744384766,13.653081893920898,42.888343811035156,30.47720718383789,48.3342170715332,42.69388961791992,42.3045539855957,63.269554138183594,34.37080764770508,18.86708641052246,41.46181106567383,12.693671226501465,336.2093811035156,39.56621551513672,37.777320861816406,21.313688278198242,35.062931060791016,25.687278747558594,21.826704025268555,16.6318416595459,2.9764039516448975,20.502010345458984,32.15755844116211,19.029809951782227,44.86368179321289,37.378475189208984,27.495349884033203,22.111032485961914,24.758453369140625,33.66282272338867,21.83908462524414,25.355775833129883,24.61478042602539,3.9321353435516357,19.75934410095215,74.03216552734375,49.16987609863281,106.65409851074219,14.509930610656738,22.572860717773438,15.38325309753418,23.919536590576172,28.26021385192871,10.731005668640137,5.828919887542725,32.49562072753906,47.767154693603516,11.935769081115723,15.912613868713379,32.24102020263672,35.697025299072266,30.062664031982422,2.767881393432617,32.148616790771484,12.816259384155273,30.406169891357422,54.7132453918457,22.97420883178711,3.7889301776885986,16.37273597717285,25.325435638427734,32.02157974243164,12.657303810119629,34.972930908203125,5.839474201202393,21.22258758544922,40.64826965332031,19.869640350341797,11.565126419067383,8.323896408081055,30.794023513793945,9.859724998474121,42.6176872253418,30.29423713684082,35.44942855834961,13.045327186584473,26.259336471557617,18.026033401489258,35.1230354309082,10.089228630065918,36.377967834472656,39.74140930175781,41.94211959838867,21.671436309814453,14.885787010192871,25.457441329956055,41.0860481262207,11.332446098327637,26.005802154541016,40.81306838989258,15.174596786499023,43.29111862182617,98.56175994873047,43.019893646240234,37.13321304321289,5.302038192749023,32.039119720458984,19.13242530822754,39.803009033203125,16.43216323852539,19.21245765686035,93.05876159667969,20.559288024902344,47.194053649902344,9.173693656921387,10.828843116760254,11.6138916015625,36.448577880859375,19.814767837524414
2007-03-01,2.778902530670166,17.155750274658203,41.70000076293945,23.71434783935547,22.796030044555664,805.3898315429688,37.44187927246094,13.469277381896973,37.295379638671875,30.736330032348633,49.91572189331055,42.42669677734375,41.95492935180664,64.46593475341797,34.499290466308594,19.939664840698242,42.11342239379883,13.357704162597656,342.6839294433594,41.16286849975586,38.563987731933594,21.117656707763672,35.22886276245117,26.87883949279785,20.80641746520996,16.36895751953125,3.1686575412750244,22.2768497467041,34.71065139770508,19.75069236755371,47.37550354003906,37.65177917480469,27.639850616455078,22.582963943481445,25.52585792541504,34.31194305419922,22.953954696655273,25.37933921813965,25.392730712890625,3.9221932888031006,22.781234741210938,69.68090057373047,49.18276596069336,108.02887725830078,14.999431610107422,23.17148208618164,15.573704719543457,22.327526092529297,28.05314064025879,10.96832275390625,5.940738677978516,33.576759338378906,48.44556427001953,11.497038841247559,16.098369598388672,32.34657669067383,34.18247604370117,29.447887420654297,2.8524057865142822,32.634559631347656,13.27278995513916,31.053754806518555,54.57822036743164,22.226043701171875,4.016300678253174,17.354721069335938,26.1137752532959,31.19498062133789,12.733328819274902,36.08235549926758,6.145035743713379,21.414377212524414,42.731685638427734,19.658048629760742,11.779657363891602,8.615447044372559,28.737184524536133,10.046432495117188,44.251338958740234,32.3257942199707,38.28585433959961,14.39511489868164,28.21111488342285,20.144437789916992,35.519527435302734,10.210494041442871,36.18889617919922,41.64235305786133,41.18671417236328,22.999521255493164,16.130695343017578,26.948251724243164,39.64257049560547,11.501151084899902,27.99010467529297,44.9073486328125,15.534882545471191,42.16456985473633,99.7040023803711,42.658565521240234,35.76325988769531,5.197924613952637,32.84823226928711,18.60096549987793,40.42776107788086,16.92723274230957,19.054821014404297,92.92313385009766,20.399309158325195,45.42848587036133,9.713761329650879,10.574370384216309,12.245110511779785,38.36558151245117,19.378782272338867
2007-04-01,2.9849820137023926,17.507579803466797,41.560001373291016,24.278610229492188,23.483415603637695,837.6199951171875,38.85078048706055,14.1309814453125,42.80826187133789,31.495651245117188,51.28938674926758,43.88372802734375,45.2528190612793,67.43144226074219,34.41813659667969,21.438823699951172,43.09930419921875,14.027898788452148,357.90252685546875,44.789363861083984,40.186038970947266,21.533737182617188,37.276214599609375,27.272092819213867,20.99484634399414,17.144765853881836,3.4155051708221436,23.687833786010742,36.50813674926758,20.29134750366211,46.08420181274414,37.91517639160156,28.081388473510742,22.263717651367188,25.815208435058594,34.303958892822266,23.043880462646484,27.67637062072754,27.109695434570312,3.996758222579956,23.21902084350586,68.39017486572266,50.72227478027344,112.61156463623047,15.52969741821289,23.193391799926758,17.28888702392578,23.01424789428711,32.99867248535156,11.514822959899902,6.10884952545166,33.76104736328125,52.53152847290039,12.92140007019043,16.682144165039062,32.164791107177734,36.42877960205078,31.937271118164062,2.9717001914978027,33.91154861450195,14.431392669677734,34.18745040893555,54.083160400390625,21.60357093811035,4.562665939331055,17.81424331665039,27.986083984375,33.73166275024414,12.334787368774414,39.07545471191406,6.426548480987549,24.93898582458496,45.733924865722656,21.118118286132812,11.184823036193848,9.066147804260254,28.538738250732422,10.184473037719727,43.9055061340332,34.01874923706055,37.30415725708008,14.92709732055664,29.006359100341797,20.971656799316406,36.93336868286133,10.69555377960205,37.10313415527344,44.455177307128906,42.77543640136719,24.072465896606445,17.199501037597656,27.66839027404785,39.42406463623047,11.376455307006836,29.302465438842773,47.98134994506836,16.018096923828125,43.94154357910156,104.12044525146484,45.37287902832031,35.82964324951172,5.377232074737549,34.326622009277344,21.28790283203125,40.496437072753906,19.044172286987305,18.716989517211914,98.65904998779297,21.264339447021484,56.72812271118164,10.0687255859375,10.792837142944336,11.947542190551758,40.363948822021484,21.226015090942383
2007-05-01,3.624748706817627,17.42407989501953,44.060001373291016,26.958162307739258,22.445545196533203,868.728515625,38.577579498291016,14.084013938903809,37.67579650878906,34.88499450683594,57.12575912475586,44.73847579956055,48.46756362915039,73.20667266845703,34.668922424316406,21.518333435058594,41.762874603271484,14.732693672180176,367.36285400390625,48.46525955200195,41.612060546875,21.285783767700195,37.30956268310547,30.624351501464844,21.317031860351562,17.260177612304688,3.604766607284546,25.191204071044922,38.521366119384766,19.871456146240234,46.87964630126953,41.751747131347656,28.450668334960938,23.24411392211914,24.834762573242188,34.43164825439453,22.199586868286133,28.697954177856445,28.6214599609375,4.145892143249512,27.208696365356445,72.39861297607422,51.846580505371094,114.8112564086914,15.877100944519043,26.311124801635742,17.584228515625,23.62196922302246,35.42312240600586,12.49033260345459,6.00620698928833,32.54696273803711,55.0010871887207,13.399121284484863,17.435117721557617,33.04867935180664,36.12482833862305,31.771759033203125,2.9476187229156494,33.811485290527344,14.652606010437012,34.139705657958984,55.38294982910156,23.20121955871582,4.5575737953186035,17.631696701049805,29.301912307739258,33.88460922241211,12.391283988952637,41.75822830200195,6.62982702255249,25.42865753173828,46.29462814331055,21.717248916625977,11.877171516418457,9.00417709350586,27.84065055847168,10.730942726135254,45.301673889160156,37.131778717041016,39.7025260925293,15.38761043548584,31.449302673339844,21.575702667236328,38.18516159057617,11.23098373413086,36.613426208496094,49.037017822265625,42.602237701416016,25.08846092224121,18.126327514648438,27.217512130737305,45.26329040527344,10.565945625305176,30.450395584106445,50.6069221496582,15.426955223083496,47.28409194946289,107.65225982666016,44.97760009765625,37.75508117675781,5.4099040031433105,34.371028900146484,21.901079177856445,41.80154800415039,20.176204681396484,18.842304229736328,95.85929870605469,21.55025863647461,59.9658088684082,10.87475872039795,10.770524978637695,11.382159233093262,42.473716735839844,21.65052604675293
2007-06-01,3.650172710418701,16.558290481567383,40.150001525878906,26.41744041442871,21.225011825561523,840.988037109375,38.583831787109375,14.651806831359863,36.9015998840332,34.63302993774414,57.72004318237305,46.3196907043457,45.633209228515625,69.98269653320312,33.424644470214844,21.39162254333496,40.937156677246094,15.340280532836914,345.78887939453125,48.29256820678711,42.43850326538086,20.615032196044922,34.508846282958984,31.04752540588379,20.839136123657227,17.856462478637695,3.5762062072753906,23.82509994506836,39.82130432128906,19.36004066467285,46.111209869384766,41.99857711791992,27.782102584838867,23.754980087280273,23.258747100830078,34.16271209716797,20.51712417602539,27.720619201660156,28.395524978637695,4.682770729064941,28.63309097290039,72.0429458618164,50.541385650634766,117.7940444946289,15.145989418029785,25.249900817871094,17.17949676513672,24.04963493347168,34.42607116699219,12.213833808898926,5.990170955657959,31.256437301635742,54.304527282714844,14.341529846191406,17.38170051574707,34.1024284362793,35.182735443115234,29.69980812072754,2.9460108280181885,32.10861587524414,14.561382293701172,32.54396057128906,53.14168930053711,21.69546890258789,4.360748291015625,15.919510841369629,29.42363929748535,33.04975891113281,12.687020301818848,41.20279312133789,6.605290412902832,24.32357406616211,45.66314697265625,20.853940963745117,12.218467712402344,8.045278549194336,26.7966251373291,11.058870315551758,46.6557502746582,33.72526168823242,34.84184646606445,15.649627685546875,33.239593505859375,21.43831443786621,36.44252014160156,10.446571350097656,35.25376510620117,47.367958068847656,41.320709228515625,25.062110900878906,18.579267501831055,27.496328353881836,46.18784713745117,9.62341022491455,33.595699310302734,55.325443267822266,14.690095901489258,45.78438949584961,106.0782699584961,45.210025787353516,38.46265411376953,5.318994998931885,34.12601852416992,23.30707550048828,39.031063079833984,19.251657485961914,18.17111587524414,91.73467254638672,21.000904083251953,59.72412109375,10.826823234558105,10.885921478271484,10.26619815826416,42.83629608154297,21.203065872192383
2007-07-01,3.940892457962036,15.770805358886719,40.290000915527344,25.30013084411621,20.494585037231445,770.735595703125,33.33981704711914,16.251914978027344,35.86708450317383,32.665855407714844,57.28753662109375,49.777652740478516,43.770355224609375,75.27359771728516,32.4196662902832,19.971586227416992,41.959224700927734,13.931680679321289,313.9674072265625,48.80417251586914,39.180267333984375,21.092687606811523,33.80425262451172,32.134071350097656,19.87938117980957,18.536100387573242,3.7610456943511963,23.039813995361328,40.30347442626953,18.891233444213867,45.339561462402344,41.88728332519531,26.854413986206055,23.685304641723633,21.64462661743164,33.69066619873047,19.86231803894043,27.88054656982422,29.671783447265625,4.230401515960693,32.60354995727539,71.89363098144531,50.95002365112305,119.27102661132812,14.516643524169922,26.362361907958984,15.413238525390625,22.717275619506836,35.17844772338867,12.5997953414917,5.542684555053711,28.465478897094727,57.09071350097656,14.269037246704102,16.50037384033203,34.643653869628906,34.54327392578125,27.188304901123047,3.044656991958618,32.291011810302734,14.505709648132324,31.50149154663086,55.597503662109375,19.854106903076172,4.907113552093506,14.421354293823242,27.7484130859375,32.3671875,11.411192893981934,42.21401596069336,6.259674549102783,24.25031089782715,42.0468864440918,20.5142822265625,11.574877738952637,8.185653686523438,28.64207649230957,10.7097806930542,45.59527587890625,34.50149154663086,29.82200050354004,15.18117618560791,32.57339096069336,21.040224075317383,36.87521743774414,9.604959487915039,35.83988952636719,47.74045944213867,38.81692123413086,25.114805221557617,18.71824073791504,26.3936824798584,46.55367660522461,9.78477954864502,29.45295524597168,61.695640563964844,14.411629676818848,40.68678283691406,102.75695037841797,44.30451202392578,36.63024139404297,5.367349147796631,32.39101791381836,21.84437370300293,36.962745666503906,19.91872787475586,16.516691207885742,76.66181945800781,20.16493797302246,54.84196090698242,11.042536735534668,10.397175788879395,10.180943489074707,43.47464370727539,20.032766342163086
2007-08-01,4.141885280609131,16.150373458862305,42.75,24.929506301879883,21.133750915527344,792.5919189453125,34.583641052246094,15.794083595275879,33.444358825683594,35.341773986816406,54.835594177246094,51.875511169433594,43.83015060424805,70.61510467529297,34.64842224121094,20.79171371459961,42.27793884277344,14.29455852508545,319.74285888671875,46.92753219604492,39.207420349121094,21.194957733154297,33.43523406982422,32.55146408081055,20.375957489013672,20.46600914001465,3.264498472213745,24.761747360229492,41.779170989990234,19.26470947265625,44.45320510864258,47.32753372192383,27.342662811279297,23.039199829101562,23.5893611907959,33.33063507080078,21.14860725402832,29.324077606201172,28.893815994262695,3.8824234008789062,30.327762603759766,71.20549011230469,50.95002365112305,119.60955047607422,14.584500312805176,25.385107040405273,15.517763137817383,23.564411163330078,34.50419616699219,13.50857925415039,5.737532138824463,28.901750564575195,60.419960021972656,15.628457069396973,15.744638442993164,36.607093811035156,35.517127990722656,27.503381729125977,3.0892415046691895,32.97265625,14.970586776733398,33.650264739990234,56.167266845703125,22.016016006469727,4.5499396324157715,13.615618705749512,28.548355102539062,33.753353118896484,11.972393035888672,43.43238830566406,6.536543846130371,24.504287719726562,41.05938720703125,20.40154266357422,11.16532039642334,8.403214454650879,28.991947174072266,10.688909530639648,47.464542388916016,33.01236343383789,31.42598533630371,16.10220718383789,32.556190490722656,20.756914138793945,38.229522705078125,10.270652770996094,37.83871078491211,52.15168380737305,40.983436584472656,24.316097259521484,19.1629695892334,25.372188568115234,47.06134796142578,10.103846549987793,29.185941696166992,62.971012115478516,15.381750106811523,34.07352828979492,104.07563781738281,40.55683135986328,39.96803665161133,5.916142463684082,32.237918853759766,21.25465965270996,38.16861343383789,18.71293067932129,17.84022331237793,72.47116088867188,22.014572143554688,52.0199089050293,10.64892864227295,9.922041893005371,10.336411476135254,43.95610427856445,19.65414810180664
2007-09-01,4.590229511260986,16.68239402770996,43.65999984741211,25.163063049316406,21.89397430419922,814.8550415039062,36.124908447265625,15.306063652038574,37.75588607788086,36.55735778808594,63.821327209472656,56.563331604003906,44.39094161987305,76.66886138916016,34.804203033447266,21.435787200927734,45.22970199584961,14.132735252380371,318.31048583984375,48.57497024536133,41.304691314697266,22.792884826660156,34.1005859375,34.888755798339844,19.971134185791016,21.2418155670166,3.402245283126831,25.946794509887695,44.54983139038086,19.06569480895996,45.334136962890625,51.80908966064453,27.985549926757812,23.762100219726562,24.039533615112305,37.86540222167969,21.3143310546875,31.70074462890625,30.371931076049805,4.220459461212158,36.3884391784668,68.06674194335938,54.78295135498047,128.2545623779297,15.140421867370605,28.18121337890625,15.336231231689453,19.953784942626953,36.5443229675293,13.651381492614746,5.7616868019104,28.845813751220703,60.99470520019531,15.69522476196289,16.085453033447266,37.71464538574219,37.76460266113281,28.306472778320312,2.998396635055542,33.98676300048828,16.0960750579834,33.403846740722656,61.46445846557617,19.86119270324707,4.518549919128418,14.767563819885254,31.574203491210938,36.033809661865234,12.015824317932129,44.66864776611328,6.621150970458984,25.439891815185547,41.47414779663086,20.919925689697266,10.82402229309082,8.694555282592773,30.75924301147461,11.166309356689453,46.95881271362305,33.46361541748047,35.694122314453125,17.189973831176758,36.95844268798828,21.638303756713867,41.39478302001953,10.101123809814453,40.75295639038086,54.2674674987793,39.661380767822266,25.0454158782959,18.5003719329834,26.879621505737305,46.42683029174805,9.608741760253906,28.34235382080078,68.51766967773438,15.724148750305176,34.37738800048828,108.10478973388672,45.19844055175781,38.537353515625,5.6406145095825195,32.29548263549805,22.713430404663086,36.962745666503906,18.962833404541016,18.160554885864258,71.7787094116211,21.460296630859375,48.0756721496582,11.700081825256348,9.926589965820312,10.917753219604492,47.4580192565918,19.895084381103516
2007-10-01,5.681334495544434,17.095958709716797,47.900001525878906,27.15178680419922,22.90599250793457,760.2906494140625,33.09922790527344,14.359606742858887,38.783729553222656,37.095760345458984,73.68097686767578,56.61540603637695,45.685333251953125,71.99530029296875,33.42642593383789,22.856460571289062,46.00696563720703,14.849309921264648,285.7769470214844,46.42579650878906,41.33198928833008,24.49528694152832,35.21165084838867,33.93583297729492,20.081377029418945,21.196931838989258,3.5646731853485107,27.317148208618164,43.56439208984375,20.723478317260742,47.41870880126953,54.07107925415039,28.18085479736328,21.453514099121094,24.656925201416016,37.841346740722656,21.678024291992188,31.134855270385742,28.390888214111328,4.409358501434326,40.93471145629883,67.15056610107422,59.19797897338867,127.51103973388672,15.170238494873047,28.929771423339844,16.5098934173584,19.381750106811523,37.1219596862793,14.169578552246094,5.898648738861084,26.79471778869629,60.124847412109375,16.326427459716797,16.574254989624023,36.2095832824707,37.459957122802734,29.271324157714844,2.830146312713623,34.29152297973633,17.2976131439209,31.77265739440918,62.34257888793945,19.115331649780273,4.258939743041992,13.14980411529541,34.634803771972656,30.370121002197266,11.767646789550781,41.22233963012695,6.944921493530273,28.673391342163086,44.45228958129883,26.139266967773438,10.248693466186523,9.771377563476562,35.002132415771484,12.613016128540039,50.342262268066406,33.465965270996094,37.22463607788086,17.60285758972168,39.82489013671875,23.509719848632812,41.65469741821289,10.175554275512695,40.477909088134766,58.50141143798828,42.39908218383789,24.776893615722656,20.6580867767334,27.178560256958008,46.00605392456055,9.78477954864502,28.3476505279541,63.016700744628906,15.888846397399902,33.789913177490234,109.57142639160156,52.897281646728516,37.19761657714844,5.613448143005371,33.49518585205078,20.30061912536621,37.51225280761719,21.475345611572266,18.51226234436035,68.84796905517578,20.49030113220215,42.72313690185547,12.534818649291992,10.281354904174805,11.429678916931152,47.16575241088867,20.009817123413086
2007-11-01,5.450133323669434,18.000511169433594,42.13999938964844,24.686429977416992,22.845428466796875,700.1853637695312,32.53416442871094,13.969124794006348,36.87489700317383,40.90192794799805,68.69842529296875,57.303955078125,44.2087287902832,67.82023620605469,31.937891006469727,22.80313491821289,45.60456085205078,14.671060562133789,230.08633422851562,44.73949432373047,40.800071716308594,25.71892738342285,36.51161575317383,31.970617294311523,19.94019317626953,17.9654541015625,3.356348991394043,26.28766441345215,42.06489181518555,21.454801559448242,44.15498733520508,59.970367431640625,26.976469039916992,21.67919158935547,25.7430419921875,38.42698287963867,22.581932067871094,34.14849090576172,27.51589584350586,3.733290910720825,34.41255187988281,63.98597717285156,57.779232025146484,118.61994171142578,15.806160926818848,26.935171127319336,15.359456062316895,17.712175369262695,34.94584274291992,14.027002334594727,6.427391529083252,24.992345809936523,54.65345764160156,15.895774841308594,15.245149612426758,35.09661102294922,39.17937088012695,28.411865234375,2.5922555923461914,33.76909255981445,17.487247467041016,31.322120666503906,62.93715286254883,17.352373123168945,3.8898894786834717,13.043255805969238,34.78413391113281,32.55314636230469,12.835909843444824,39.97747802734375,7.385826110839844,29.214778900146484,34.8427734375,23.93868637084961,8.113142013549805,10.023237228393555,34.170047760009766,12.496894836425781,47.65817642211914,33.18085479736328,35.5380744934082,16.02280616760254,40.24018096923828,23.544151306152344,43.6097297668457,9.944615364074707,43.08638000488281,57.97003936767578,43.016048431396484,22.916318893432617,20.362394332885742,25.938247680664062,45.53388214111328,8.578182220458984,26.21495819091797,60.9807243347168,16.48615074157715,33.28945541381836,105.32740783691406,52.97687530517578,36.44773483276367,5.711744785308838,34.07257843017578,19.65921401977539,41.97708511352539,21.23365020751953,18.473182678222656,71.90076446533203,19.723953247070312,43.919517517089844,11.923367500305176,10.893095016479492,11.713523864746094,45.89244842529297,19.367300033569336
2007-12-01,5.924499988555908,17.57483673095703,42.72999954223633,24.552490234375,22.31344985961914,704.7656860351562,33.24060821533203,13.175342559814453,30.99493408203125,39.035682678222656,76.32840728759766,57.28253173828125,38.991817474365234,64.09722900390625,28.98101043701172,22.19097137451172,46.23248291015625,13.13116455078125,203.41575622558594,45.150184631347656,42.311580657958984,25.038057327270508,36.67479705810547,35.269935607910156,19.520925521850586,17.356353759765625,3.5145766735076904,26.064727783203125,44.7296028137207,21.554737091064453,41.93227767944336,65.18682098388672,26.552257537841797,21.590179443359375,26.23736000061035,41.185176849365234,22.76837158203125,33.932891845703125,29.869749069213867,3.3455452919006348,35.63349914550781,58.000736236572266,57.91587829589844,115.82225799560547,14.978411674499512,27.891620635986328,14.148177146911621,16.70749855041504,38.000980377197266,13.861950874328613,6.545431613922119,24.672971725463867,56.170753479003906,16.24928092956543,14.62630558013916,34.0302734375,38.57785415649414,27.184961318969727,2.5965685844421387,33.80345916748047,17.281681060791016,31.58240509033203,59.860557556152344,16.079910278320312,3.667609214782715,12.429614067077637,35.04589080810547,32.18184280395508,12.807400703430176,40.4864387512207,7.267498016357422,28.786914825439453,35.10053253173828,25.363601684570312,7.069743633270264,9.738744735717773,33.646427154541016,12.27130126953125,47.56744384765625,32.68195343017578,35.89863967895508,17.928388595581055,44.56282043457031,24.303665161132812,43.09731674194336,9.513518333435059,42.74868392944336,54.96316146850586,38.57402038574219,23.447154998779297,20.933347702026367,25.118038177490234,46.251529693603516,7.5072855949401855,27.447538375854492,64.31172180175781,16.981340408325195,29.71497344970703,104.14138793945312,53.99931716918945,30.388307571411133,5.592989444732666,34.701019287109375,20.798789978027344,44.41939163208008,21.146121978759766,17.954015731811523,64.03864288330078,18.361583709716797,44.28297805786133,12.326029777526855,10.857671737670898,11.55436897277832,48.22414779663086,18.624189376831055
2008-01-01,4.048569202423096,17.67981719970703,34.93000030517578,22.37458038330078,20.477970123291016,664.5106201171875,31.324954986572266,13.294034004211426,31.095046997070312,35.589473724365234,67.78545379638672,52.0787467956543,36.9534797668457,60.96053695678711,31.010944366455078,23.15047264099121,47.81449508666992,11.532975196838379,196.900634765625,44.422096252441406,39.887107849121094,24.68773651123047,34.74651336669922,31.998592376708984,17.242671966552734,15.708553314208984,3.872586250305176,25.555255889892578,39.89862060546875,19.533267974853516,41.102569580078125,61.294647216796875,24.545204162597656,18.873271942138672,24.26012420654297,38.71616744995117,20.307430267333984,30.41143035888672,25.60236930847168,3.3008060455322266,31.036298751831055,60.70011520385742,55.20089340209961,110.47953033447266,14.425719261169434,24.40425682067871,14.457803726196289,19.002140045166016,36.45800018310547,12.005631446838379,6.293558120727539,22.650293350219727,55.65632247924805,12.860464096069336,14.544998168945312,32.047183990478516,36.51883316040039,29.779672622680664,2.2525887489318848,31.994842529296875,16.614295959472656,30.399301528930664,61.37328338623047,18.860979080200195,3.256985902786255,13.715656280517578,31.87504768371582,29.842573165893555,11.354696273803711,38.2441520690918,7.287690162658691,22.837322235107422,32.79977798461914,23.22622299194336,6.816208839416504,9.245917320251465,37.3811149597168,11.71541976928711,48.00294876098633,35.436275482177734,35.062095642089844,16.316585540771484,39.24353790283203,23.7495174407959,38.639976501464844,9.777203559875488,38.282928466796875,49.343509674072266,38.943702697753906,21.8245906829834,19.63129425048828,27.077688217163086,38.162899017333984,6.935164928436279,24.961027145385742,49.294532775878906,16.116851806640625,29.002775192260742,97.84485626220703,54.611141204833984,33.68240737915039,6.153655052185059,31.024511337280273,19.336910247802734,38.80210494995117,21.00135040283203,19.000478744506836,63.358482360839844,20.727487564086914,46.26847839355469,11.013504028320312,11.590957641601562,10.622647285461426,44.11153030395508,17.749927520751953
2008-02-01,3.7393016815185547,16.852161407470703,33.650001525878906,22.0272216796875,19.797527313232422,566.4722900390625,30.37667465209961,14.267653465270996,30.380903244018555,34.176734924316406,81.61522674560547,53.042816162109375,31.81624412536621,60.9732551574707,27.91335678100586,22.561767578125,50.016048431396484,11.327570915222168,165.72642517089844,45.260597229003906,38.517372131347656,24.555419921875,32.962158203125,33.22850036621094,17.64150047302246,15.638026237487793,3.8884456157684326,26.520709991455078,41.832008361816406,18.312435150146484,40.09201431274414,59.6495475769043,26.659189224243164,19.535137176513672,23.087839126586914,37.63045883178711,19.31890106201172,30.698097229003906,24.994775772094727,3.2461252212524414,35.24342346191406,57.32422637939453,53.45075607299805,104.48594665527344,14.814666748046875,28.24626350402832,14.34646224975586,16.46562957763672,35.687252044677734,13.117776870727539,6.637966632843018,23.408184051513672,59.38994598388672,12.245661735534668,14.42733097076416,31.18912696838379,36.07405471801758,25.53891372680664,2.273047685623169,31.77545738220215,16.46223258972168,29.86402702331543,58.923912048339844,17.105470657348633,3.4139394760131836,12.612398147583008,32.41001510620117,31.67805290222168,11.638477325439453,37.881134033203125,7.032876014709473,21.945629119873047,28.00014305114746,19.45423698425293,7.33303165435791,8.722424507141113,35.25883483886719,11.499567985534668,47.76795959472656,34.45899200439453,39.14175796508789,14.92709732055664,44.78274917602539,21.819862365722656,39.49735641479492,9.456977844238281,38.72767639160156,47.319480895996094,36.46815490722656,20.859052658081055,18.23680305480957,27.1456356048584,36.87556076049805,6.594091892242432,27.4844913482666,56.66018295288086,15.301485061645508,27.91090965270996,95.31631469726562,52.237037658691406,32.05904006958008,6.247460842132568,29.934459686279297,18.71837615966797,35.47446823120117,21.00135040283203,18.112401962280273,57.166927337646484,17.96043586730957,45.990692138671875,12.408710479736328,11.32825756072998,10.146547317504883,44.979122161865234,16.910173416137695
2008-03-01,4.292032718658447,17.355676651000977,35.59000015258789,23.5432071685791,20.141029357910156,525.1239624023438,30.847412109375,14.520696640014648,27.8847599029541,33.018611907958984,85.9624252319336,53.68692398071289,32.884307861328125,54.772098541259766,27.07480239868164,22.186262130737305,47.640106201171875,10.671268463134766,149.719970703125,48.99007034301758,37.89441680908203,25.142765045166016,32.08416748046875,30.617128372192383,18.54843521118164,15.445680618286133,4.493511199951172,26.60610580444336,41.20448303222656,18.72508430480957,39.63880157470703,56.485130310058594,25.811954498291016,19.662214279174805,23.495895385742188,35.02796936035156,18.756669998168945,30.999292373657227,24.697187423706055,2.8434650897979736,33.62206268310547,60.345211029052734,54.44337463378906,116.68753814697266,15.843945503234863,29.00588607788086,15.532256126403809,17.503814697265625,34.99258041381836,12.559605598449707,6.767929553985596,23.78063201904297,60.05758285522461,12.987635612487793,12.379286766052246,30.831186294555664,37.76829528808594,26.983919143676758,2.007380723953247,31.75168800354004,17.251117706298828,30.801366806030273,56.69715881347656,16.370441436767578,3.2425637245178223,12.991031646728516,33.4042854309082,31.04269027709961,12.489828109741211,38.2435417175293,6.994595050811768,18.9646053314209,30.380023956298828,20.298198699951172,5.821569442749023,9.076878547668457,31.27637481689453,13.038856506347656,47.281864166259766,35.39065933227539,41.35844039916992,15.530529022216797,42.487117767333984,20.026042938232422,41.217063903808594,8.883950233459473,41.004058837890625,50.71670150756836,38.925899505615234,20.36433219909668,18.586349487304688,26.255512237548828,38.7021484375,6.418051242828369,27.1730899810791,57.02067565917969,15.780062675476074,25.196884155273438,94.46397399902344,52.68692398071289,30.882963180541992,6.456363201141357,31.05289077758789,17.662504196166992,26.247116088867188,21.18360710144043,18.537124633789062,54.14956283569336,17.880558013916016,47.30438232421875,11.394420623779297,12.091395378112793,10.33120059967041,43.722957611083984,17.270273208618164
2008-04-01,5.2027788162231445,16.71200180053711,37.290000915527344,24.548458099365234,21.592470169067383,560.9413452148438,32.32368469238281,13.888075828552246,27.94483184814453,37.4018669128418,95.9272232055664,57.439186096191406,36.259029388427734,62.497798919677734,26.810556411743164,23.9129695892334,49.61009979248047,11.162955284118652,176.63037109375,51.47101593017578,41.493900299072266,22.93440818786621,30.240041732788086,34.61051559448242,19.134984970092773,16.43947982788086,5.044881343841553,26.553842544555664,46.4129638671875,19.894256591796875,43.18855667114258,59.03415298461914,26.675634384155273,23.281221389770508,24.101390838623047,37.06851577758789,19.65434455871582,31.481204986572266,27.22983169555664,4.106122970581055,39.906978607177734,62.42899703979492,59.29197692871094,103.09870910644531,16.087173461914062,33.85862731933594,19.909528732299805,18.023231506347656,36.84083938598633,12.749405860900879,6.432254314422607,23.597558975219727,62.95772933959961,13.649894714355469,11.910511016845703,33.42655563354492,39.0608024597168,30.18077850341797,2.363405466079712,31.47623634338379,16.684295654296875,28.74158477783203,60.54545974731445,18.035715103149414,3.464843511581421,12.240293502807617,35.686344146728516,31.322431564331055,12.841614723205566,37.1563720703125,6.30143404006958,19.00957679748535,32.49208450317383,20.39833641052246,7.528059482574463,9.590474128723145,30.52383041381836,12.808761596679688,44.70538330078125,39.006229400634766,46.09628677368164,16.554786682128906,48.31697082519531,21.879667282104492,39.121971130371094,8.535896301269531,39.4615592956543,58.46290969848633,41.584999084472656,20.653757095336914,19.43633460998535,27.65794563293457,36.55202865600586,5.952284812927246,26.781145095825195,65.9014892578125,16.49794578552246,27.951828002929688,98.96633911132812,48.111846923828125,32.37590408325195,6.2904133796691895,32.70773696899414,18.280399322509766,24.925601959228516,24.530620574951172,19.413570404052734,56.12308883666992,18.279958724975586,39.67288589477539,12.265058517456055,13.307881355285645,10.771374702453613,48.11177062988281,16.11661720275879
2008-05-01,5.645442008972168,17.85253143310547,44.060001373291016,23.909772872924805,20.670921325683594,437.0972900390625,32.96421813964844,14.788640022277832,29.386451721191406,38.88508605957031,95.48558807373047,59.47576141357422,34.99802780151367,61.24291229248047,24.289466857910156,23.44484519958496,46.86323547363281,11.579594612121582,154.967529296875,51.948760986328125,41.34247970581055,24.121686935424805,32.59649658203125,37.59297561645508,18.409175872802734,17.13193702697754,5.549366474151611,28.145627975463867,48.181602478027344,21.414382934570312,43.45747756958008,57.11714553833008,27.638032913208008,25.547945022583008,24.61180305480957,36.157142639160156,19.788562774658203,35.234928131103516,30.141742706298828,3.380345582962036,40.594600677490234,59.720088958740234,60.426429748535156,96.8560562133789,16.832942962646484,35.893829345703125,20.290252685546875,17.1220645904541,37.140907287597656,12.94469928741455,6.167849540710449,24.93988037109375,67.78730773925781,14.298935890197754,12.500765800476074,34.32789611816406,39.130889892578125,27.23553466796875,2.503624677658081,31.382783889770508,16.228010177612305,29.02133560180664,62.73143005371094,17.183692932128906,3.4529647827148438,13.147706031799316,35.530609130859375,32.60286331176758,12.77025318145752,37.7185173034668,7.0134968757629395,19.469331741333008,29.570465087890625,20.329862594604492,7.869354724884033,9.768423080444336,32.8160400390625,13.109808921813965,46.100582122802734,44.11277389526367,45.66889953613281,18.13483238220215,53.3803596496582,22.054067611694336,38.99067687988281,8.348377227783203,38.873008728027344,62.14599609375,38.5268440246582,21.3896541595459,20.767976760864258,31.186113357543945,39.67512893676758,6.671104907989502,28.520849227905273,66.2815933227539,16.224546432495117,28.445661544799805,100.4623794555664,48.031795501708984,32.59889221191406,6.281145095825195,32.324851989746094,20.361698150634766,26.132532119750977,27.81340980529785,19.0125732421875,63.133487701416016,17.110074996948242,40.400733947753906,13.142614364624023,13.308712005615234,11.035482406616211,46.088768005371094,15.666683197021484
2008-06-01,5.008068561553955,16.78169822692871,39.38999938964844,23.4285831451416,19.645423889160156,323.06072998046875,29.50214385986328,14.251145362854004,31.47547149658203,37.85506820678711,99.0041732788086,57.94895553588867,28.443933486938477,48.627315521240234,17.381574630737305,24.621337890625,45.268585205078125,10.431291580200195,118.65036010742188,46.404361724853516,38.107452392578125,22.415401458740234,29.783586502075195,38.113868713378906,18.3981876373291,14.913511276245117,5.047142028808594,26.027624130249023,48.171871185302734,21.96477508544922,37.98587417602539,50.843379974365234,25.663890838623047,22.850479125976562,23.146806716918945,34.773887634277344,18.729663848876953,29.947860717773438,26.490949630737305,2.391096591949463,41.11383819580078,51.369388580322266,55.2132682800293,85.08500671386719,16.18572425842285,39.21131134033203,19.999114990234375,14.77882194519043,31.32244300842285,12.18121337890625,5.648830413818359,20.860660552978516,62.0786018371582,13.250259399414062,10.700509071350098,30.546730041503906,37.723724365234375,21.731426239013672,2.2099435329437256,29.678266525268555,14.828744888305664,27.827672958374023,56.55231857299805,14.856730461120605,3.066946029663086,11.176204681396484,33.89302444458008,33.29778289794922,12.117803573608398,33.84259796142578,6.5680155754089355,19.023174285888672,24.115007400512695,19.74839210510254,5.850822925567627,9.552346229553223,36.089515686035156,11.468920707702637,40.87105178833008,41.02920913696289,45.89876937866211,16.67387580871582,52.36121368408203,23.054243087768555,36.53341293334961,7.533376693725586,35.78905487060547,52.34737014770508,34.239402770996094,19.46888542175293,21.29422950744629,28.5069522857666,29.632678985595703,5.772579669952393,21.956560134887695,70.55720520019531,15.65086841583252,27.50637435913086,92.06615447998047,42.83173370361328,28.401853561401367,6.1655497550964355,28.334186553955078,17.65349578857422,20.052011489868164,25.582857131958008,16.206579208374023,49.05915069580078,14.739370346069336,33.848236083984375,13.966422080993652,12.953749656677246,10.515423774719238,45.76163101196289,15.692231178283691
2008-07-01,4.754136085510254,17.96211814880371,41.349998474121094,23.881505966186523,19.288959503173828,318.0548095703125,29.909835815429688,12.929794311523438,41.80044174194336,37.865928649902344,80.00224304199219,55.80944061279297,28.150590896606445,45.2162971496582,23.957019805908203,26.419618606567383,47.2786750793457,10.893182754516602,134.60340881347656,43.963130950927734,35.07075500488281,24.233821868896484,31.359323501586914,33.146873474121094,20.133811950683594,14.099226951599121,5.430439472198486,24.051132202148438,41.09162902832031,20.433866500854492,36.24489212036133,49.45475769042969,24.964717864990234,23.44571876525879,23.41317367553711,36.157066345214844,19.02194595336914,29.4936466217041,22.30162239074707,2.386125326156616,34.083438873291016,51.40196228027344,58.69660568237305,90.18562316894531,17.27106285095215,33.11570358276367,21.78912353515625,15.037555694580078,31.671297073364258,12.343780517578125,5.934501647949219,23.399824142456055,67.02787780761719,13.68824291229248,12.730385780334473,30.12238883972168,40.145240783691406,26.022632598876953,2.040574073791504,28.710166931152344,14.691807746887207,28.400381088256836,59.8023567199707,14.616820335388184,2.7903685569763184,13.088953971862793,36.04525375366211,34.11663818359375,13.711195945739746,34.231658935546875,6.500931739807129,16.60552406311035,26.59156036376953,18.46341323852539,4.709912300109863,9.399404525756836,33.18353271484375,11.289989471435547,41.17039108276367,47.29325866699219,35.172454833984375,17.094696044921875,45.934059143066406,20.98123550415039,38.23973083496094,8.050835609436035,38.77857971191406,45.27183151245117,43.236846923828125,20.57858657836914,19.130992889404297,35.55498504638672,30.161231994628906,5.387496471405029,26.332752227783203,66.72823333740234,16.049442291259766,27.883460998535156,91.23885345458984,47.95225524902344,27.632083892822266,6.604407787322998,28.80425262451172,15.347848892211914,21.44991111755371,27.934436798095703,17.787134170532227,52.67824935913086,18.78570556640625,41.508358001708984,11.10452938079834,13.511545181274414,10.51018238067627,41.763404846191406,15.784809112548828
2008-08-01,5.070580005645752,18.30962371826172,42.83000183105469,24.81529426574707,19.261804580688477,262.38006591796875,29.47252082824707,13.421194076538086,41.94727325439453,39.263153076171875,81.57844543457031,53.83990478515625,30.092008590698242,48.80835723876953,22.675432205200195,26.092304229736328,48.65398025512695,11.0066556930542,136.7639617919922,44.72829818725586,36.3919563293457,24.8080997467041,34.00615692138672,33.50831604003906,20.371784210205078,15.420027732849121,5.215508460998535,24.11703872680664,42.26419448852539,20.3153133392334,37.13715744018555,49.74375915527344,26.609832763671875,23.44944953918457,23.529903411865234,36.99831008911133,19.877103805541992,28.51703643798828,22.973445892333984,2.2171080112457275,31.465972900390625,53.99685287475586,60.777427673339844,89.57994079589844,17.751192092895508,32.52948760986328,21.046314239501953,17.113651275634766,31.423593521118164,12.927900314331055,5.850825786590576,23.149145126342773,64.00286102294922,14.195963859558105,12.530155181884766,31.89693260192871,41.56264114379883,24.65201187133789,2.019469976425171,30.621536254882812,14.854423522949219,28.394041061401367,66.9865951538086,17.72433090209961,3.118698835372925,12.618926048278809,37.60474395751953,35.25967025756836,13.83087158203125,35.06596755981445,6.718164920806885,18.003623962402344,27.500837326049805,19.668594360351562,4.134580135345459,8.812773704528809,31.204687118530273,11.661321640014648,42.306182861328125,48.351966857910156,32.27113723754883,17.412303924560547,46.24289321899414,20.4642333984375,39.342803955078125,8.376570701599121,41.31922149658203,47.2160530090332,43.63713836669922,21.512496948242188,17.8314208984375,33.92817306518555,32.1944580078125,5.706564903259277,29.481840133666992,62.01591873168945,17.01085662841797,29.5263729095459,92.6488265991211,45.29494094848633,32.49232864379883,7.123480319976807,28.830358505249023,15.42968463897705,23.26032066345215,28.524105072021484,18.513505935668945,61.82337188720703,18.99042510986328,44.85529327392578,10.743229866027832,13.670177459716797,10.745959281921387,41.75749969482422,16.12040901184082
2008-09-01,3.399529457092285,18.357444763183594,39.470001220703125,24.05937385559082,18.270105361938477,41.068748474121094,30.119049072265625,11.331621170043945,39.557926177978516,37.17144012451172,74.3749008178711,40.39573669433594,26.86894416809082,42.696144104003906,25.996078491210938,25.3544921875,44.83847427368164,10.753927230834961,147.7108917236328,37.68990707397461,37.44337844848633,24.586225509643555,36.07185745239258,29.747713088989258,21.362422943115234,14.464691162109375,4.400282382965088,22.179765701293945,40.38405227661133,19.965282440185547,34.99853515625,35.061798095703125,25.244382858276367,19.256282806396484,23.51641273498535,39.35381317138672,20.878252029418945,24.85491180419922,17.636621475219727,2.584967613220215,20.027324676513672,51.60136413574219,48.47705078125,82.38325500488281,18.432485580444336,23.978836059570312,19.538188934326172,16.47416114807129,26.024520874023438,12.763252258300781,5.952549457550049,25.362071990966797,61.494895935058594,11.626167297363281,12.12714958190918,28.77718162536621,40.88399124145508,29.91033172607422,1.7246685028076172,32.49002456665039,15.192782402038574,26.799346923828125,63.09186935424805,17.040973663330078,2.6715948581695557,11.776798248291016,37.42277145385742,32.35365676879883,13.147016525268555,33.45470428466797,6.437234878540039,16.104900360107422,15.491536140441895,19.236160278320312,3.9493050575256348,7.38065767288208,26.880664825439453,12.919506072998047,37.19995880126953,43.53845977783203,24.5577392578125,16.12602996826172,41.231143951416016,16.59528923034668,41.19778823852539,8.082884788513184,41.27183151245117,39.05809020996094,45.30501937866211,19.958784103393555,15.210018157958984,27.690290451049805,25.46369171142578,5.45350980758667,30.27022361755371,51.399131774902344,17.09248924255371,21.786392211914062,83.92375946044922,38.22428894042969,30.059377670288086,5.9991350173950195,29.715307235717773,13.534812927246094,19.395061492919922,24.192790985107422,21.185827255249023,61.54249954223633,23.54511070251465,43.71405792236328,8.225232124328613,13.859949111938477,10.594915390014648,40.53104019165039,13.390567779541016
2008-10-01,3.2179768085479736,17.709606170654297,26.639999389648438,19.669591903686523,16.099197387695312,23.555936813354492,17.234201431274414,9.668951034545898,39.97171401977539,35.10934829711914,58.839107513427734,34.285377502441406,20.961593627929688,39.02585220336914,17.9521427154541,23.368783950805664,38.771366119384766,10.759160041809082,99.53952026367188,24.400611877441406,39.90571975708008,20.60927963256836,35.27665710449219,21.321674346923828,21.134292602539062,11.393509864807129,3.686659574508667,20.24603843688965,36.52582550048828,16.931766510009766,29.38202667236328,27.312782287597656,21.312545776367188,15.086845397949219,22.099754333496094,30.220998764038086,21.053205490112305,19.943639755249023,14.274593353271484,1.0886695384979248,10.372383117675781,42.6768798828125,39.934181213378906,63.03126525878906,18.2869815826416,14.650854110717773,16.48433494567871,15.010629653930664,19.072126388549805,10.566118240356445,4.6620330810546875,23.886783599853516,48.881500244140625,9.950210571289062,7.995213508605957,21.61686897277832,36.198387145996094,26.62355613708496,1.2669371366500854,30.711172103881836,12.658738136291504,20.58491325378418,48.92830276489258,15.679021835327148,1.897010087966919,9.798760414123535,35.13615798950195,26.142467498779297,11.575431823730469,31.49081039428711,6.226339340209961,15.793622016906738,11.913444519042969,16.09379768371582,4.592896461486816,6.93165922164917,18.26720428466797,11.129319190979004,28.81244468688965,39.41543197631836,25.185667037963867,14.522154808044434,32.5050048828125,14.246946334838867,32.95473861694336,7.762901782989502,38.466304779052734,28.57135581970215,40.82364273071289,16.967708587646484,13.488519668579102,24.655128479003906,18.869314193725586,4.815373420715332,26.60959815979004,33.9962043762207,15.763561248779297,18.512584686279297,70.0606918334961,29.131912231445312,24.586807250976562,5.260054111480713,27.973155975341797,12.38345718383789,18.127016067504883,22.700284957885742,17.53330421447754,44.83927917480469,21.361860275268555,25.71901512145996,7.293152809143066,12.915729522705078,9.232789039611816,38.68347930908203,9.314168930053711
2008-11-01,2.7717251777648926,16.82331657409668,23.15999984741211,23.10824966430664,15.639963150024414,24.789247512817383,16.897031784057617,7.213247299194336,37.068443298339844,37.59938430786133,55.24431228637695,28.169086456298828,17.767803192138672,31.975887298583984,12.069602012634277,20.436573028564453,35.492008209228516,10.837697982788086,60.45292663574219,26.18275260925293,36.35066223144531,21.367847442626953,34.31947708129883,21.53074836730957,17.848588943481445,10.604877471923828,3.0210278034210205,19.10989761352539,39.02007293701172,17.368696212768555,20.42865753173828,24.656585693359375,18.524066925048828,14.295027732849121,21.302749633789062,31.13750648498535,19.904983520507812,22.09855079650879,14.712740898132324,1.3372238874435425,8.562749862670898,46.12392807006836,34.207557678222656,55.471412658691406,17.053274154663086,13.029557228088379,15.186670303344727,14.705199241638184,17.634218215942383,9.73805046081543,4.381582736968994,23.303089141845703,43.14327621459961,8.640387535095215,5.892268180847168,22.08948516845703,34.85693359375,20.43398666381836,1.0351815223693848,28.9574031829834,13.580570220947266,21.077396392822266,44.70944595336914,14.927584648132324,1.713757038116455,8.92398738861084,35.94993209838867,19.783485412597656,10.237690925598145,33.04458999633789,5.217275619506836,13.635074615478516,10.058574676513672,14.67179012298584,2.6718766689300537,7.221142292022705,23.336793899536133,10.283463478088379,25.420190811157227,32.7023811340332,22.182781219482422,12.775372505187988,31.685649871826172,15.638744354248047,32.77556228637695,7.329229831695557,38.353050231933594,30.492294311523438,32.312339782714844,15.197731971740723,13.924027442932129,21.632850646972656,21.48330307006836,3.2750394344329834,27.317441940307617,33.39725112915039,16.67246437072754,17.436975479125977,65.18399047851562,28.29861831665039,20.794218063354492,4.504651069641113,28.696304321289062,9.857382774353027,16.049240112304688,17.10479164123535,15.868791580200195,50.15380096435547,18.3018798828125,21.93901252746582,5.6411519050598145,12.93193531036377,9.969504356384277,42.07109832763672,8.117959022521973
2008-12-01,2.552786350250244,17.13801383972168,21.290000915527344,22.328609466552734,16.6346435546875,19.36273765563965,21.758909225463867,7.6273698806762695,38.54344177246094,37.91478729248047,53.26466369628906,29.924213409423828,14.13955020904541,32.005889892578125,10.696039199829102,20.804336547851562,38.40853500366211,12.33952522277832,48.9311408996582,28.533388137817383,36.816768646240234,22.507328033447266,32.23106002807617,21.235595703125,16.858501434326172,10.450998306274414,2.6340699195861816,18.984384536743164,36.531002044677734,16.90641212463379,16.98714256286621,27.341785430908203,18.94365692138672,15.77580738067627,20.54975700378418,28.626249313354492,19.185462951660156,22.54187774658203,15.782706260681152,1.1383799314498901,8.723362922668457,41.95290756225586,38.12682342529297,53.3441047668457,16.399972915649414,13.528124809265137,16.529672622680664,14.80499267578125,20.780019760131836,10.039161682128906,5.127246379852295,22.487462997436523,44.496788024902344,9.17884635925293,5.5846381187438965,22.89974021911621,35.6007194519043,20.350086212158203,1.1991816759109497,26.697998046875,13.116974830627441,24.854658126831055,48.75075912475586,15.54896354675293,1.8053829669952393,11.063345909118652,38.054908752441406,20.494243621826172,11.040571212768555,28.408578872680664,4.990847110748291,15.737096786499023,10.938273429870605,14.105814933776855,2.5743627548217773,7.453650951385498,28.313844680786133,9.896522521972656,27.959108352661133,31.102638244628906,28.94672393798828,14.07752799987793,35.35430908203125,14.919174194335938,31.908979415893555,7.900222301483154,36.84513473510742,31.576013565063477,30.003896713256836,14.682148933410645,12.750012397766113,23.199909210205078,22.23503875732422,3.4694149494171143,26.107213973999023,27.977542877197266,16.984615325927734,16.17453384399414,65.82254028320312,26.6088809967041,21.268489837646484,4.060500144958496,29.922096252441406,9.825728416442871,20.319372177124023,16.339111328125,14.972497940063477,58.181095123291016,18.675661087036133,23.036531448364258,5.076080799102783,13.029714584350586,9.963139533996582,41.903141021728516,9.30821704864502
2009-01-01,2.6957545280456543,17.93168067932129,19.309999465942383,20.620187759399414,15.669953346252441,15.78618049621582,14.393031120300293,7.055127143859863,36.60791778564453,30.870759963989258,53.70870590209961,29.942062377929688,12.862149238586426,31.735872268676758,4.998573303222656,22.76869773864746,40.81222152709961,11.362975120544434,25.949195861816406,19.9183292388916,30.531063079833984,21.4935359954834,29.365150451660156,19.485088348388672,17.06073760986328,9.598246574401855,2.3493282794952393,17.807430267333984,34.82716369628906,16.595081329345703,13.047113418579102,24.78742218017578,17.265533447265625,13.552247047424316,20.741424560546875,27.6571102142334,20.082401275634766,20.13436508178711,13.976154327392578,0.9295943379402161,8.973217010498047,33.313819885253906,37.79754638671875,39.94221115112305,16.085594177246094,12.836084365844727,13.781764030456543,13.84671688079834,20.767356872558594,9.613142013549805,4.951599597930908,24.131614685058594,48.45687484741211,8.076883316040039,4.3162641525268555,21.338254928588867,34.32735061645508,16.665515899658203,1.1028730869293213,26.05510711669922,12.378110885620117,22.725318908691406,47.56793212890625,13.256230354309082,1.7146048545837402,9.811803817749023,35.50321960449219,21.844438552856445,11.102947235107422,26.557125091552734,5.48131799697876,14.779413223266602,13.986406326293945,12.407896995544434,3.6275103092193604,7.634326934814453,27.673828125,8.780738830566406,29.871047973632812,25.358074188232422,25.55707359313965,13.36292552947998,32.14830780029297,16.146671295166016,29.26397132873535,6.503968238830566,32.7101936340332,28.36199188232422,20.202526092529297,13.003888130187988,12.737552642822266,22.37111473083496,17.959068298339844,3.4620797634124756,27.184978485107422,26.972911834716797,15.544967651367188,15.337565422058105,60.41758728027344,15.743417739868164,19.21739959716797,3.833491563796997,25.579429626464844,9.533352851867676,21.64089012145996,14.96839714050293,8.884121894836426,41.357242584228516,11.973194122314453,18.624204635620117,4.960395812988281,10.951848030090332,9.914801597595215,40.14469528198242,7.7549028396606445
2009-02-01,2.671229362487793,15.311789512634277,16.700000762939453,19.38286018371582,14.193524360656738,5.179840564727783,11.17834186553955,6.9756879806518555,32.65681838989258,31.86229133605957,42.31528854370117,27.531225204467773,9.271820068359375,23.820188522338867,3.0006630420684814,19.763933181762695,34.758052825927734,9.77077865600586,10.964451789855957,15.889466285705566,25.531137466430664,19.887475967407227,28.457548141479492,15.483924865722656,15.038392066955566,9.341784477233887,2.018734931945801,17.052204132080078,30.25838279724121,14.43626594543457,8.06017017364502,19.61444854736328,14.00110912322998,12.066627502441406,18.72452735900879,25.881715774536133,18.11086654663086,16.63822364807129,11.611702919006348,0.9942187070846558,10.857805252075195,28.258529663085938,29.19599723815918,28.84552001953125,14.271714210510254,12.202375411987305,13.073539733886719,13.435105323791504,17.148590087890625,8.03077507019043,5.283586502075195,21.997032165527344,48.922489166259766,8.058879852294922,2.782815933227539,18.162996292114258,29.99829864501953,14.927750587463379,0.957329273223877,23.847980499267578,11.836273193359375,18.377113342285156,36.89049530029297,11.493087768554688,1.6594593524932861,8.18687629699707,32.269691467285156,19.30059051513672,10.863834381103516,22.68846893310547,5.1167802810668945,12.527556419372559,13.50936222076416,11.798917770385742,3.139941453933716,6.77847146987915,28.9608211517334,8.058873176574707,23.420198440551758,21.158475875854492,21.083480834960938,12.33867073059082,30.56891632080078,13.957634925842285,28.046342849731445,5.609439373016357,28.9110164642334,24.92255210876465,16.984529495239258,10.916036605834961,11.586769104003906,21.746801376342773,14.029363632202148,3.3557236194610596,22.52094841003418,25.281841278076172,14.085736274719238,13.909156799316406,53.92579650878906,17.096534729003906,17.532001495361328,4.41767692565918,23.93105697631836,9.150748252868652,15.010359764099121,12.912579536437988,8.5668306350708,35.035465240478516,7.808658599853516,12.598953247070312,3.9613070487976074,11.444589614868164,9.528093338012695,35.820621490478516,6.04975700378418
2009-03-01,3.14410138130188,15.428230285644531,21.389999389648438,20.148231506347656,12.78176212310791,12.332954406738281,12.884455680847168,8.142087936401367,33.050575256347656,34.01200485229492,45.8958740234375,33.742286682128906,10.47884464263916,26.956817626953125,5.195124626159668,19.985137939453125,37.95854568481445,11.633649826049805,18.493377685546875,18.05238914489746,28.429033279418945,19.490909576416016,30.1439266204834,16.234285354614258,15.369832992553711,10.752345085144043,2.1144371032714844,18.211545944213867,33.51299285888672,14.823720932006836,9.644227981567383,23.63739013671875,15.16160774230957,12.763335227966309,19.906110763549805,28.416372299194336,19.81142234802246,17.776466369628906,11.839759826660156,1.3073976039886475,13.602596282958984,29.185409545898438,27.710208892822266,34.26887893676758,13.564652442932129,11.573927879333496,14.31863784790039,15.341635704040527,17.806930541992188,8.89536190032959,5.263670444488525,22.689130783081055,51.50603103637695,9.507453918457031,3.4430627822875977,20.350412368774414,31.558197021484375,17.364538192749023,1.1099470853805542,23.649564743041992,12.869241714477539,20.897869110107422,40.35097885131836,13.241714477539062,1.9317951202392578,7.972522258758545,33.70252227783203,19.22232437133789,10.247005462646484,24.8145809173584,5.414707660675049,14.079728126525879,15.742487907409668,13.420809745788574,3.959057092666626,7.585968017578125,31.21895980834961,9.152755737304688,27.356990814208984,22.5125732421875,24.120967864990234,14.347475051879883,33.00766372680664,15.276337623596191,30.25752067565918,6.206382751464844,28.262819290161133,25.37813949584961,18.19593620300293,12.96850872039795,12.092853546142578,25.311620712280273,15.243852615356445,4.074545860290527,22.611957550048828,26.98235321044922,14.229805946350098,16.122785568237305,58.41836166381836,20.831153869628906,21.297266006469727,5.086182117462158,27.143329620361328,10.5281400680542,16.011520385742188,14.14808177947998,8.772757530212402,37.472110748291016,9.189693450927734,16.770267486572266,4.029796123504639,12.177626609802246,10.134613990783691,35.92612075805664,5.357357978820801
2009-04-01,3.7635281085968018,13.660183906555176,27.350000381469727,20.171154022216797,13.348488807678223,17.019481658935547,15.696831703186035,9.247897148132324,32.349796295166016,35.29245376586914,52.289737701416016,39.530948638916016,19.648818969726562,30.343469619750977,6.802414894104004,18.923843383789062,34.14237594604492,10.336236953735352,22.294387817382812,23.268211364746094,32.5948600769043,19.640125274658203,33.091896057128906,16.9970760345459,14.579939842224121,12.38731575012207,2.420355796813965,21.106786727905273,32.9448127746582,14.4266996383667,18.304584503173828,29.670806884765625,18.284095764160156,14.89216423034668,19.19715690612793,31.54193687438965,18.57102394104004,21.172529220581055,14.229228019714355,2.9727139472961426,15.223062515258789,36.7097282409668,34.71577835083008,42.87847900390625,13.902587890625,15.127655029296875,15.337464332580566,17.138870239257812,19.948095321655273,9.98300838470459,5.22562313079834,23.596704483032227,54.86568069458008,9.981877326965332,6.191644668579102,21.636741638183594,31.41420555114746,21.5970516204834,1.5394965410232544,25.203630447387695,12.605703353881836,20.591379165649414,45.904144287109375,15.666997909545898,2.365323781967163,10.344230651855469,32.9119873046875,21.006574630737305,10.288649559020996,28.747377395629883,5.519486904144287,12.758602142333984,16.39564323425293,14.801614761352539,4.758669376373291,8.043548583984375,28.06638526916504,10.241954803466797,30.309598922729492,24.034988403320312,25.713436126708984,15.395763397216797,33.387271881103516,15.468127250671387,29.24660873413086,6.087904453277588,29.929597854614258,33.869873046875,24.740854263305664,15.481369972229004,12.598308563232422,27.529891967773438,22.049144744873047,5.303143501281738,23.90424346923828,32.542236328125,13.619842529296875,21.255006790161133,64.2220230102539,23.098344802856445,25.551755905151367,5.548379421234131,27.47728157043457,11.589524269104004,17.992874145507812,16.911611557006836,10.940425872802734,40.23027801513672,12.913328170776367,25.59464454650879,4.992979049682617,11.780275344848633,10.031253814697266,35.17173385620117,7.194169998168945
2009-05-01,4.062026500701904,14.707962989807129,28.18000030517578,21.781404495239258,13.536030769348145,20.842689514160156,17.4438419342041,8.572030067443848,33.33089065551758,30.10730743408203,60.471221923828125,38.8591194152832,19.360549926757812,34.31414031982422,8.584903717041016,19.973426818847656,38.2069206237793,10.723844528198242,27.191850662231445,23.189741134643555,30.95526885986328,21.953659057617188,30.960554122924805,19.198917388916016,15.713682174682617,11.861565589904785,2.617142915725708,19.791772842407227,33.55031204223633,15.420473098754883,20.2265625,31.260055541992188,20.22104263305664,15.33207893371582,19.997390747070312,30.560070037841797,18.01864242553711,20.14725112915039,14.13176441192627,2.8583786487579346,19.42769432067871,36.36204528808594,38.229679107666016,45.69184112548828,14.036979675292969,17.22542381286621,14.618338584899902,15.081162452697754,21.39738655090332,9.530747413635254,5.80179500579834,23.18935775756836,56.79277420043945,10.028192520141602,7.042553424835205,21.30031967163086,33.38692092895508,24.14943504333496,1.507361888885498,26.614093780517578,14.394808769226074,21.922664642333984,49.228424072265625,13.852531433105469,2.2219455242156982,10.793675422668457,36.43232345581055,22.549230575561523,10.662466049194336,28.746305465698242,5.776365280151367,14.516593933105469,21.028593063354492,15.358797073364258,4.934194564819336,8.453275680541992,34.0855712890625,11.135951042175293,30.121875762939453,25.058883666992188,27.74827766418457,15.594773292541504,39.80494689941406,16.52042579650879,30.59254264831543,7.000234127044678,31.443029403686523,31.736204147338867,28.386552810668945,15.811443328857422,13.676595687866211,28.467857360839844,21.62232780456543,5.277471542358398,24.635900497436523,38.01575469970703,13.398187637329102,21.36920928955078,67.97599029541016,31.436227798461914,24.434797286987305,5.879202842712402,27.156694412231445,12.449431419372559,20.349092483520508,17.052480697631836,11.528882026672363,37.91065216064453,16.491708755493164,24.12393569946289,5.941999435424805,11.688697814941406,9.329504013061523,36.80388641357422,8.006604194641113
2009-06-01,4.260027885437012,15.354243278503418,28.299999237060547,20.485185623168945,14.846467971801758,14.306227684020996,16.542156219482422,8.381708145141602,35.333133697509766,31.671215057373047,51.78019714355469,39.01444625854492,18.24302864074707,32.516170501708984,10.063901901245117,20.77764129638672,40.45388412475586,10.933798789978027,21.70961570739746,21.60713768005371,31.1241455078125,23.548171997070312,32.96202087402344,17.615760803222656,16.677364349365234,11.95773983001709,2.853639841079712,21.16657829284668,33.33895492553711,16.211135864257812,18.640825271606445,28.921072006225586,19.477989196777344,16.1367130279541,20.61920928955078,32.01862335205078,19.01458740234375,20.34188461303711,14.49237060546875,3.0174529552459717,17.885751724243164,36.56401062011719,37.46492385864258,40.053104400634766,15.364431381225586,15.55020809173584,13.945236206054688,15.529486656188965,20.26169776916504,10.746845245361328,5.768391132354736,23.70292854309082,55.798851013183594,10.557668685913086,7.415019512176514,24.840845108032227,34.37956619262695,22.323495864868164,1.4096626043319702,27.193815231323242,14.172246932983398,21.96706199645996,47.47426986694336,14.144006729125977,2.2058260440826416,11.097915649414062,35.79939651489258,22.903722763061523,11.364677429199219,30.256629943847656,5.64560079574585,14.922131538391113,19.77326202392578,17.47624397277832,4.934194564819336,8.572912216186523,28.564640045166016,10.150888442993164,28.894729614257812,25.375499725341797,28.29667854309082,17.051565170288086,39.22266387939453,17.087759017944336,32.56758117675781,6.9126763343811035,30.934526443481445,32.26189041137695,24.18621063232422,15.608770370483398,14.02758502960205,29.519306182861328,22.629810333251953,5.094099521636963,29.776042938232422,36.07563781738281,14.695088386535645,21.3834171295166,67.93148040771484,31.950424194335938,24.540498733520508,6.267691612243652,27.599760055541992,13.66870403289795,19.109779357910156,18.018112182617188,10.790619850158691,36.89204025268555,15.689752578735352,24.364381790161133,5.563777446746826,11.383207321166992,10.151435852050781,37.10108947753906,7.679478645324707
2009-07-01,4.886934280395508,14.8156156539917,32.41999816894531,21.531410217285156,15.910231590270996,8.102750778198242,18.24382972717285,10.505681991577148,41.58687210083008,33.11710739135742,60.368690490722656,45.0608024597168,22.23859214782715,32.829872131347656,11.276144027709961,22.1154727935791,36.95932388305664,11.885043144226074,23.17154312133789,29.175992965698242,34.75037384033203,24.258708953857422,36.32657241821289,18.5004825592041,17.74078369140625,14.112052917480469,3.3060381412506104,22.287277221679688,34.9593620300293,16.395465850830078,24.450199127197266,31.66475486755371,20.97244644165039,16.58535385131836,21.876995086669922,34.088035583496094,20.00037956237793,22.840662002563477,17.03464698791504,3.976874828338623,21.52286720275879,44.5972900390625,37.46492385864258,45.79449462890625,16.28485870361328,16.594404220581055,15.362281799316406,17.047597885131836,22.391103744506836,12.039803504943848,6.030389308929443,26.30364990234375,63.01816940307617,12.280073165893555,9.218544960021973,26.976348876953125,36.855140686035156,25.331867218017578,1.7798038721084595,30.316213607788086,14.718583106994629,22.125595092773438,44.00714111328125,16.442155838012695,2.5502731800079346,12.155850410461426,34.28622817993164,23.395458221435547,11.340041160583496,35.502479553222656,6.038278102874756,16.016206741333008,19.802427291870117,17.29243278503418,6.231125831604004,8.544269561767578,28.90011978149414,11.103638648986816,28.19894027709961,29.13433074951172,28.3221492767334,17.65985679626465,42.518531799316406,16.993494033813477,33.62828826904297,7.341261386871338,33.87281799316406,33.2531852722168,22.909364700317383,19.555408477783203,14.380825996398926,30.178922653198242,29.174989700317383,6.491402626037598,30.614364624023438,35.6689338684082,15.015024185180664,22.2640380859375,72.99957275390625,34.04886245727539,27.120773315429688,7.218010425567627,28.96494483947754,15.503941535949707,21.465993881225586,19.907825469970703,12.289983749389648,40.641170501708984,15.819087982177734,32.682395935058594,5.948712348937988,11.721603393554688,10.99509048461914,37.35581970214844,9.706008911132812
2009-08-01,5.031097888946533,14.894648551940918,31.420000076293945,22.167234420776367,16.369600296020508,27.952648162841797,20.063005447387695,10.078383445739746,39.89828872680664,35.05629348754883,61.087791442871094,45.320560455322266,26.548158645629883,38.36676025390625,13.410911560058594,22.331254959106445,39.49515914916992,12.098249435424805,36.54817199707031,30.00373077392578,36.96034622192383,24.345779418945312,35.18336868286133,19.05918312072754,17.929447174072266,13.84917163848877,3.5201480388641357,24.976669311523438,35.5480842590332,16.253711700439453,24.588808059692383,31.56341552734375,21.740543365478516,16.992475509643555,22.23318862915039,34.72856140136719,20.72298812866211,23.362642288208008,17.700687408447266,3.778031587600708,22.479442596435547,45.16925048828125,40.03517150878906,47.503257751464844,16.511539459228516,17.87805938720703,16.45792579650879,17.934816360473633,23.928016662597656,12.481907844543457,6.205038070678711,26.026594161987305,63.376502990722656,13.057268142700195,11.261476516723633,27.821199417114258,36.87924575805664,28.48442268371582,1.7502930164337158,31.358749389648438,14.402594566345215,21.532119750976562,44.47222137451172,15.739375114440918,2.6045706272125244,12.439351081848145,35.33007049560547,25.2977352142334,11.463223457336426,36.562965393066406,6.2966227531433105,17.307748794555664,20.12204360961914,18.225141525268555,7.186761379241943,8.540249824523926,28.089380264282227,10.858592987060547,31.148517608642578,31.137454986572266,28.36672592163086,17.460344314575195,43.567481994628906,16.58502769470215,33.58088684082031,7.773509979248047,33.01852798461914,36.73225784301758,26.615108489990234,19.882144927978516,12.51246452331543,30.4261474609375,29.692432403564453,6.964505195617676,32.20280456542969,37.60673904418945,14.919384002685547,24.051435470581055,75.69615173339844,35.52452850341797,29.342830657958984,7.186746597290039,33.90789031982422,15.852065086364746,21.420093536376953,20.79338836669922,13.620741844177246,43.04894256591797,17.831682205200195,37.00996017456055,5.896995544433594,12.019824981689453,10.890326499938965,36.92190933227539,10.2511568069458
2009-09-01,5.543750286102295,16.29092025756836,33.040000915527344,22.911479949951172,16.140430450439453,27.20033073425293,20.902664184570312,10.231314659118652,40.198638916015625,34.158058166503906,66.03523254394531,47.130794525146484,26.752622604370117,41.827247619628906,12.90793228149414,22.469741821289062,39.759056091308594,12.480558395385742,35.37863540649414,33.99008560180664,38.08991241455078,25.544647216796875,35.02261734008789,19.11420440673828,18.649829864501953,15.093040466308594,3.467137098312378,23.791730880737305,35.79713439941406,16.951419830322266,30.289011001586914,31.270410537719727,22.926082611083984,19.0410099029541,22.592016220092773,38.08424377441406,21.109712600708008,25.396656036376953,18.56686019897461,3.584157943725586,24.48895835876465,49.52573013305664,43.694400787353516,56.4473991394043,17.796964645385742,20.44930648803711,16.0869140625,17.65318489074707,24.181869506835938,13.149816513061523,5.964898109436035,25.78113555908203,64.21403503417969,12.575339317321777,10.908174514770508,28.623064041137695,37.15382766723633,28.720369338989258,2.0117154121398926,30.904870986938477,15.988102912902832,21.255407333374023,46.31088638305664,15.329411506652832,2.898116111755371,12.764335632324219,35.851478576660156,24.306961059570312,12.030197143554688,37.42505645751953,6.249393939971924,17.085018157958984,21.456106185913086,19.016250610351562,7.996124267578125,8.39583683013916,30.836471557617188,12.743478775024414,33.02469253540039,29.263912200927734,30.165191650390625,16.63042449951172,46.93926239013672,16.642780303955078,35.04042053222656,7.703686237335205,35.343421936035156,39.13276290893555,30.364593505859375,20.890602111816406,13.064229011535645,29.482290267944336,30.22454261779785,7.573304176330566,32.65871810913086,39.88186264038086,15.14412784576416,17.990266799926758,78.3801040649414,35.61249542236328,29.14304542541504,7.426639080047607,33.30696487426758,15.271871566772461,19.155683517456055,20.285802841186523,13.193015098571777,46.515926361083984,18.259334564208984,40.324188232421875,6.409933567047119,11.599233627319336,10.7404146194458,36.63358688354492,9.216647148132324
2009-10-01,5.637965679168701,16.787460327148438,32.939998626708984,23.20296287536621,15.739398956298828,20.731700897216797,20.185880661010742,9.329001426696777,35.78700256347656,32.448387145996094,67.7796859741211,46.85743713378906,27.494441986083984,36.922298431396484,11.122791290283203,21.30704116821289,38.966712951660156,12.081533432006836,29.896408081054688,36.724143981933594,36.59367752075195,26.479236602783203,35.567440032958984,21.44757652282715,18.29262351989746,14.624985694885254,3.4936411380767822,23.545976638793945,38.90266036987305,16.74997329711914,27.279861450195312,33.18657684326172,22.8509521484375,18.510454177856445,22.706838607788086,36.21421432495117,20.975656509399414,23.92025375366211,19.833297729492188,3.4797656536102295,26.184368133544922,47.85994338989258,42.655174255371094,49.02191162109375,18.355606079101562,22.025222778320312,15.926106452941895,16.62606430053711,23.3617000579834,13.21945858001709,6.154694080352783,25.071252822875977,64.75086975097656,12.279747009277344,10.947432518005371,30.774311065673828,36.031105041503906,27.409900665283203,1.8237828016281128,32.04716491699219,15.871987342834473,21.88605499267578,40.80079650878906,14.386853218078613,2.860786199569702,13.089316368103027,36.818904876708984,23.714731216430664,12.409469604492188,37.30841064453125,6.354660987854004,16.706912994384766,22.35044288635254,20.502361297607422,6.621181011199951,7.463980197906494,30.44418716430664,12.247129440307617,31.99087142944336,31.646581649780273,25.570772171020508,16.87847900390625,45.43050003051758,15.774641036987305,36.16941833496094,7.9271159172058105,35.66218566894531,39.978206634521484,30.65033721923828,20.25179100036621,12.67669677734375,27.08988380432129,29.05388832092285,6.960833549499512,32.48621368408203,41.62168884277344,15.118163108825684,20.59506607055664,76.87323760986328,28.42228889465332,30.235599517822266,7.466620922088623,33.685829162597656,15.19376277923584,19.85184097290039,19.169828414916992,14.013806343078613,39.59917449951172,17.831682205200195,41.263702392578125,6.761457443237305,11.738642692565918,10.528286933898926,38.26744079589844,8.954681396484375
2009-11-01,5.979235649108887,18.088764190673828,35.08000183105469,25.330890655517578,16.987733840942383,17.51279640197754,19.528738021850586,9.458887100219727,37.60905075073242,32.63378143310547,68.61503601074219,50.38101577758789,33.010704040527344,40.8398323059082,12.09165096282959,21.50016975402832,42.63766098022461,14.02677059173584,30.042593002319336,38.945220947265625,34.70557403564453,28.351619720458984,36.191951751708984,22.127164840698242,20.14781379699707,15.00327205657959,3.9507319927215576,20.6844425201416,40.01416015625,18.089454650878906,32.275753021240234,38.986000061035156,25.23038101196289,20.20824432373047,24.298768997192383,36.996822357177734,22.43726921081543,26.451087951660156,21.133243560791016,4.419303894042969,29.55379867553711,55.60286331176758,44.83214569091797,55.072330474853516,18.934785842895508,22.13832664489746,17.316057205200195,18.130290985107422,25.234111785888672,13.665112495422363,6.3336310386657715,23.655338287353516,68.13688659667969,12.431655883789062,12.500738143920898,32.5971794128418,38.64702224731445,27.882369995117188,1.7603869438171387,34.56755447387695,17.151165008544922,23.96895408630371,46.1768684387207,16.0335750579834,2.8836922645568848,13.968588829040527,40.075748443603516,28.191965103149414,12.646950721740723,39.52682876586914,6.6002888679504395,19.558917999267578,21.97468376159668,21.840593338012695,7.33303165435791,7.972774505615234,37.57538604736328,12.780901908874512,35.2419319152832,35.134368896484375,27.213476181030273,17.66241455078125,48.370182037353516,16.600425720214844,37.16697692871094,8.538652420043945,38.33683776855469,40.912662506103516,35.70444869995117,21.52482032775879,13.141735076904297,29.60698699951172,31.061704635620117,8.03173828125,36.63774108886719,42.89524841308594,15.55439567565918,21.596277236938477,81.60916900634766,27.96190643310547,29.169815063476562,7.6966233253479,35.444889068603516,16.385934829711914,21.932641983032227,22.08538055419922,14.56301498413086,41.917449951171875,18.201417922973633,42.98967361450195,7.134502410888672,12.889351844787598,11.343311309814453,40.316123962402344,9.169015884399414
2009-12-01,6.302854537963867,17.922779083251953,36.779998779296875,25.162458419799805,18.359846115112305,18.487098693847656,20.649181365966797,10.711357116699219,37.75588607788086,32.30515670776367,74.29692077636719,49.514442443847656,31.976896286010742,42.18010711669922,11.496207237243652,23.248329162597656,45.169063568115234,14.16892147064209,24.19489288330078,38.011444091796875,36.13237380981445,27.664648056030273,36.63031005859375,21.82797622680664,19.630144119262695,15.34949779510498,4.034773349761963,21.484859466552734,39.47575759887695,19.352436065673828,32.27127456665039,39.606868743896484,27.2357177734375,20.569114685058594,25.070865631103516,36.85036849975586,23.754953384399414,27.211217880249023,21.040639877319336,4.971094608306885,28.65789794921875,55.012447357177734,46.3764533996582,52.35090637207031,19.717241287231445,22.758535385131836,18.72354507446289,19.329627990722656,25.712947845458984,14.37051010131836,6.490621566772461,23.936222076416016,70.5905990600586,13.20863151550293,13.154006004333496,32.36967468261719,39.6125602722168,27.34427833557129,2.037630796432495,33.685821533203125,17.09119987487793,23.303333282470703,45.05276870727539,17.195112228393555,3.3265554904937744,14.341850280761719,39.562530517578125,29.21495819091797,12.898487091064453,42.19633102416992,7.004940509796143,19.93899917602539,20.596925735473633,22.63520622253418,10.29745101928711,8.10317325592041,33.20198440551758,13.067305564880371,35.91719436645508,35.831581115722656,30.165483474731445,19.62224006652832,48.91175842285156,17.784879684448242,36.576446533203125,8.548047065734863,37.2792854309082,40.85200119018555,33.06153106689453,21.20248031616211,14.065141677856445,30.435998916625977,33.55436325073242,8.457157135009766,38.29349899291992,43.700904846191406,16.150604248046875,24.155248641967773,83.16798400878906,29.48519515991211,30.30375862121582,7.329641342163086,33.95476150512695,16.884843826293945,23.317296981811523,22.30881690979004,13.615598678588867,45.540260314941406,17.519838333129883,46.757633209228516,7.604386329650879,12.693123817443848,11.980546951293945,36.62124252319336,10.125354766845703
2010-01-01,5.744443416595459,17.70256805419922,32.29999923706055,23.96956443786621,18.285959243774414,14.941372871398926,20.573564529418945,9.358993530273438,39.03065490722656,32.90296936035156,71.22687530517578,46.399173736572266,29.84937858581543,47.221771240234375,11.587809562683105,22.816478729248047,43.1700553894043,13.669503211975098,24.267990112304688,35.08098602294922,35.32224655151367,27.101247787475586,35.82912826538086,20.51580810546875,19.229408264160156,14.406993865966797,3.566307783126831,21.647701263427734,36.97875213623047,18.62647247314453,31.64055061340332,36.57539367675781,24.95551300048828,21.19690704345703,24.080249786376953,36.28827667236328,22.87127113342285,26.53411865234375,20.25351905822754,5.388664722442627,23.845853805541992,51.65040969848633,45.72560501098633,55.63798522949219,19.995128631591797,22.092945098876953,17.955533981323242,18.71492576599121,25.345623016357422,13.131813049316406,6.5683088302612305,24.3642635345459,66.00137329101562,12.561158180236816,11.25311279296875,29.401838302612305,38.659332275390625,25.583513259887695,1.589081048965454,31.40167236328125,16.266626358032227,22.970518112182617,44.556514739990234,15.977965354919434,2.800551176071167,14.155220031738281,39.55620193481445,28.62186622619629,12.959179878234863,41.08361053466797,7.08701229095459,20.833904266357422,18.668807983398438,20.927169799804688,8.50319766998291,7.480324745178223,30.078989028930664,12.608457565307617,36.39950942993164,32.16777420043945,26.38266944885254,18.483613967895508,47.10200881958008,16.362091064453125,35.866580963134766,8.768918991088867,38.11668014526367,42.39115524291992,34.776248931884766,21.253185272216797,12.837539672851562,25.784412384033203,34.45428466796875,7.991388320922852,37.25167465209961,42.606536865234375,15.719991683959961,25.553672790527344,80.14545440673828,29.038249969482422,32.12062072753906,7.622425556182861,34.506378173828125,14.652959823608398,25.24510383605957,21.121810913085938,15.170114517211914,38.20816421508789,18.454580307006836,43.58094787597656,7.517805576324463,12.688371658325195,11.732131004333496,34.60194396972656,10.436537742614746
2010-02-01,6.120109558105469,18.150651931762695,34.650001525878906,24.451427459716797,17.9613037109375,15.274367332458496,21.480926513671875,9.450456619262695,37.78258514404297,34.628501892089844,74.73883819580078,41.89118194580078,30.269454956054688,49.5526237487793,12.717583656311035,22.554996490478516,44.60200500488281,13.753674507141113,24.85276222229004,38.31106948852539,35.83843994140625,28.0866756439209,37.12495803833008,20.726011276245117,19.357181549072266,15.599550247192383,3.9693374633789062,22.570598602294922,37.42583084106445,19.11553955078125,33.06550216674805,41.95735168457031,26.38275146484375,22.50361442565918,24.16831398010254,34.83344268798828,22.66600227355957,30.46170997619629,22.70416259765625,5.836065292358398,26.8743953704834,55.87602233886719,49.624420166015625,55.91565704345703,20.191408157348633,22.872528076171875,21.02943992614746,20.846338272094727,26.549346923828125,14.16964054107666,6.9773406982421875,26.807212829589844,68.88042449951172,13.399140357971191,11.393533706665039,30.703624725341797,39.04188919067383,27.57422637939453,1.6500247716903687,32.11548614501953,15.807857513427734,22.72566032409668,46.87450408935547,17.498275756835938,2.876906394958496,15.784648895263672,40.79977035522461,28.96221160888672,13.24835205078125,41.17872619628906,7.179794788360596,20.12453269958496,19.644765853881836,21.390615463256836,8.834742546081543,7.190491676330566,34.58451843261719,13.369909286499023,39.67290496826172,35.4005126953125,26.770660400390625,19.758058547973633,48.009891510009766,15.896747589111328,37.581085205078125,8.325183868408203,39.188026428222656,45.9320068359375,33.7285270690918,22.486738204956055,12.397869110107422,24.239913940429688,38.859214782714844,8.40214729309082,37.226829528808594,41.15549850463867,15.607009887695312,24.817699432373047,82.64556121826172,30.412946701049805,32.38715744018555,8.374963760375977,35.813899993896484,15.877304077148438,25.90302085876465,23.616317749023438,14.88582992553711,37.74259567260742,17.777912139892578,49.04086685180664,7.770321846008301,12.84036636352539,11.749067306518555,35.13579177856445,11.21449089050293
2010-03-01,7.0287628173828125,17.615631103515625,35.369998931884766,26.33710479736328,18.260482788085938,21.052356719970703,22.349821090698242,10.400138854980469,39.938350677490234,36.125614166259766,73.19558715820312,45.47126007080078,32.84526824951172,56.96668243408203,13.634262084960938,23.17112922668457,45.3078727722168,15.162284851074219,29.604015350341797,42.205970764160156,37.71609115600586,28.872333526611328,38.83860778808594,22.094799041748047,20.69003677368164,16.689538955688477,4.257042407989502,24.449798583984375,39.253135681152344,20.685441970825195,34.710350036621094,43.741241455078125,29.482133865356445,23.24445915222168,24.123966217041016,36.462013244628906,23.61505699157715,32.39211654663086,25.253875732421875,6.24866247177124,29.870777130126953,61.64997482299805,52.805049896240234,63.3664436340332,19.84931755065918,22.85736083984375,22.498783111572266,21.77550506591797,29.927513122558594,14.85073184967041,7.130093097686768,28.863603591918945,69.47086334228516,14.547818183898926,12.101634979248047,32.155784606933594,40.40523147583008,29.40068817138672,1.751983404159546,33.61463928222656,16.626483917236328,23.969802856445312,50.16584396362305,17.889427185058594,3.166207790374756,16.323007583618164,42.633705139160156,30.049957275390625,13.694605827331543,42.935813903808594,7.447734355926514,20.594411849975586,20.418567657470703,21.85318374633789,10.11217212677002,7.4944233894348145,35.81246566772461,14.59506893157959,42.4641227722168,38.47044372558594,29.577415466308594,20.607698440551758,51.03529357910156,15.96528434753418,40.08367919921875,8.135431289672852,39.18185806274414,49.30589294433594,37.45520782470703,23.897186279296875,12.210140228271484,27.729198455810547,40.49002456665039,8.900920867919922,37.588626861572266,42.74514389038086,16.289840698242188,25.869922637939453,87.67698669433594,30.575315475463867,33.06608581542969,8.554008483886719,36.9593620300293,15.935911178588867,24.992652893066406,25.695058822631836,15.684106826782227,41.072566986083984,20.235862731933594,50.8414421081543,8.3734712600708,13.278128623962402,12.107219696044922,36.20608901977539,11.721251487731934
2010-04-01,7.809103012084961,17.251474380493164,33.599998474121094,25.685644149780273,18.324594497680664,23.98760414123535,22.598838806152344,10.639488220214844,38.24977111816406,36.03852462768555,73.4878921508789,47.21141815185547,36.7140998840332,56.82546615600586,13.618988990783691,18.7996768951416,43.94974899291992,14.372933387756348,31.943092346191406,46.01002883911133,38.35792541503906,28.65883445739746,39.47991943359375,25.557775497436523,20.9885311126709,17.266592025756836,4.687767028808594,24.749094009399414,42.15711212158203,21.032625198364258,36.18939971923828,44.00607681274414,31.112051010131836,25.96417999267578,24.803916931152344,40.51887512207031,23.96499252319336,33.608245849609375,25.717164993286133,6.472364902496338,27.054780960083008,59.41239929199219,52.515419006347656,65.66432189941406,20.093456268310547,23.251842498779297,22.691150665283203,23.714092254638672,31.381908416748047,14.52103042602539,6.952752590179443,31.69536018371582,69.87712860107422,14.906789779663086,13.14903450012207,34.69511413574219,39.84749984741211,28.006288528442383,1.9292771816253662,32.748600006103516,16.15791893005371,23.142574310302734,51.172523498535156,20.083650588989258,3.439391613006592,16.524002075195312,45.106605529785156,29.287874221801758,14.223458290100098,45.55605697631836,7.690911769866943,19.320697784423828,21.102136611938477,22.785816192626953,9.117534637451172,8.071276664733887,39.433807373046875,15.073628425598145,43.92771911621094,40.83828353881836,29.538297653198242,20.775699615478516,53.52247619628906,17.37685203552246,39.514163970947266,7.931456565856934,38.79069900512695,52.687400817871094,42.23280334472656,25.71322250366211,10.910250663757324,25.561614990234375,43.62232208251953,9.567525863647461,38.0938720703125,48.1068229675293,17.19954490661621,24.46938705444336,89.0333480834961,29.4644775390625,35.75035095214844,9.322505950927734,34.76675033569336,17.015764236450195,23.208560943603516,26.522336959838867,16.22347640991211,49.801788330078125,21.529869079589844,63.439613342285156,8.558344841003418,12.810046195983887,12.421319007873535,36.63311004638672,13.10375690460205
2010-05-01,7.683185577392578,16.037527084350586,32.08000183105469,24.210954666137695,17.292097091674805,21.816997528076172,21.3297119140625,10.030681610107422,34.55894470214844,33.500709533691406,64.66299438476562,42.46445846557617,31.738754272460938,50.645103454589844,12.022594451904297,16.813003540039062,41.03202438354492,13.180394172668457,28.946155548095703,41.05699157714844,35.45170593261719,26.610801696777344,38.332733154296875,22.623552322387695,20.95926856994629,14.84939193725586,4.39082670211792,23.214014053344727,38.595577239990234,19.835186004638672,31.587963104248047,42.431785583496094,28.22379493713379,22.453365325927734,23.930858612060547,39.18320083618164,22.888315200805664,30.08455467224121,23.470521926879883,5.831092357635498,25.09185028076172,55.1087532043457,46.69717025756836,56.92536926269531,20.113229751586914,18.902381896972656,23.7499942779541,22.791915893554688,28.464603424072266,12.855733871459961,6.78899621963501,31.771800994873047,68.19901275634766,14.078608512878418,11.480602264404297,31.524354934692383,36.459232330322266,26.033071517944336,1.7508256435394287,32.449241638183594,15.538206100463867,22.00551986694336,48.56027603149414,18.32854652404785,3.2120211124420166,15.547772407531738,43.08856201171875,26.264558792114258,13.86401081085205,41.00337219238281,7.364258766174316,18.57632064819336,18.93047523498535,19.336172103881836,8.863996505737305,7.742533206939697,37.84463119506836,14.372664451599121,39.48258590698242,39.0855827331543,28.05876922607422,18.125530242919922,49.80980682373047,16.56560707092285,38.102508544921875,7.300780296325684,38.122962951660156,46.99222946166992,39.43027877807617,23.60008430480957,11.3729248046875,23.625825881958008,38.564327239990234,9.534384727478027,34.68120574951172,37.95408630371094,16.27387809753418,20.341718673706055,81.95927429199219,25.854225158691406,34.38363265991211,9.175548553466797,33.89654541015625,15.975589752197266,22.259090423583984,25.16061782836914,14.52053165435791,44.11305236816406,18.684112548828125,61.10975646972656,7.159138202667236,12.144635200500488,11.701741218566895,32.90363311767578,11.192288398742676
2010-06-01,7.523173809051514,15.774504661560059,26.43000030517578,24.042753219604492,17.476058959960938,21.237350463867188,20.006620407104492,9.331954002380371,35.10623550415039,31.506107330322266,60.799381256103516,40.14129638671875,31.745969772338867,49.51667404174805,10.983267784118652,16.29444694519043,39.12080001831055,14.344318389892578,27.48422622680664,40.59074401855469,37.12476348876953,26.8391170501709,37.93001174926758,21.41514778137207,20.97097396850586,13.663240432739258,4.170656204223633,19.65448760986328,35.455474853515625,19.723175048828125,28.009288787841797,41.167240142822266,26.602323532104492,20.902786254882812,23.990833282470703,37.383148193359375,23.162391662597656,28.30306053161621,21.957271575927734,5.010862350463867,21.18031883239746,46.345359802246094,40.56037521362305,50.524478912353516,20.05957794189453,18.689228057861328,24.31195068359375,19.02715301513672,25.97551727294922,12.113472938537598,6.904991626739502,32.538944244384766,67.22988891601562,12.783797264099121,11.184074401855469,28.225828170776367,36.934513092041016,24.079614639282227,1.5863840579986572,32.76563262939453,15.27944278717041,22.482009887695312,45.26703643798828,15.121984481811523,3.2289891242980957,15.188868522644043,42.44419479370117,24.313825607299805,13.644742965698242,40.83793258666992,7.400997638702393,19.49590301513672,16.207164764404297,17.245168685913086,8.278914451599121,7.639151096343994,43.49125671386719,13.463360786437988,35.53367233276367,36.72493362426758,25.16996192932129,17.234121322631836,46.79994201660156,17.135820388793945,37.21174240112305,6.835792064666748,37.430294036865234,42.40462112426758,35.5029411315918,22.251928329467773,11.146425247192383,21.81867027282715,35.43183135986328,8.948843955993652,37.82148361206055,37.40657424926758,16.562522888183594,20.590497970581055,77.7186050415039,22.91427230834961,31.00389862060547,8.467096328735352,33.9993896484375,15.229795455932617,21.837322235107422,24.48430633544922,13.573869705200195,38.301795959472656,16.671777725219727,51.38507843017578,6.669637203216553,11.54653549194336,11.91049861907959,31.058725357055664,9.713313102722168
2010-07-01,7.694251537322998,16.703771591186523,28.719999313354492,24.645915985107422,19.467138290405273,23.72244644165039,19.665395736694336,9.161150932312012,36.394344329833984,32.104331970214844,69.14606475830078,44.953800201416016,35.69621658325195,53.769962310791016,10.731045722961426,17.549407958984375,39.803470611572266,14.332819938659668,29.969493865966797,47.445621490478516,38.51885223388672,27.08700180053711,39.92536163330078,24.335174560546875,21.174461364746094,14.791685104370117,4.430323123931885,20.633056640625,39.81817626953125,21.377803802490234,32.27206802368164,49.300132751464844,28.45182228088379,23.993934631347656,25.640209197998047,40.712764739990234,24.785369873046875,32.0927734375,26.325912475585938,6.348086833953857,25.74774932861328,54.56867218017578,42.423545837402344,56.48090744018555,19.46367073059082,22.746810913085938,25.084056854248047,19.32541275024414,28.524499893188477,12.885958671569824,7.35732364654541,31.907583236694336,69.90864562988281,13.539658546447754,11.959989547729492,29.743793487548828,36.327903747558594,26.52972984313965,1.8020358085632324,34.651702880859375,16.800678253173828,23.891326904296875,45.661983489990234,15.443732261657715,3.579376697540283,15.188868522644043,44.93143844604492,24.93807601928711,14.234687805175781,44.224281311035156,8.183937072753906,19.21158218383789,18.881650924682617,19.343669891357422,7.098998546600342,8.193755149841309,39.377403259277344,14.677148818969727,38.27507019042969,38.954036712646484,25.735441207885742,19.025537490844727,47.27310562133789,17.994529724121094,39.62946319580078,7.190526962280273,38.465362548828125,47.496856689453125,37.37934494018555,25.589155197143555,12.191821098327637,25.300098419189453,39.084007263183594,9.151386260986328,38.58142852783203,40.3266487121582,17.80414390563965,22.456378936767578,83.02680969238281,26.369705200195312,32.35956954956055,8.380304336547852,34.827796936035156,16.22834587097168,23.41360855102539,26.3018798828125,14.51523208618164,39.53395080566406,18.058921813964844,48.7403450012207,7.081923961639404,12.295964241027832,12.707995414733887,32.479164123535156,11.767118453979492
2010-08-01,7.271031856536865,16.792259216308594,27.700000762939453,23.05738067626953,19.382322311401367,20.922866821289062,19.361000061035156,8.102084159851074,34.06505584716797,30.885616302490234,65.00080108642578,45.85188293457031,31.881900787353516,48.531429290771484,9.523416519165039,17.060256958007812,39.45055389404297,15.000000953674316,27.118741989135742,44.323402404785156,38.8018684387207,25.32417869567871,39.8884391784668,23.105636596679688,21.976613998413086,12.816896438598633,4.213372707366943,18.138803482055664,39.0672607421875,21.981250762939453,28.77680206298828,46.778926849365234,27.48062515258789,22.52802085876465,26.12194061279297,39.45582962036133,25.866796493530273,30.421415328979492,23.481693267822266,5.612365245819092,25.909698486328125,51.59400939941406,38.69719696044922,50.73472213745117,20.57914161682129,21.541765213012695,24.0188045501709,19.018049240112305,26.182655334472656,10.761625289916992,7.396751880645752,31.760656356811523,67.37152099609375,11.702461242675781,10.169754028320312,28.21213150024414,35.99504852294922,23.94788932800293,1.6072739362716675,34.80301284790039,17.035417556762695,22.838701248168945,42.61258316040039,15.101192474365234,3.0635528564453125,15.066843032836914,47.42972183227539,21.214553833007812,14.43012809753418,40.8655891418457,8.243025779724121,19.601829528808594,17.272615432739258,17.68376350402832,6.299387454986572,8.496038436889648,43.19538116455078,13.951664924621582,35.62755584716797,37.395477294921875,24.183679580688477,17.576889038085938,44.3310432434082,17.480398178100586,39.18376541137695,7.711706638336182,37.52824401855469,45.41983413696289,32.09247589111328,24.43971061706543,12.133748054504395,25.573991775512695,37.15914535522461,8.507238388061523,36.98089599609375,36.1842155456543,18.489503860473633,20.4033203125,79.292236328125,23.76797103881836,32.41782760620117,8.038995742797852,33.81989288330078,15.13068675994873,24.3901309967041,25.810131072998047,12.63250732421875,32.33454132080078,15.364056587219238,43.6419563293457,6.66093111038208,12.114048957824707,12.892926216125488,32.39912796020508,10.208641052246094
2010-09-01,8.486859321594238,17.779237747192383,26.149999618530273,25.316713333129883,19.831159591674805,24.110923767089844,22.13186264038086,9.125589370727539,36.78145980834961,33.3315544128418,70.72315979003906,51.597225189208984,33.60914611816406,52.82645034790039,10.020627975463867,19.254959106445312,43.09550094604492,15.773124694824219,28.580665588378906,53.5200309753418,42.5107307434082,26.359907150268555,41.08224868774414,25.309112548828125,21.085988998413086,14.041521072387695,4.671955108642578,21.157453536987305,42.743011474609375,22.45965576171875,32.6007194519043,51.80769729614258,27.95355224609375,26.27765464782715,26.92780303955078,42.36699676513672,26.242307662963867,34.34065628051758,27.878589630126953,6.084619045257568,30.732452392578125,56.601585388183594,43.50407028198242,57.357627868652344,20.795398712158203,25.252967834472656,26.4885196685791,21.656782150268555,29.45379638671875,11.799468994140625,7.6453070640563965,32.52613830566406,73.39570617675781,12.71574592590332,10.810953140258789,32.38521194458008,39.113529205322266,25.067564010620117,2.0215725898742676,35.507503509521484,17.97539520263672,24.83768081665039,43.69140625,16.597909927368164,3.5505306720733643,16.839828491210938,48.371055603027344,22.651350021362305,15.215520858764648,45.11082077026367,9.014543533325195,20.736724853515625,17.265613555908203,18.452289581298828,7.030738353729248,8.6003999710083,44.35313034057617,16.03267478942871,39.913124084472656,41.45686340332031,25.360504150390625,21.608951568603516,47.73480987548828,18.283422470092773,40.86922073364258,8.32243537902832,37.7169189453125,53.788238525390625,32.67151641845703,27.02736473083496,12.321608543395996,30.134586334228516,44.854007720947266,9.458653450012207,38.27724075317383,41.80217742919922,18.76666259765625,24.395435333251953,86.39323425292969,25.52273178100586,33.86255645751953,9.039566993713379,36.22700500488281,17.838699340820312,27.096345901489258,28.94527816772461,13.160622596740723,32.47526168823242,16.388322830200195,47.64363479614258,7.0209832191467285,12.930665969848633,13.421076774597168,33.86808395385742,12.555497169494629
2010-10-01,9.00220012664795,17.610944747924805,28.149999618530273,26.798479080200195,20.49347686767578,25.905380249023438,21.388290405273438,9.649063110351562,38.1696891784668,34.00181579589844,73.18891143798828,52.93667221069336,33.30997848510742,56.081459045410156,8.758487701416016,20.55450439453125,43.921363830566406,15.650938987731934,30.481185913085938,53.76009750366211,43.36457061767578,26.6319637298584,41.28602981567383,26.409557342529297,21.545108795166016,14.657044410705566,5.189652442932129,20.31508445739746,43.56043243408203,22.356773376464844,36.613468170166016,57.01963424682617,30.512447357177734,26.725608825683594,27.688039779663086,41.18131637573242,27.058643341064453,35.8014030456543,30.021272659301758,7.024157524108887,34.22318649291992,58.071250915527344,47.496498107910156,56.545814514160156,21.537925720214844,24.32898712158203,27.674686431884766,21.12356948852539,31.57870864868164,11.791058540344238,7.908789157867432,33.82472229003906,78.57181549072266,13.27868366241455,12.565559387207031,31.462270736694336,40.2371711730957,24.816326141357422,2.049689531326294,34.57410430908203,18.835460662841797,23.933378219604492,43.6975212097168,15.972005844116211,3.8847975730895996,16.746517181396484,50.48740005493164,23.923229217529297,16.097673416137695,43.81540298461914,9.539955139160156,20.455047607421875,17.434572219848633,20.094839096069336,8.054635047912598,8.703184127807617,42.976131439208984,16.292755126953125,41.61814498901367,42.836204528808594,25.373777389526367,23.688581466674805,47.935997009277344,17.874418258666992,40.16796875,8.44361400604248,40.28843688964844,58.77090072631836,33.988075256347656,28.475263595581055,12.154183387756348,30.154605865478516,45.31905746459961,10.572961807250977,40.64861297607422,47.42012405395508,19.313594818115234,27.782453536987305,89.69364929199219,28.301359176635742,32.91206741333008,9.294772148132324,38.38255310058594,19.522111892700195,27.82178497314453,31.02594566345215,14.731136322021484,32.114620208740234,17.00157928466797,44.62473678588867,7.90273904800415,13.087708473205566,13.941095352172852,36.44423294067383,14.19316291809082
2010-11-01,9.306379318237305,15.960342407226562,27.799999237060547,26.84666633605957,19.727022171020508,25.46139144897461,20.558212280273438,9.766122817993164,35.166290283203125,34.318294525146484,77.9850845336914,53.7154426574707,34.723995208740234,50.93391036987305,8.376020431518555,19.59396743774414,45.32297897338867,14.685126304626465,30.700471878051758,57.86394500732422,42.707763671875,26.43512535095215,38.345436096191406,26.756406784057617,20.148391723632812,12.2847318649292,5.157263278961182,20.901683807373047,43.06621551513672,21.596729278564453,37.01714324951172,55.460487365722656,30.833358764648438,27.720848083496094,27.044036865234375,39.920494079589844,26.642642974853516,36.13147735595703,32.78701400756836,7.923922061920166,36.58077621459961,60.40671920776367,46.081092834472656,55.87515640258789,20.259178161621094,28.895437240600586,28.518396377563477,20.811914443969727,33.53129196166992,11.760207176208496,8.453035354614258,32.2077522277832,77.74485778808594,14.12352466583252,12.470610618591309,32.805355072021484,39.18906784057617,24.664648056030273,2.1183550357818604,33.782615661621094,19.53781509399414,23.20416259765625,42.16506576538086,16.989900588989258,3.8517110347747803,18.548219680786133,51.22934341430664,22.768831253051758,16.02847671508789,43.96454620361328,9.007039070129395,19.418489456176758,17.14715003967285,19.149396896362305,7.089247226715088,8.081846237182617,41.542659759521484,17.23102378845215,40.918128967285156,42.159942626953125,25.055112838745117,21.8099422454834,53.7519645690918,17.039836883544922,39.75582504272461,7.982421398162842,38.704017639160156,61.815711975097656,33.9565315246582,29.14423942565918,11.498058319091797,31.38738250732422,48.30392074584961,11.37620735168457,40.24701690673828,52.62033462524414,19.237091064453125,25.62264633178711,89.69364929199219,29.277263641357422,36.24881362915039,9.267582893371582,37.541194915771484,20.994342803955078,28.184513092041016,32.01987838745117,14.475464820861816,35.53541564941406,17.78607749938965,43.209754943847656,8.38035774230957,13.068380355834961,13.730743408203125,38.36701202392578,13.902032852172852
2010-12-01,9.647650718688965,16.44076919555664,30.780000686645508,28.094133377075195,19.937585830688477,35.53124237060547,22.51445770263672,11.038942337036133,36.64130401611328,39.35655212402344,86.38204193115234,56.96818542480469,34.48297119140625,52.123992919921875,10.213537216186523,20.558317184448242,49.404541015625,15.406577110290527,34.57454299926758,64.06068420410156,45.67721939086914,27.754291534423828,39.25740432739258,30.2827091217041,20.8268985748291,12.970779418945312,5.479539394378662,23.44359016418457,48.53394317626953,22.2155704498291,40.70887756347656,61.91933059692383,32.02436828613281,29.56182289123535,27.444686889648438,42.248348236083984,27.303607940673828,37.50929260253906,34.52499771118164,8.34646987915039,43.747962951660156,61.65964889526367,49.476688385009766,65.06710052490234,20.408279418945312,31.253002166748047,28.23118019104004,24.153121948242188,35.85842514038086,11.83009147644043,8.828496932983398,32.4486083984375,80.65764617919922,14.03675651550293,13.60429859161377,37.013675689697266,39.380062103271484,27.975242614746094,2.232158660888672,34.78094482421875,20.341964721679688,24.155487060546875,43.32392883300781,18.77121353149414,4.392986297607422,18.85970687866211,50.22178649902344,25.1862850189209,17.047958374023438,45.179080963134766,9.380843162536621,20.51959991455078,19.074983596801758,21.158342361450195,7.8206000328063965,8.300578117370605,43.483238220214844,17.14965057373047,42.974647521972656,44.01676559448242,29.330476760864258,25.23664093017578,60.05179977416992,17.773555755615234,40.48712158203125,8.574987411499023,40.770111083984375,66.49251556396484,38.28859329223633,31.428373336791992,12.074204444885254,33.17729568481445,52.38767623901367,11.945019721984863,41.774173736572266,56.81147384643555,19.49718475341797,27.049013137817383,95.68988037109375,31.412023544311523,38.27963638305664,9.01968765258789,38.993160247802734,21.45648193359375,27.959932327270508,32.92600631713867,16.447547912597656,39.290924072265625,20.256912231445312,52.579750061035156,9.130388259887695,13.101789474487305,13.908059120178223,40.330589294433594,14.026901245117188
2011-01-01,10.148933410644531,15.640932083129883,33.04999923706055,29.077543258666992,19.771350860595703,29.996841430664062,21.991849899291992,12.327472686767578,36.76142883300781,39.25386047363281,86.57804107666016,54.65058517456055,34.99586868286133,55.49454879760742,10.512136459350586,19.693262100219727,48.48681640625,14.834951400756836,35.23244094848633,66.66403198242188,45.19294738769531,26.69017219543457,39.354827880859375,31.77684211730957,20.461305618286133,13.560646057128906,5.987547874450684,23.141603469848633,50.491249084472656,22.641986846923828,42.30671310424805,67.77205657958984,33.18547439575195,32.41939163208008,27.55254364013672,41.636680603027344,27.490890502929688,38.631248474121094,36.71874237060547,7.928893566131592,39.78019332885742,59.87636947631836,52.884220123291016,71.64852905273438,20.09746551513672,34.44489288330078,26.529659271240234,25.331153869628906,37.7808723449707,12.838881492614746,8.551065444946289,32.13203048706055,89.03340911865234,14.323769569396973,14.42335319519043,37.0760612487793,38.05573272705078,29.671180725097656,2.5464160442352295,35.71335983276367,19.4388370513916,23.969350814819336,49.328922271728516,18.645187377929688,4.232639312744141,17.56184959411621,48.20009994506836,26.180295944213867,16.194276809692383,46.02717971801758,8.957902908325195,18.885547637939453,20.645814895629883,21.021879196166992,10.277948379516602,8.535277366638184,38.98131561279297,16.559389114379883,45.97318649291992,42.874637603759766,30.729408264160156,25.8667049407959,59.18256759643555,18.119983673095703,39.854976654052734,8.922687530517578,40.30617141723633,68.88871765136719,37.89596939086914,31.506877899169922,11.831069946289062,36.28789138793945,59.181800842285156,11.721955299377441,39.553436279296875,60.54672622680664,19.18608856201172,28.958267211914062,97.91944885253906,31.669614791870117,34.90557098388672,9.629262924194336,39.37811279296875,22.47249412536621,31.78498649597168,33.62605285644531,16.465845108032227,37.69660568237305,21.191648483276367,50.60869216918945,9.968819618225098,13.621682167053223,13.919875144958496,44.50043487548828,12.931045532226562
2011-02-01,10.56438159942627,16.65918731689453,34.5,30.352352142333984,20.083093643188477,27.550996780395508,22.443830490112305,12.965178489685059,34.25860595703125,45.1754035949707,90.39339447021484,57.625858306884766,35.1491584777832,57.84947204589844,10.940892219543457,21.585819244384766,46.7624626159668,15.206113815307617,34.209102630615234,70.732177734375,46.4109992980957,27.298601150512695,42.40233612060547,34.93486785888672,20.173629760742188,11.900029182434082,6.354969501495361,22.370208740234375,55.59744644165039,23.728843688964844,44.30996322631836,67.21283721923828,37.34328079223633,32.6365966796875,28.101810455322266,40.75685501098633,27.863134384155273,39.36443328857422,37.914710998535156,7.481496810913086,38.73767852783203,59.677486419677734,53.38920974731445,74.93846130371094,21.461183547973633,35.99874496459961,27.017047882080078,25.813385009765625,39.29055404663086,12.260024070739746,9.485793113708496,36.249820709228516,89.31973266601562,14.451767921447754,13.963312149047852,37.498870849609375,39.472816467285156,30.826581954956055,2.83475399017334,36.35888671875,19.769773483276367,24.15690040588379,49.51919937133789,19.675189971923828,4.65768575668335,18.754192352294922,49.920047760009766,27.27341079711914,17.458309173583984,48.57389831542969,9.66661262512207,18.543935775756836,20.84244155883789,20.269176483154297,10.853276252746582,8.85618782043457,39.122886657714844,17.874420166015625,44.5479621887207,46.248435974121094,32.10157012939453,26.56930160522461,62.42079544067383,18.270843505859375,39.303428649902344,9.521276473999023,40.25510787963867,68.95210266113281,38.96970748901367,33.2465705871582,11.66592025756836,40.07221603393555,64.35414123535156,12.310139656066895,44.10883712768555,63.73713684082031,19.673940658569336,28.9215087890625,101.3208999633789,30.31389808654785,33.60856628417969,10.163799285888672,41.94685363769531,23.599098205566406,32.969669342041016,34.04298782348633,16.91103744506836,40.84162139892578,21.118642807006836,49.091583251953125,11.213532447814941,12.6280517578125,14.138382911682129,47.42414474487305,13.089338302612305
2011-03-01,10.423809051513672,16.98821449279785,33.15999984741211,31.369543075561523,19.72386932373047,26.123647689819336,22.592092514038086,12.325998306274414,35.67353439331055,45.45001983642578,94.96309661865234,56.851097106933594,36.46412658691406,59.39189910888672,10.213216781616211,21.96584129333496,46.781890869140625,15.765223503112793,32.30859375,76.51828002929688,47.72096633911133,28.077369689941406,43.847862243652344,35.82764434814453,19.843984603881836,11.034499168395996,6.690339088439941,23.22279930114746,57.60165023803711,23.499448776245117,45.196502685546875,72.5099868774414,36.788326263427734,33.393470764160156,28.351734161376953,42.9043083190918,28.275667190551758,38.5528678894043,37.94895553588867,7.411898612976074,40.639801025390625,62.1025390625,53.69780731201172,71.8219985961914,21.1202449798584,38.22278594970703,28.18438720703125,25.705238342285156,40.51181411743164,11.534674644470215,9.638121604919434,37.65630340576172,89.9763412475586,13.583446502685547,15.16964340209961,37.47024154663086,38.06581497192383,30.437055587768555,2.7476561069488525,36.4005012512207,20.667030334472656,24.58327293395996,50.29490280151367,19.870664596557617,4.807002067565918,18.656906127929688,50.19050979614258,26.88398551940918,17.524259567260742,49.24275588989258,10.067290306091309,19.014062881469727,19.185163497924805,19.361717224121094,11.184823036193848,8.890639305114746,38.7473258972168,15.251703262329102,46.37040710449219,48.850704193115234,31.046768188476562,26.997316360473633,64.2488784790039,17.799938201904297,40.22240447998047,10.050786972045898,39.329341888427734,73.20457458496094,39.78446578979492,35.81587219238281,11.764653205871582,36.877471923828125,69.43029022216797,13.791986465454102,45.74274444580078,63.62797164916992,19.673940658569336,29.45985984802246,101.33306121826172,30.587894439697266,31.984098434448242,10.135268211364746,41.88764953613281,22.903249740600586,35.09906005859375,35.084877014160156,16.193571090698242,40.61892318725586,20.804899215698242,50.793426513671875,11.564541816711426,12.733694076538086,14.26115894317627,46.647884368896484,13.020195960998535
2011-04-01,10.472259521484375,18.194929122924805,33.54999923706055,33.23421096801758,20.475997924804688,23.157413482666016,24.0565242767334,12.38123607635498,37.94275665283203,44.899818420410156,96.8603744506836,60.217529296875,39.75175857543945,64.09149169921875,9.408722877502441,23.244489669799805,50.49528503417969,16.761369705200195,33.551239013671875,79.63855743408203,49.60181427001953,29.536277770996094,43.93891906738281,35.39248275756836,20.306936264038086,11.272571563720703,6.697998046875,24.594871520996094,58.646575927734375,24.40367317199707,49.07564163208008,72.96651458740234,36.79685974121094,34.561771392822266,29.13278579711914,44.36753463745117,29.05616569519043,40.0968132019043,36.66207504272461,7.690284729003906,40.44033432006836,63.509910583496094,51.39845275878906,73.25483703613281,22.465761184692383,38.7136116027832,28.368547439575195,25.76766014099121,41.543087005615234,11.36574649810791,10.227927207946777,39.98427200317383,94.12004852294922,15.582594871520996,15.52149486541748,40.74154281616211,42.222530364990234,30.290119171142578,2.5490715503692627,36.84107208251953,21.015941619873047,25.869413375854492,49.57550811767578,19.81591796875,4.0985941886901855,19.99649429321289,51.65486526489258,28.688125610351562,18.103498458862305,51.196651458740234,10.380568504333496,20.707534790039062,18.399131774902344,19.765880584716797,11.03855037689209,9.124516487121582,41.60829544067383,16.585472106933594,47.03589630126953,52.665958404541016,31.68092155456543,29.09254264831543,70.27470397949219,18.17276954650879,43.02005386352539,10.37740421295166,41.779911041259766,72.92623901367188,39.59552001953125,35.61273956298828,12.755117416381836,38.39749526977539,63.913970947265625,13.51203727722168,48.10070037841797,61.233253479003906,20.40204429626465,30.259902954101562,104.26782989501953,31.68372917175293,31.402101516723633,10.928070068359375,44.563724517822266,23.631654739379883,38.22846603393555,36.91886901855469,15.819819450378418,40.26261520385742,19.09903907775879,51.28136444091797,12.302626609802246,13.450496673583984,14.523812294006348,48.78261947631836,12.335561752319336
2011-05-01,10.403468132019043,18.26835060119629,34.630001068115234,33.692745208740234,21.713886260986328,21.187362670898438,22.458656311035156,10.938177108764648,40.40553665161133,44.88261032104492,90.49111938476562,59.946441650390625,41.79279708862305,63.016685485839844,9.002647399902344,24.31479835510254,51.44126510620117,17.155044555664062,30.086584091186523,73.00715637207031,50.75979232788086,30.649797439575195,44.45613098144531,33.14921569824219,21.008222579956055,10.809309005737305,6.781766891479492,26.27210807800293,56.65378189086914,25.347951889038086,43.25695037841797,64.42007446289062,35.541847229003906,34.29839324951172,29.66204833984375,46.15031433105469,29.91180992126465,36.21845245361328,35.59994888305664,7.416871547698975,38.327293395996094,62.16229248046875,52.386627197265625,70.35331726074219,23.158714294433594,38.52897644042969,27.702335357666016,25.16421890258789,40.63268280029297,10.523947715759277,10.200106620788574,38.851200103759766,93.62651824951172,15.270782470703125,15.821134567260742,39.98126220703125,43.60615158081055,28.703598022460938,2.516822338104248,38.09029006958008,20.813457489013672,27.241670608520508,49.205726623535156,18.22309684753418,3.986607789993286,19.92874526977539,54.18643569946289,27.966638565063477,18.49786376953125,49.99920654296875,10.852407455444336,21.168346405029297,16.99896240234375,19.196949005126953,9.946398735046387,9.347107887268066,40.16006088256836,17.014612197875977,48.65288543701172,51.97832489013672,28.564096450805664,27.68482780456543,66.31489562988281,18.92408561706543,44.41263198852539,10.717692375183105,43.13179397583008,68.98333740234375,39.64632797241211,33.57904815673828,13.10852336883545,39.55739974975586,61.22076416015625,13.781312942504883,51.09642791748047,58.655845642089844,20.945556640625,31.943952560424805,103.09850311279297,31.152822494506836,31.831586837768555,10.844550132751465,43.71865463256836,23.478681564331055,38.01103973388672,37.6283073425293,15.685030937194824,36.295501708984375,18.68952751159668,50.16244125366211,11.64242935180664,13.598596572875977,14.768566131591797,46.5444221496582,12.482268333435059
2011-06-01,10.039764404296875,18.397716522216797,31.450000762939453,32.42742156982422,21.418312072753906,21.79696273803711,21.850311279296875,10.3269681930542,38.94388961791992,44.151065826416016,89.61235809326172,60.62611389160156,42.0256233215332,59.70553207397461,8.404513359069824,24.51495361328125,50.87521743774414,17.475994110107422,30.444828033447266,73.46257781982422,48.81098175048828,30.607776641845703,42.53862762451172,34.04111099243164,20.88730812072754,10.043647766113281,6.727031707763672,25.518360137939453,55.53594207763672,25.64008331298828,43.41041564941406,62.018592834472656,33.330604553222656,34.58919906616211,29.78861427307129,47.564456939697266,30.01327896118164,37.347171783447266,35.4483528137207,6.855140686035156,39.26248550415039,63.05931854248047,52.93577194213867,68.11479949951172,21.67380142211914,39.18199920654297,26.60611343383789,25.31143569946289,40.659942626953125,10.28304672241211,10.367034912109375,39.63197708129883,95.07856750488281,15.03335189819336,15.111659049987793,39.648555755615234,43.1071662902832,27.176815032958984,2.363828182220459,37.51844024658203,21.114748001098633,26.56911277770996,51.14491653442383,17.59653091430664,3.756690263748169,20.751564025878906,56.03385543823242,26.475528717041016,18.269351959228516,50.24818801879883,10.360010147094727,20.547632217407227,16.18982696533203,19.95684242248535,7.294025897979736,9.356880187988281,38.462501525878906,18.197444915771484,51.67830276489258,53.12693786621094,28.066579818725586,26.6250057220459,64.26360321044922,18.63567543029785,44.30255126953125,10.292984962463379,40.923709869384766,69.67433166503906,37.861549377441406,34.37026596069336,13.107151985168457,38.34212875366211,63.90941619873047,14.792712211608887,49.26604080200195,59.12113571166992,21.102331161499023,31.522729873657227,101.3592758178711,30.81602668762207,30.14777946472168,10.74432373046875,41.3901481628418,21.83583641052246,40.1859130859375,37.42397689819336,15.709815979003906,34.53853225708008,18.48529624938965,48.677921295166016,11.295341491699219,13.086365699768066,14.660858154296875,45.3790168762207,12.782245635986328
2011-07-01,11.679109573364258,18.10628318786621,27.709999084472656,31.694900512695312,20.952192306518555,21.33604621887207,19.839197158813477,9.77927017211914,36.5078125,41.539005279541016,89.95934295654297,56.281192779541016,40.676265716552734,56.9112663269043,7.4459686279296875,23.890689849853516,49.3637809753418,17.294954299926758,28.039377212524414,68.45787048339844,49.67123794555664,29.74058723449707,45.52360534667969,32.88129425048828,20.1494140625,10.314299583435059,6.30370569229126,24.76653480529785,56.17316818237305,25.73571014404297,42.047813415527344,59.0549430847168,32.97203826904297,30.849668502807617,29.42475700378418,42.182044982910156,29.65248680114746,32.59328842163086,33.03690719604492,6.069704055786133,39.48956298828125,57.76058578491211,48.40371322631836,64.68377685546875,21.92881202697754,42.04767608642578,24.140989303588867,24.409954071044922,36.23163986206055,9.93557071685791,10.117878913879395,39.34616470336914,100.78715515136719,15.148673057556152,15.050848960876465,34.95304870605469,41.986061096191406,27.016511917114258,2.325287342071533,36.84201431274414,21.340681076049805,27.11422348022461,47.83503723144531,16.390953063964844,3.4682364463806152,20.125017166137695,57.46925354003906,24.93102264404297,18.031991958618164,46.163719177246094,10.316861152648926,19.872215270996094,15.68843936920166,21.031442642211914,7.186761379241943,8.996999740600586,39.63126754760742,18.23181915283203,45.09091567993164,53.67288589477539,26.480077743530273,24.783790588378906,60.64393615722656,18.698490142822266,40.283050537109375,9.61844253540039,39.908966064453125,61.3513069152832,34.69184112548828,31.875499725341797,13.140121459960938,36.98505401611328,52.860076904296875,15.017471313476562,50.21990966796875,61.83771896362305,20.909378051757812,31.289569854736328,99.33163452148438,28.342002868652344,33.091217041015625,11.310893058776855,39.0859489440918,19.87228012084961,38.666664123535156,36.7357292175293,16.048521041870117,30.737783432006836,18.406251907348633,41.440895080566406,11.836767196655273,12.980475425720215,14.479866981506348,44.492408752441406,11.456132888793945
2011-08-01,11.510123252868652,18.526126861572266,25.239999771118164,30.79619789123535,22.240615844726562,18.83072853088379,18.935447692871094,9.050966262817383,37.17673873901367,40.339107513427734,74.94432067871094,51.929901123046875,40.40800476074219,54.36208724975586,6.272769927978516,22.991239547729492,48.04718017578125,17.952720642089844,22.70795249938965,63.05967330932617,47.891441345214844,31.710844039916992,44.321781158447266,31.090848922729492,19.430009841918945,10.1205415725708,5.660618305206299,24.466754913330078,53.80348205566406,26.1523380279541,34.30628967285156,60.79250717163086,29.07891082763672,29.515628814697266,30.339855194091797,45.219154357910156,32.0454216003418,31.147098541259766,29.814870834350586,5.527856349945068,35.12751770019531,52.3355598449707,45.51966857910156,58.9052619934082,22.25760841369629,34.160160064697266,23.640596389770508,23.499614715576172,32.859859466552734,7.353506565093994,9.64289379119873,41.139156341552734,95.6929931640625,13.789518356323242,13.909963607788086,32.66496276855469,43.020477294921875,25.08627700805664,2.1633400917053223,38.984012603759766,22.106319427490234,26.937654495239258,47.3416633605957,15.137701034545898,3.1526331901550293,20.468006134033203,60.487266540527344,24.2532901763916,17.713228225708008,44.25625228881836,10.665987014770508,19.272497177124023,12.339224815368652,20.546247482299805,5.763060569763184,9.329468727111816,44.627044677734375,17.52399444580078,41.09153366088867,48.27103042602539,24.566762924194336,22.749540328979492,53.57768630981445,19.48639678955078,40.85447311401367,9.589262962341309,41.33034896850586,57.323829650878906,32.03994369506836,29.208349227905273,13.601675987243652,34.89966583251953,47.584991455078125,14.518217086791992,46.77580642700195,53.628929138183594,21.871824264526367,31.879173278808594,93.87078857421875,24.27557373046875,33.41392517089844,11.213773727416992,35.775028228759766,17.507648468017578,37.02278518676758,33.21611404418945,14.293399810791016,31.649150848388672,17.270349502563477,37.85726547241211,10.157723426818848,13.193440437316895,14.884093284606934,41.54751968383789,10.191412925720215
2011-09-01,11.405138969421387,18.042774200439453,24.170000076293945,29.242685317993164,21.889419555664062,16.31798553466797,17.10181427001953,8.283395767211914,36.881473541259766,36.23871612548828,58.344120025634766,48.799560546875,36.49808120727539,49.19907760620117,4.698817729949951,23.189910888671875,43.515995025634766,18.93634605407715,18.7368106842041,51.168426513671875,45.20025634765625,31.25617218017578,42.17881393432617,28.921293258666992,19.734834671020508,10.010744094848633,4.816944599151611,22.886062622070312,50.40129470825195,27.241567611694336,27.350473403930664,48.857635498046875,25.749263763427734,23.91217613220215,32.0726432800293,41.38602828979492,32.50720977783203,27.640958786010742,24.643253326416016,4.807046890258789,22.705005645751953,45.07264709472656,40.41218566894531,55.495765686035156,22.598127365112305,23.497140884399414,19.899839401245117,23.140581130981445,30.179372787475586,6.375933647155762,9.4368314743042,41.552978515625,97.3406753540039,14.618401527404785,11.911850929260254,29.433401107788086,41.64094161987305,20.11711883544922,2.2577061653137207,40.441532135009766,21.344070434570312,26.549869537353516,46.35258102416992,14.689581871032715,3.222203254699707,19.721500396728516,58.75446319580078,22.98772430419922,17.10907745361328,38.28822708129883,10.681941986083984,19.26840591430664,9.52587890625,19.22541618347168,4.9146904945373535,8.885361671447754,45.07196044921875,17.35552406311035,39.24833297729492,43.520957946777344,21.779937744140625,23.292558670043945,44.411190032958984,19.253263473510742,39.25022888183594,8.932464599609375,41.005836486816406,49.28302001953125,30.79388427734375,26.9468994140625,13.607720375061035,32.98038864135742,41.55245590209961,14.018235206604004,47.294891357421875,41.004310607910156,22.405921936035156,31.038827896118164,87.35423278808594,22.10271453857422,31.713159561157227,11.38828182220459,34.842864990234375,17.80154800415039,36.05662536621094,29.4321346282959,14.572300910949707,24.900094985961914,15.960186958312988,30.13967514038086,9.160395622253418,12.873461723327637,15.051515579223633,40.76730728149414,8.60722541809082
2011-10-01,12.106818199157715,19.1806583404541,29.40999984741211,32.45534896850586,22.614843368530273,18.354949951171875,19.01485252380371,9.850521087646484,38.43161392211914,40.362998962402344,72.5633773803711,55.042476654052734,41.318973541259766,53.492103576660156,5.243943691253662,22.710750579833984,46.43012237548828,19.257230758666992,23.102874755859375,65.81966400146484,53.81516647338867,32.054752349853516,42.93708801269531,32.12498474121094,20.45200538635254,12.015144348144531,5.730279922485352,24.841259002685547,57.18389129638672,27.681550979614258,33.95062255859375,57.43061447143555,29.77899742126465,28.494478225708008,32.76255416870117,45.576290130615234,32.991790771484375,32.19760513305664,31.11296844482422,5.80623722076416,30.233041763305664,54.496097564697266,45.97617721557617,60.92866516113281,22.80446434020996,28.763206481933594,23.406660079956055,25.20329475402832,36.014564514160156,7.557396411895752,10.338132858276367,40.14310836791992,102.77355194091797,16.810468673706055,14.191752433776855,34.407386779785156,42.098594665527344,23.42052459716797,2.7773094177246094,39.7011604309082,21.58417320251465,26.68630599975586,48.43282699584961,16.073118209838867,3.6472485065460205,21.5115966796875,62.119712829589844,24.20810317993164,18.10852813720703,42.14424133300781,10.976781845092773,20.329050064086914,12.475425720214844,20.56943130493164,5.451016902923584,9.276835441589355,47.85002899169922,19.555667877197266,43.44626998901367,52.77146911621094,26.00650978088379,26.61178970336914,57.72829818725586,19.443666458129883,39.916011810302734,9.73072624206543,41.870147705078125,63.66276931762695,34.5576286315918,32.95332717895508,14.003460884094238,34.994606018066406,50.19683837890625,15.92417049407959,49.97464370727539,50.43671798706055,22.8448486328125,32.17440414428711,96.88867950439453,27.75897789001465,35.40570068359375,12.098639488220215,41.721343994140625,20.64008331298828,37.518577575683594,35.882904052734375,15.84134578704834,28.270112991333008,17.144630432128906,30.683168411254883,11.331940650939941,14.069038391113281,15.758666038513184,43.832008361816406,10.10145092010498
2011-11-01,11.4314603805542,19.422773361206055,27.420000076293945,31.686288833618164,23.118423461914062,17.329030990600586,19.505538940429688,8.681049346923828,39.05183410644531,39.80023193359375,72.4250259399414,53.5152587890625,39.213035583496094,56.206146240234375,4.18496561050415,21.33934783935547,43.788997650146484,19.94607925415039,20.10382843017578,68.20274353027344,51.86094665527344,32.45558547973633,41.66704177856445,32.895267486572266,20.052196502685547,12.086468696594238,5.635091304779053,26.557510375976562,56.41246795654297,27.968814849853516,33.74362564086914,59.965431213378906,30.607135772705078,28.385034561157227,33.8618049621582,48.26819610595703,34.21970748901367,35.23801040649414,31.41130256652832,5.2693610191345215,29.737409591674805,55.32854080200195,47.31554412841797,58.01167297363281,23.644906997680664,28.408098220825195,22.022926330566406,27.827354431152344,37.472496032714844,7.937964916229248,10.56264877319336,40.70832824707031,105.07008361816406,17.215517044067383,14.684061050415039,32.15033721923828,42.707054138183594,20.86690902709961,2.7389705181121826,40.70351791381836,21.394100189208984,27.53833770751953,50.51622772216797,18.35944938659668,3.458904266357422,22.130542755126953,64.38674926757812,25.38575553894043,18.160741806030273,43.5269775390625,11.430991172790527,21.065610885620117,10.459833145141602,19.90716552734375,5.841071605682373,9.21155071258545,49.31780242919922,19.52117156982422,43.33296585083008,54.1975212097168,27.14231300354004,25.45863914489746,61.4302864074707,19.00516700744629,40.91278839111328,10.242024421691895,42.249671936035156,64.91246795654297,34.879337310791016,33.68029022216797,14.313373565673828,37.30890655517578,55.99302291870117,16.40913200378418,49.601219177246094,51.90106964111328,23.47715950012207,32.51184844970703,96.49494934082031,27.250389099121094,34.27376174926758,12.707188606262207,40.21980667114258,20.216936111450195,38.12837219238281,37.50322341918945,16.04562759399414,29.3182315826416,17.194841384887695,29.906139373779297,12.1486234664917,14.609769821166992,16.026905059814453,45.42009735107422,10.064400672912598
2011-12-01,12.113401412963867,20.020944595336914,28.270000457763672,33.752986907958984,24.068092346191406,17.24725914001465,19.956960678100586,8.624678611755371,43.300254821777344,40.51884841918945,65.9720230102539,54.80949020385742,38.50287628173828,60.01923370361328,4.277279853820801,20.572181701660156,44.617794036865234,21.482271194458008,19.24787712097168,63.130035400390625,52.3010139465332,32.7712516784668,42.6933479309082,33.61017990112305,20.624990463256836,11.723359107971191,5.466372013092041,27.88401222229004,58.376644134521484,28.759876251220703,35.3285026550293,58.835296630859375,32.553462982177734,29.975465774536133,35.72948455810547,49.117671966552734,35.722808837890625,31.42083168029785,30.44610023498535,5.34889554977417,27.627246856689453,55.70271301269531,47.56624984741211,65.93781280517578,23.91715431213379,26.64031219482422,19.612146377563477,29.82819366455078,37.61089324951172,7.347593307495117,10.274993896484375,43.60195541381836,102.76752471923828,16.759380340576172,15.304519653320312,33.29932403564453,43.27455139160156,22.40312957763672,2.8667104244232178,42.31220626831055,22.266033172607422,30.237613677978516,52.293827056884766,19.40702247619629,3.140756845474243,21.323978424072266,67.62899017333984,26.65399742126465,18.91771697998047,43.8975830078125,11.975476264953613,22.481300354003906,10.700298309326172,20.202896118164062,6.133613109588623,10.115422248840332,43.194820404052734,19.633220672607422,44.403564453125,52.27471923828125,27.486406326293945,20.829801559448242,58.47726058959961,19.247758865356445,42.415042877197266,11.043220520019531,43.64990997314453,59.791961669921875,37.10552978515625,32.04520797729492,14.194127082824707,37.24082946777344,54.75421905517578,17.363935470581055,51.0308837890625,47.06439208984375,24.749683380126953,34.240234375,97.50315856933594,27.828279495239258,33.311222076416016,13.294148445129395,42.62339782714844,19.551998138427734,39.7559700012207,38.42079162597656,16.822147369384766,35.563262939453125,18.325206756591797,28.92470359802246,12.524545669555664,14.915705680847168,17.01106834411621,47.85935974121094,9.881845474243164
2012-01-01,13.65314769744873,19.44671058654785,30.950000762939453,34.23418426513672,23.04850196838379,18.667179107666016,21.005409240722656,9.888983726501465,45.80884552001953,42.061134338378906,72.13050079345703,56.636688232421875,41.07997131347656,60.6983642578125,5.4850754737854,23.0667781829834,46.82121658325195,19.84620475769043,22.474145889282227,76.37464904785156,52.26231384277344,32.38767623901367,44.42546463012695,31.460811614990234,19.66943359375,12.783795356750488,5.853120803833008,28.655641555786133,56.57706069946289,27.11273193359375,41.163352966308594,65.52888488769531,33.76879119873047,32.74320983886719,34.608882904052734,51.352230072021484,33.954803466796875,34.651268005371094,34.2929573059082,6.198327541351318,34.91615676879883,61.02548599243164,49.86394500732422,68.88312530517578,23.751794815063477,28.392658233642578,21.654722213745117,31.495553970336914,40.16440200805664,7.980810165405273,10.148123741149902,43.10792922973633,107.64100646972656,18.259082794189453,16.100767135620117,37.80482482910156,43.492305755615234,25.312835693359375,3.036634683609009,41.16179656982422,21.48956298828125,28.913433074951172,53.21173858642578,20.624618530273438,3.613311767578125,23.81279945373535,66.76620483398438,27.046855926513672,18.962739944458008,46.572364807128906,11.470608711242676,22.821205139160156,13.226061820983887,22.981189727783203,7.411043167114258,9.944287300109863,44.252925872802734,21.185619354248047,44.07707214355469,51.80118942260742,30.90397834777832,22.959877014160156,62.26549530029297,17.690916061401367,41.980342864990234,10.920744895935059,41.57797622680664,63.26576614379883,38.126251220703125,34.38267135620117,13.407702445983887,40.045806884765625,58.11246871948242,18.08476448059082,51.42911148071289,51.790828704833984,24.359376907348633,35.02447509765625,102.02484893798828,27.048181533813477,33.04456329345703,14.033514022827148,41.99668502807617,21.863168716430664,40.626708984375,41.456298828125,17.54975700378418,39.63926315307617,19.422332763671875,33.1125373840332,13.40956974029541,15.315061569213867,16.371009826660156,47.283424377441406,9.621143341064453
2012-02-01,16.224178314208984,20.33016014099121,32.88999938964844,33.946712493896484,22.173715591430664,21.722625732421875,22.883878707885742,9.925955772399902,46.109249114990234,40.654178619384766,78.73229217529297,58.05856704711914,43.33308410644531,61.68938446044922,6.1388421058654785,24.168560028076172,45.513492584228516,19.803117752075195,24.383970260620117,79.93720245361328,53.846710205078125,33.26593017578125,43.7460823059082,35.627655029296875,20.674625396728516,12.933425903320312,5.483775615692139,30.9549617767334,60.32782745361328,27.630380630493164,41.163352966308594,63.079647064208984,36.45119857788086,33.217552185058594,34.37519454956055,50.97838592529297,33.80541229248047,34.194610595703125,36.78369903564453,6.1783671379089355,32.15821838378906,60.0250129699707,52.79838180541992,70.75520324707031,22.845367431640625,28.245990753173828,21.909046173095703,33.751827239990234,41.48320007324219,7.219239711761475,10.038816452026367,43.109703063964844,110.37733459472656,18.725448608398438,18.325437545776367,39.70112991333008,43.32392120361328,26.62938117980957,2.8955726623535156,41.92106246948242,22.23103141784668,28.910011291503906,57.79471206665039,21.81613540649414,3.5378057956695557,25.15936851501465,67.39128112792969,26.731292724609375,18.928977966308594,47.36800003051758,12.157227516174316,22.76156997680664,13.148045539855957,24.863691329956055,8.337423324584961,9.986868858337402,42.77734375,21.98626708984375,45.79475784301758,49.75746154785156,30.237119674682617,23.806325912475586,65.1362533569336,17.947471618652344,40.56510543823242,10.894964218139648,44.59872055053711,70.73953247070312,38.5145149230957,35.24558639526367,13.774375915527344,42.479061126708984,60.00672149658203,18.391000747680664,49.46973419189453,53.66099166870117,23.8757381439209,35.634334564208984,106.45325469970703,29.153764724731445,37.080848693847656,15.121603012084961,41.75896453857422,22.51813316345215,43.73314666748047,40.19804382324219,18.28359031677246,40.280635833740234,20.891185760498047,46.370643615722656,13.902772903442383,14.745981216430664,16.303302764892578,49.10917663574219,10.217033386230469
2012-03-01,17.93231964111328,22.010866165161133,34.310001373291016,34.7451286315918,22.7455997467041,22.91952133178711,24.13768768310547,10.0880126953125,46.082115173339844,42.6082878112793,73.26848602294922,59.47997283935547,47.405029296875,61.21197509765625,7.371230125427246,25.00028419494629,46.645633697509766,20.775728225708008,26.747724533081055,74.55484771728516,55.31957244873047,34.90816116333008,44.483707427978516,35.3763313293457,21.00347900390625,13.759652137756348,5.616889953613281,30.749055862426758,59.27186965942383,28.035499572753906,42.85614776611328,61.88102722167969,38.00507736206055,32.657169342041016,34.523094177246094,52.614830017089844,33.99159622192383,35.465614318847656,35.120361328125,6.228272914886475,28.742918014526367,61.42797088623047,52.906532287597656,74.54365539550781,23.52518081665039,25.685441970825195,22.777477264404297,35.91570281982422,42.51384735107422,6.830997467041016,10.40905475616455,43.55714416503906,117.06517791748047,19.58926773071289,18.299365997314453,40.97578811645508,43.90975570678711,31.20333480834961,3.256397247314453,42.93970489501953,23.724123001098633,29.668867111206055,58.74259948730469,24.122268676757812,3.7855350971221924,26.105562210083008,66.59030151367188,27.481618881225586,20.422285079956055,48.23856735229492,12.638457298278809,23.15395736694336,13.928139686584473,25.271034240722656,7.8986101150512695,10.250347137451172,37.13698959350586,22.166149139404297,46.76713943481445,47.5403938293457,30.086870193481445,23.73306655883789,59.75145721435547,18.057697296142578,42.76285171508789,11.678699493408203,44.32830047607422,66.5964584350586,41.730525970458984,37.003055572509766,13.81045150756836,46.49604415893555,59.7966423034668,21.167068481445312,53.43674850463867,48.350894927978516,24.275562286376953,37.11209487915039,109.87724304199219,31.57791519165039,38.11431884765625,16.402048110961914,42.95402526855469,22.693683624267578,46.371116638183594,39.18805694580078,19.82347869873047,38.626365661621094,22.86121940612793,47.16220474243164,14.461507797241211,15.377366065979004,16.4540958404541,49.23976135253906,10.08261489868164
2012-04-01,17.466625213623047,22.47801971435547,33.54999923706055,35.0158576965332,22.898874282836914,25.298446655273438,24.438316345214844,9.71528434753418,48.210968017578125,45.12514114379883,70.114990234375,55.391517639160156,49.50105285644531,63.21206283569336,6.246676445007324,23.172731399536133,47.12620544433594,20.749980926513672,24.179065704345703,72.23442077636719,57.41294479370117,35.5467414855957,45.74797058105469,33.33780288696289,21.171823501586914,13.165288925170898,5.817866325378418,30.74043846130371,58.912513732910156,28.572011947631836,41.915897369384766,62.997745513916016,37.423458099365234,32.51189041137695,35.21323013305664,54.29419708251953,34.590911865234375,35.71028137207031,33.95745849609375,5.653770923614502,29.188791275024414,58.943077087402344,49.026954650878906,72.72373962402344,23.370840072631836,26.48255729675293,23.01695442199707,36.97224426269531,42.24225616455078,7.097584247589111,10.3014554977417,47.59111785888672,116.18433380126953,19.784320831298828,17.366151809692383,41.16230010986328,43.3372688293457,29.358366012573242,3.1193673610687256,45.601287841796875,24.464609146118164,30.494028091430664,59.187103271484375,24.2989444732666,3.5352604389190674,26.05902671813965,66.14905548095703,26.953044891357422,21.09673309326172,48.31968688964844,13.187066078186035,23.660451889038086,12.2903413772583,25.08303451538086,6.426154136657715,10.799114227294922,34.51484298706055,22.867277145385742,48.45163345336914,52.66779708862305,27.466962814331055,23.977067947387695,57.235408782958984,18.376258850097656,42.537288665771484,11.807604789733887,42.32875442504883,69.06970977783203,43.1871223449707,40.64928436279297,13.365742683410645,43.60626983642578,58.0260009765625,21.727596282958984,52.30049133300781,51.26176452636719,24.821260452270508,37.6480598449707,109.14369201660156,32.07761001586914,37.89846420288086,17.228139877319336,46.66896438598633,21.681379318237305,44.176082611083984,40.996524810791016,20.130094528198242,38.698692321777344,22.379093170166016,39.28343200683594,15.972907066345215,14.801971435546875,16.820852279663086,49.01832962036133,9.708260536193848
2012-05-01,17.279687881469727,22.38022232055664,31.049999237060547,32.83129119873047,22.984771728515625,21.692882537841797,25.04645347595215,8.441487312316895,47.37392807006836,40.508087158203125,59.4742431640625,51.21237564086914,45.90009307861328,57.63047790527344,5.668911457061768,21.169530868530273,43.93040084838867,20.7313289642334,19.40627098083496,61.58588409423828,54.662078857421875,35.31681823730469,44.89958190917969,32.2520637512207,19.83879852294922,10.664146423339844,5.488410949707031,30.96088409423828,54.840599060058594,28.790395736694336,38.42702102661133,56.50370407104492,39.68049621582031,29.507707595825195,36.53832244873047,53.885009765625,35.47929763793945,32.0493278503418,30.308732986450195,5.292893409729004,24.41798210144043,59.54425048828125,46.492095947265625,70.9037857055664,23.00425910949707,23.263166427612305,22.18999671936035,35.431053161621094,39.013553619384766,6.501344680786133,10.602768898010254,47.751834869384766,108.68183898925781,18.131433486938477,15.358455657958984,40.279937744140625,41.96442413330078,22.64378547668457,2.761707305908203,46.11267852783203,23.954927444458008,30.52815055847168,54.78218460083008,20.631319046020508,3.1645114421844482,24.38622283935547,61.1187744140625,25.993452072143555,21.266530990600586,45.95916748046875,13.17888069152832,22.659530639648438,9.502254486083984,23.01618194580078,5.694801330566406,11.067143440246582,34.15993118286133,22.18654441833496,45.405704498291016,47.61728286743164,25.05020523071289,21.587520599365234,49.737449645996094,18.39986801147461,44.07161331176758,11.388263702392578,41.43084716796875,64.69622039794922,39.99626541137695,40.175758361816406,13.375516891479492,39.32040023803711,54.70198059082031,20.852155685424805,50.60307693481445,43.911800384521484,25.07271385192871,33.40461730957031,102.5890121459961,28.600555419921875,38.084957122802734,17.586671829223633,45.341182708740234,19.332672119140625,43.87712097167969,40.83633041381836,19.466812133789062,31.32233428955078,21.601110458374023,38.28430938720703,14.330086708068848,16.650436401367188,17.417604446411133,44.948631286621094,9.009465217590332
2012-06-01,17.467226028442383,23.350915908813477,32.369998931884766,35.31024169921875,23.814401626586914,23.856225967407227,25.895109176635742,9.356727600097656,49.68400955200195,40.75200653076172,64.23188018798828,52.74464797973633,47.85677719116211,61.513336181640625,6.309072971343994,22.376827239990234,45.18364334106445,22.354263305664062,20.06510353088379,59.68110275268555,56.02239227294922,37.40061569213867,47.288143157958984,34.552268981933594,20.890193939208984,11.212702751159668,5.874621391296387,32.194095611572266,58.85142135620117,29.86324691772461,39.37367630004883,62.234745025634766,42.10247039794922,27.968666076660156,38.333648681640625,58.59547805786133,36.554962158203125,31.919124603271484,28.156003952026367,4.806706428527832,25.965072631835938,61.293758392333984,47.908416748046875,78.28221130371094,23.160497665405273,22.03694725036621,21.218952178955078,38.05210494995117,39.13970947265625,5.798947811126709,10.783557891845703,51.44427490234375,110.19181060791016,18.699790954589844,15.20591926574707,38.2064094543457,45.4127082824707,24.406116485595703,2.9677956104278564,49.14011764526367,25.235183715820312,31.989336013793945,57.613948822021484,21.959386825561523,3.2018396854400635,25.41243553161621,60.56463623046875,27.326995849609375,22.885284423828125,48.784996032714844,14.320720672607422,25.449026107788086,10.377090454101562,24.120071411132812,6.1531171798706055,11.654884338378906,35.382080078125,18.002721786499023,49.3009147644043,52.1595344543457,26.817474365234375,24.221738815307617,54.17620849609375,19.392539978027344,45.89683151245117,11.976688385009766,40.73910903930664,60.84962463378906,39.79439926147461,41.2166633605957,13.77015495300293,38.20207214355469,49.83606719970703,20.255720138549805,49.915672302246094,45.06426239013672,25.285701751708984,34.652099609375,106.75215911865234,31.15497589111328,38.26910400390625,17.781335830688477,46.67382049560547,19.475221633911133,46.19507598876953,43.735939025878906,20.249956130981445,35.90717697143555,22.537939071655273,37.83885192871094,13.667390823364258,17.637006759643555,17.825878143310547,48.915855407714844,9.876522064208984
2012-07-01,18.267602920532227,24.205339431762695,30.8799991607666,35.87485122680664,25.211030960083008,23.24662208557129,25.312122344970703,8.899107933044434,56.287200927734375,42.9979362487793,63.063480377197266,52.548622131347656,47.6069450378418,61.19046401977539,5.661198616027832,24.633447647094727,45.763938903808594,22.347396850585938,19.860126495361328,59.56724166870117,55.92563247680664,38.799617767333984,47.87248611450195,34.057823181152344,20.902542114257812,10.464749336242676,6.027006149291992,31.27935028076172,61.12738800048828,30.034692764282227,35.97378921508789,59.11799621582031,42.658058166503906,28.417341232299805,37.55788040161133,55.96195602416992,37.91275405883789,32.73458480834961,31.147096633911133,4.631279468536377,25.905263900756836,60.417240142822266,46.436588287353516,77.94407653808594,23.454912185668945,25.71624183654785,22.665616989135742,37.470458984375,40.688758850097656,5.259711742401123,9.945592880249023,51.2371711730957,110.41719055175781,18.033205032348633,17.257217407226562,39.25383758544922,46.528533935546875,24.795581817626953,3.067826271057129,50.98207092285156,26.077543258666992,32.82429504394531,59.06288528442383,19.71123695373535,2.919325828552246,27.551027297973633,61.13246536254883,27.99970054626465,23.08810043334961,49.672508239746094,14.909299850463867,26.924161911010742,9.75314712524414,23.236955642700195,6.055601596832275,12.008885383605957,32.4354133605957,19.145063400268555,51.163509368896484,53.816558837890625,27.737327575683594,24.68048858642578,54.97209930419922,19.834095001220703,47.24139404296875,12.518242835998535,43.29975128173828,63.57233428955078,38.742286682128906,42.51390838623047,14.309867858886719,40.946468353271484,50.81679916381836,17.201398849487305,50.7617073059082,49.47281265258789,26.29604148864746,36.161376953125,108.01499938964844,28.181854248046875,39.88694763183594,18.340503692626953,45.80379867553711,18.607879638671875,40.343692779541016,44.94562530517578,21.09370231628418,35.03007507324219,22.787302017211914,41.798458099365234,15.07586669921875,18.828495025634766,18.384305953979492,49.647579193115234,8.69686222076416
2012-08-01,19.982513427734375,23.924266815185547,31.270000457763672,36.845481872558594,25.948354721069336,25.5214786529541,27.673616409301758,9.625221252441406,57.43817138671875,45.40999984741211,62.79254150390625,53.95333480834961,48.09366989135742,59.466922760009766,6.162529945373535,24.70502281188965,45.92714309692383,20.721567153930664,21.756906509399414,60.3594970703125,56.10064697265625,38.42015075683594,47.898834228515625,35.52798843383789,22.184099197387695,12.518338203430176,5.9375152587890625,31.48672103881836,63.067481994628906,29.309507369995117,36.63625717163086,57.802040100097656,42.94452667236328,30.343704223632812,36.302738189697266,54.74782943725586,35.97285461425781,35.026493072509766,32.051475524902344,4.706872940063477,27.78257179260254,58.63084411621094,47.951786041259766,77.79386901855469,23.836740493774414,25.49898338317871,23.734989166259766,40.961788177490234,41.232154846191406,4.867542743682861,10.234230041503906,51.564674377441406,110.24921417236328,17.57535743713379,18.324199676513672,42.829593658447266,45.73719787597656,25.58077621459961,3.1154842376708984,49.04038619995117,24.141082763671875,33.860870361328125,60.96335983276367,22.127553939819336,2.895569086074829,27.768993377685547,61.70322036743164,28.880470275878906,23.300466537475586,50.739601135253906,14.076167106628418,26.241453170776367,10.709895133972168,24.462417602539062,6.055601596832275,11.501727104187012,36.964839935302734,20.040578842163086,52.116241455078125,53.01533126831055,26.640579223632812,25.8654727935791,53.69618225097656,18.89132308959961,47.0465202331543,12.539264678955078,45.077632904052734,63.622249603271484,40.748226165771484,42.95869064331055,14.522783279418945,42.167724609375,54.72844696044922,18.91957664489746,56.54459762573242,50.43687438964844,25.011873245239258,39.63050079345703,110.7210693359375,29.03330421447754,42.392154693603516,19.014259338378906,47.33180236816406,19.837480545043945,42.87848663330078,44.73405838012695,21.037031173706055,35.20155334472656,23.085134506225586,47.00376510620117,15.45334243774414,18.464881896972656,17.49959945678711,50.2291374206543,9.249043464660645
2012-09-01,20.038381576538086,25.026660919189453,32.439998626708984,37.46492004394531,26.521760940551758,24.376615524291992,29.403213500976562,9.19706916809082,57.6914176940918,45.69840621948242,63.31974792480469,54.450687408447266,46.905765533447266,57.96774673461914,6.8189287185668945,25.569787979125977,47.767337799072266,21.18608856201172,23.96116828918457,60.86168670654297,57.899051666259766,38.74903106689453,47.43794631958008,35.77197265625,21.98208236694336,12.531454086303711,5.485461235046387,33.47063446044922,65.54161834716797,29.566415786743164,36.59183883666992,63.82563400268555,45.38385772705078,31.22551727294922,36.3083381652832,55.58604049682617,35.53965377807617,33.33456802368164,33.879085540771484,4.968925476074219,30.452342987060547,56.70945358276367,48.39828872680664,85.9580307006836,24.151884078979492,26.222858428955078,24.15261459350586,43.574684143066406,42.14922332763672,4.957007884979248,10.419530868530273,50.896949768066406,117.37850952148438,16.039379119873047,19.257375717163086,43.234596252441406,46.741065979003906,27.88125228881836,2.8968968391418457,50.76788330078125,24.649620056152344,35.74579620361328,62.46164321899414,23.494979858398438,2.696197271347046,28.029781341552734,63.261474609375,30.627788543701172,23.528017044067383,50.640960693359375,14.019275665283203,27.752805709838867,11.952241897583008,23.62107276916504,5.8313212394714355,12.017773628234863,41.143856048583984,19.536266326904297,51.75782012939453,46.55485916137695,27.332000732421875,25.7101993560791,54.71688461303711,19.419212341308594,46.312049865722656,13.05954647064209,46.533485412597656,66.48599243164062,41.364437103271484,44.84070587158203,14.56100082397461,43.037635803222656,52.8221321105957,19.339080810546875,57.44961929321289,50.402015686035156,25.43122100830078,42.25448226928711,113.52789306640625,29.45404624938965,41.9820556640625,18.59900665283203,50.26361846923828,18.82648277282715,43.932254791259766,43.72473907470703,21.721569061279297,42.78093719482422,23.424320220947266,51.64434051513672,16.746301651000977,18.770090103149414,17.556867599487305,52.61688232421875,9.265825271606445
2012-10-01,17.882247924804688,24.084205627441406,34.029998779296875,36.90926742553711,26.823556900024414,25.96752166748047,29.677867889404297,8.727745056152344,59.19717788696289,47.28791427612305,60.69002914428711,51.04667663574219,46.3336296081543,58.66737365722656,7.197328567504883,26.571025848388672,46.01619338989258,21.08336639404297,27.38102912902832,60.35393524169922,60.23491287231445,38.146080017089844,48.01231002807617,36.613277435302734,22.450300216674805,11.335418701171875,5.411438465118408,32.186771392822266,61.98783874511719,29.47706413269043,37.02144241333008,66.12419128417969,42.64069366455078,30.558902740478516,36.81270980834961,59.694305419921875,35.8304443359375,33.445068359375,34.12125778198242,5.651333332061768,30.148391723632812,61.64857864379883,50.21348571777344,79.71269989013672,24.491748809814453,25.133159637451172,23.00098991394043,44.303688049316406,43.200294494628906,4.024302005767822,10.576379776000977,49.432315826416016,110.06820678710938,15.310310363769531,18.997568130493164,44.58680725097656,48.03660583496094,28.91979217529297,2.826462745666504,49.38890838623047,24.162208557128906,36.6656494140625,62.65564727783203,25.281579971313477,3.003316879272461,29.06498908996582,59.84844970703125,29.710655212402344,23.4843692779541,47.9998779296875,13.351696968078613,28.07895851135254,12.445713996887207,22.65273094177246,5.294995307922363,11.971635818481445,40.08625030517578,18.809656143188477,53.5186767578125,45.24712371826172,28.667879104614258,25.4494686126709,50.202728271484375,19.334726333618164,45.310813903808594,13.070056915283203,46.83441925048828,62.572235107421875,38.38872146606445,45.715354919433594,14.821636199951172,40.37835693359375,53.96895217895508,17.504709243774414,56.990447998046875,48.45088195800781,25.845054626464844,42.78856658935547,111.4619369506836,31.28614616394043,42.16725158691406,17.286828994750977,52.237056732177734,19.32888412475586,44.40003204345703,45.31974792480469,21.031299591064453,41.578006744384766,22.85448455810547,60.844505310058594,16.755878448486328,19.08038330078125,17.899009704589844,52.45575714111328,8.12968921661377
2012-11-01,17.660974502563477,23.900365829467773,34.61000061035156,36.2386589050293,26.025493621826172,24.62938117980957,30.21347427368164,8.913822174072266,61.03518295288086,49.78599166870117,56.55937957763672,54.60868835449219,46.27566146850586,62.245853424072266,7.614340782165527,28.115312576293945,46.61814880371094,20.690231323242188,25.32271385192871,60.659942626953125,60.67912673950195,39.43262481689453,50.701786041259766,36.03733825683594,23.39234161376953,12.591188430786133,5.260549068450928,32.26306915283203,59.94186019897461,28.84515380859375,38.14599609375,65.04843139648438,43.109466552734375,33.564937591552734,36.21149826049805,61.821380615234375,33.46551513671875,34.975433349609375,37.6909065246582,5.7981858253479,30.249208450317383,60.097652435302734,49.04811477661133,79.97769165039062,25.047822952270508,25.95821762084961,24.579545974731445,47.17866897583008,43.56484603881836,3.7744174003601074,11.106449127197266,52.91183090209961,108.01532745361328,13.994928359985352,19.86409568786621,44.761287689208984,47.715538024902344,28.503477096557617,2.7855756282806396,50.732383728027344,24.812198638916016,37.35371398925781,63.183624267578125,28.178272247314453,2.9795615673065186,29.893199920654297,60.55282974243164,30.089359283447266,24.604841232299805,50.16593933105469,14.195618629455566,27.260517120361328,12.080510139465332,21.302413940429688,5.821569442749023,11.84575366973877,34.58523941040039,20.065282821655273,52.4111213684082,44.5317268371582,29.41797637939453,26.350187301635742,47.8184814453125,18.157983779907227,45.94557571411133,13.267004013061523,47.23351287841797,65.6833267211914,37.02995681762695,48.75627899169922,14.711368560791016,43.82988739013672,60.54738998413086,19.8637752532959,59.2208366394043,50.10206604003906,24.283750534057617,41.31173324584961,112.09278106689453,31.194896697998047,41.99906921386719,18.46271514892578,52.148685455322266,20.278467178344727,43.123531341552734,45.4843864440918,20.429676055908203,47.80154800415039,22.537668228149414,63.764617919921875,15.726300239562988,18.317365646362305,17.13869857788086,51.02992630004883,8.596766471862793
2012-12-01,16.058368682861328,24.084205627441406,37.68000030517578,36.634620666503906,26.04380989074707,26.242595672607422,29.982093811035156,9.503647804260254,59.248104095458984,48.74293518066406,57.5938720703125,55.74045944213867,47.583641052246094,63.1508903503418,8.974827766418457,28.477256774902344,47.84843063354492,20.664865493774414,28.9779109954834,64.13713836669922,61.48814392089844,37.99341583251953,48.62324523925781,36.701900482177734,22.567705154418945,13.083914756774902,5.252563953399658,33.53943634033203,61.33134078979492,29.234586715698242,41.25704574584961,67.24015045166016,43.88605880737305,34.68394470214844,36.200138092041016,61.86831283569336,33.315555572509766,36.87635040283203,39.150550842285156,6.557772159576416,26.519428253173828,61.567691802978516,51.47726058959961,80.17279815673828,24.69950294494629,27.074872970581055,23.16425895690918,44.84402084350586,45.0849494934082,4.18010950088501,11.178079605102539,52.15358352661133,108.85638427734375,14.745802879333496,21.30816650390625,44.48117446899414,47.96870803833008,30.508708953857422,2.925865888595581,50.403564453125,23.719470977783203,37.56700897216797,62.4996452331543,27.733226776123047,3.065249443054199,29.183916091918945,61.36677169799805,29.490373611450195,24.342716217041016,51.213932037353516,13.380809783935547,25.43454933166504,13.691716194152832,21.374439239501953,6.182369709014893,11.92850399017334,34.37118911743164,21.33441734313965,53.102596282958984,45.6085205078125,31.09332847595215,27.436378479003906,49.064266204833984,18.688989639282227,45.12763595581055,13.298818588256836,45.9212760925293,68.01000213623047,38.461273193359375,53.10342788696289,14.528681755065918,42.785911560058594,64.17689514160156,20.537769317626953,57.734622955322266,48.479095458984375,23.871124267578125,44.5525016784668,113.09427642822266,33.17079162597656,39.36457061767578,17.67572593688965,53.21583557128906,21.255577087402344,43.176021575927734,46.57353591918945,20.35004425048828,47.08686828613281,23.33648681640625,63.70824432373047,15.838068008422852,17.449724197387695,17.09288215637207,50.109405517578125,8.663379669189453
2013-01-01,13.744522094726562,26.071996688842773,37.83000183105469,38.15328598022461,27.636455535888672,28.123435974121094,32.76608657836914,10.724834442138672,58.739471435546875,50.74906539916992,61.582550048828125,58.00273132324219,48.854652404785156,61.90229034423828,8.750653266906738,28.981355667114258,51.42835235595703,23.164649963378906,30.889789581298828,70.42132568359375,65.74920654296875,39.24516296386719,52.50676727294922,36.70822525024414,23.74492645263672,13.69649600982666,5.864871501922607,35.670448303222656,65.30704498291016,30.538291931152344,41.091156005859375,73.18453216552734,47.491065979003906,36.51552200317383,39.00310134887695,62.298526763916016,34.119354248046875,39.86349105834961,41.15217208862305,6.606062889099121,27.576074600219727,68.09905242919922,49.270111083984375,85.1000747680664,25.833269119262695,31.749950408935547,24.112762451171875,48.5200080871582,48.4732666015625,4.843058109283447,12.457342147827148,57.374725341796875,115.40312957763672,15.046160697937012,22.15322494506836,45.95875930786133,50.582698822021484,32.87005615234375,3.3638885021209717,53.436256408691406,24.367252349853516,40.895626068115234,58.82915496826172,29.94740867614746,3.4902939796447754,29.988834381103516,66.29226684570312,33.501991271972656,23.890573501586914,55.461063385009766,14.334151268005371,26.869674682617188,16.362747192382812,21.96662139892578,7.372036933898926,12.421576499938965,31.795562744140625,22.347394943237305,51.10674285888672,51.154930114746094,33.14651107788086,29.239667892456055,56.53183364868164,19.043222427368164,48.042476654052734,14.591811180114746,51.25095748901367,74.33448791503906,41.031734466552734,54.09212875366211,15.371068000793457,45.663185119628906,68.15019989013672,21.4913330078125,59.33464050292969,54.60019302368164,24.937334060668945,46.87507247924805,118.88365173339844,39.26726531982422,40.189517974853516,18.812475204467773,58.135799407958984,22.908132553100586,43.94815444946289,48.699928283691406,21.089111328125,51.16683578491211,23.95004653930664,72.24237060546875,16.955533981323242,17.889617919921875,17.777624130249023,52.08946990966797,10.175023078918457
2013-02-01,13.396974563598633,26.002742767333984,39.310001373291016,39.48534393310547,28.854154586791992,28.257251739501953,34.53879165649414,11.463704109191895,63.26805114746094,53.693458557128906,54.60526657104492,57.27960205078125,51.62925720214844,64.8553237915039,8.688886642456055,28.87883186340332,53.88837432861328,23.696651458740234,30.75058364868164,66.11257934570312,65.79540252685547,41.82568359375,56.25677490234375,37.094295501708984,26.6232967376709,13.889592170715332,6.145860195159912,35.614707946777344,66.95862579345703,31.927614212036133,40.47861099243164,68.33718872070312,48.11687469482422,38.90732955932617,39.729793548583984,65.8695297241211,35.77602005004883,39.7612190246582,44.77962875366211,6.43262243270874,24.971012115478516,70.77066802978516,50.511165618896484,89.4161605834961,28.488046646118164,32.39775085449219,25.822664260864258,49.665592193603516,50.08637237548828,5.907886981964111,13.465158462524414,60.498138427734375,114.61051177978516,15.092217445373535,23.707763671875,44.98590087890625,52.49789810180664,34.17646026611328,3.378570556640625,56.283878326416016,25.33566665649414,42.01715850830078,60.38991928100586,29.916032791137695,3.5887086391448975,32.761558532714844,67.25484466552734,32.32294845581055,25.77576446533203,57.71826934814453,14.27881908416748,26.546613693237305,16.183332443237305,22.430891036987305,8.171648025512695,12.504742622375488,29.819442749023438,22.60426902770996,52.04354476928711,54.25975036621094,32.454925537109375,28.193918228149414,52.727603912353516,19.904380798339844,50.32551574707031,14.639947891235352,51.94646072387695,75.88916778564453,41.4234504699707,53.063392639160156,15.640024185180664,45.4003791809082,69.38552856445312,21.083919525146484,64.16695404052734,54.670074462890625,25.37710952758789,38.168312072753906,120.40042114257812,39.930545806884766,42.126365661621094,18.772594451904297,59.58810806274414,23.843017578125,42.54716491699219,51.05754089355469,21.64978790283203,46.08247756958008,24.1219425201416,71.04350280761719,16.79106330871582,18.101886749267578,18.366371154785156,52.1775016784668,10.302051544189453
2013-03-01,13.435220718383789,27.18012237548828,43.52000045776367,42.13953399658203,29.988821029663086,28.859418869018555,36.82784652709961,11.27138614654541,70.84223175048828,54.053802490234375,56.73005676269531,58.267608642578125,56.04037857055664,72.40349578857422,9.423921585083008,31.232011795043945,58.835121154785156,26.401546478271484,32.41376495361328,62.247562408447266,68.93574523925781,43.14153289794922,59.2835693359375,38.47050476074219,29.339962005615234,13.916224479675293,6.598628997802734,38.310890197753906,67.9131088256836,33.170494079589844,41.03843307495117,67.29280090332031,50.064823150634766,38.65800094604492,41.64599609375,69.20096588134766,37.006954193115234,39.179168701171875,44.55821228027344,6.708084583282471,25.89412498474121,66.00297546386719,52.398738861083984,89.03108978271484,30.37287139892578,31.636564254760742,28.35201644897461,50.87181854248047,53.837493896484375,7.0374836921691895,14.872507095336914,63.539756774902344,121.72693634033203,15.786113739013672,25.092191696166992,44.85367202758789,56.236392974853516,33.15648651123047,3.2539403438568115,58.99115753173828,26.65265464782715,43.654476165771484,66.23676300048828,29.73567771911621,3.517443895339966,35.18952178955078,69.91277313232422,33.76079559326172,28.182069778442383,59.00029373168945,14.827309608459473,27.724559783935547,15.774262428283691,23.084447860717773,9.731868743896484,13.515636444091797,31.34303092956543,24.4927921295166,55.58546829223633,57.25312042236328,33.51540756225586,26.621191024780273,50.5840950012207,21.201372146606445,52.54389572143555,15.436935424804688,52.54653549194336,73.55977630615234,44.152244567871094,52.779701232910156,16.077131271362305,46.47045135498047,66.32102966308594,21.89113426208496,66.76595306396484,52.591434478759766,26.453977584838867,42.70259094238281,124.9721908569336,41.876773834228516,45.799705505371094,19.515640258789062,62.73579788208008,24.570146560668945,45.71696090698242,53.031150817871094,21.743860244750977,46.7791862487793,25.43531036376953,74.5091781616211,18.305465698242188,19.261138916015625,19.18555450439453,52.50379943847656,10.999462127685547
2013-04-01,13.438863754272461,28.519023895263672,45.08000183105469,43.636417388916016,31.715524673461914,30.792295455932617,36.970458984375,12.13262939453125,72.01707458496094,53.20083999633789,54.47100067138672,58.160587310791016,56.99809265136719,77.09264373779297,9.524502754211426,30.04103660583496,58.02900695800781,25.6749267578125,34.18682861328125,60.99067687988281,69.06743621826172,43.89768600463867,58.172611236572266,38.69455337524414,30.019132614135742,14.042143821716309,6.587912082672119,40.6943359375,69.73641967773438,35.165977478027344,43.706459045410156,69.8912582397461,55.38861846923828,36.589317321777344,43.14339828491211,73.0329818725586,38.595664978027344,38.92671585083008,44.67461013793945,6.9937543869018555,24.028621673583984,63.18675994873047,55.41013717651367,85.83489227294922,31.268293380737305,33.48417663574219,30.8260555267334,53.474456787109375,52.54425048828125,6.081046104431152,14.916487693786621,64.72300720214844,115.58635711669922,17.311237335205078,25.30767250061035,47.51810836791992,58.78852844238281,34.453426361083984,3.3471059799194336,62.127925872802734,27.898292541503906,42.57061767578125,68.00041961669922,30.254745483398438,3.9212801456451416,36.70901870727539,71.6309585571289,33.744876861572266,27.6968936920166,58.11231994628906,15.741352081298828,29.48086929321289,15.93344497680664,26.707279205322266,9.185792922973633,14.272486686706543,24.242403030395508,26.397924423217773,60.014862060546875,57.505638122558594,31.678062438964844,26.991727828979492,57.613067626953125,22.602861404418945,54.77558517456055,15.54926872253418,52.73339080810547,71.14205932617188,45.365055084228516,57.9812126159668,17.140037536621094,42.763362884521484,65.11517333984375,23.38642120361328,69.50636291503906,52.26839065551758,27.19257354736328,44.36708450317383,127.37315368652344,41.4373664855957,47.211509704589844,20.3588809967041,63.64491653442383,25.271631240844727,47.890533447265625,55.09789276123047,21.327312469482422,45.132423400878906,26.116060256958008,71.88004302978516,18.63288116455078,20.005020141601562,20.535659790039062,51.851226806640625,10.973883628845215
2013-05-01,13.740155220031738,28.325899124145508,42.90999984741211,44.53065872192383,28.529699325561523,33.05227279663086,36.39128875732422,12.795392036437988,69.78070068359375,56.1275520324707,60.553646087646484,63.143306732177734,63.08031463623047,83.9402084350586,10.5690279006958,30.238821029663086,60.687381744384766,29.74077033996582,38.10033416748047,61.80465316772461,69.4858169555664,42.52643966674805,56.03456497192383,39.671409606933594,27.690561294555664,16.190080642700195,6.794297695159912,40.274658203125,70.72517395019531,32.241172790527344,44.41534423828125,68.17716979980469,55.60016632080078,41.690711975097656,38.810665130615234,72.9035415649414,34.95487976074219,40.576133728027344,48.40037155151367,8.057463645935059,24.5181941986084,64.75283813476562,57.7625846862793,89.8012466430664,29.19698715209961,32.763919830322266,28.94538116455078,57.34560775756836,56.348785400390625,7.208696365356445,14.39240550994873,64.99534606933594,119.2701416015625,17.71508026123047,25.017738342285156,51.617794036865234,58.500762939453125,38.3760871887207,3.4985508918762207,58.29875564575195,26.3560848236084,41.22301483154297,73.41249084472656,33.1605339050293,3.9687881469726562,36.2601432800293,68.25532531738281,36.87503433227539,26.595794677734375,61.54695129394531,15.564568519592285,29.292688369750977,18.63097381591797,28.357093811035156,11.389602661132812,13.27290153503418,25.64904022216797,25.678396224975586,65.78046417236328,57.258934020996094,32.32439041137695,27.815156936645508,59.42681121826172,20.39875602722168,53.64646911621094,14.686484336853027,52.726524353027344,80.51922607421875,47.87791061401367,60.772708892822266,15.250423431396484,44.068477630615234,68.00209045410156,24.35237693786621,68.31781768798828,51.28525924682617,25.016393661499023,44.96086502075195,130.38043212890625,46.901397705078125,46.743553161621094,21.18764877319336,62.385555267333984,25.0622615814209,50.048118591308594,57.83091735839844,22.468019485473633,48.4892578125,28.102802276611328,80.74994659423828,17.19130516052246,19.379253387451172,18.552499771118164,53.078208923339844,11.242473602294922
2013-06-01,12.114789009094238,26.943204879760742,45.560001373291016,44.9081916809082,27.882165908813477,33.2307014465332,36.30074691772461,12.559686660766602,68.4826889038086,56.72700500488281,61.807029724121094,61.69956970214844,62.28885269165039,86.83937072753906,9.95750617980957,29.993675231933594,61.12421417236328,28.88751220703125,35.154327392578125,59.42036056518555,69.33085632324219,42.12207794189453,56.07503128051758,39.12813949584961,28.971281051635742,16.337745666503906,6.2498931884765625,39.99488067626953,68.18426513671875,32.72614288330078,41.8760986328125,63.98662185668945,55.661865234375,41.37636947631836,39.141197204589844,73.72500610351562,35.71437072753906,38.51414108276367,48.21720504760742,7.949549674987793,22.78870964050293,66.36048889160156,58.68410110473633,90.01388549804688,30.096187591552734,32.75999069213867,29.17315673828125,56.75797653198242,56.980796813964844,7.3639116287231445,13.94422435760498,65.11931610107422,109.57466125488281,17.678600311279297,24.020282745361328,51.198089599609375,59.66826629638672,37.1107292175293,3.4637458324432373,58.97494125366211,26.61787986755371,38.090171813964844,75.23686981201172,32.207679748535156,3.761780261993408,36.71390151977539,69.97282409667969,37.207550048828125,27.088590621948242,61.0334358215332,15.27182674407959,29.403465270996094,17.573545455932617,28.06458854675293,13.973713874816895,14.301453590393066,22.641576766967773,26.519628524780273,66.1077880859375,54.313377380371094,31.726757049560547,25.287248611450195,57.99116134643555,20.38764762878418,54.7045783996582,15.107171058654785,52.884521484375,77.00012969970703,48.73334884643555,57.924171447753906,15.734051704406738,42.644432067871094,64.23191833496094,25.266456604003906,69.7997055053711,50.53976058959961,25.14746856689453,43.83992004394531,128.64059448242188,46.39959716796875,46.3130989074707,20.957386016845703,59.918216705322266,24.322467803955078,52.55612564086914,57.703758239746094,23.315752029418945,43.81047439575195,28.6018009185791,72.28054809570312,16.030765533447266,19.28862762451172,18.482572555541992,53.0078239440918,11.67609977722168
2013-07-01,13.825698852539062,28.40949058532715,47.279998779296875,47.014686584472656,28.859716415405273,33.83287048339844,38.45828628540039,13.738214492797852,75.16714477539062,59.660789489746094,59.31130599975586,73.2012710571289,61.651424407958984,89.09428405761719,11.30478572845459,31.62608528137207,64.14854431152344,28.170225143432617,38.21024703979492,60.139251708984375,71.1841049194336,44.27501678466797,58.43800354003906,42.394126892089844,30.467777252197266,17.297605514526367,6.68649435043335,43.168880462646484,72.53436279296875,34.160282135009766,45.61200714111328,65.419921875,56.98398971557617,45.628013610839844,41.17074966430664,79.73965454101562,36.68822479248047,43.33722686767578,50.517784118652344,8.725188255310059,23.609455108642578,71.35536193847656,64.39234161376953,94.5940933227539,32.50001907348633,35.484745025634766,30.190649032592773,57.90091323852539,59.59497833251953,7.625207901000977,15.370328903198242,69.19657897949219,111.8279800415039,17.029239654541016,26.188676834106445,53.322391510009766,64.9776611328125,39.463191986083984,3.6439883708953857,59.982765197753906,26.597976684570312,41.18423843383789,83.3252182006836,35.24891662597656,4.175796031951904,34.05617141723633,69.32258605957031,40.148860931396484,27.704208374023438,65.54326629638672,15.302380561828613,30.49224853515625,19.608718872070312,25.870773315429688,12.910816192626953,15.201874732971191,22.679378509521484,26.203125,73.50100708007812,55.084110260009766,34.26081085205078,26.73946189880371,57.874176025390625,21.093034744262695,55.87505340576172,15.893745422363281,55.571327209472656,83.3603286743164,51.12676239013672,63.47483825683594,16.51918601989746,45.06669235229492,74.82392120361328,27.495731353759766,76.14021301269531,57.35975646972656,25.55205726623535,50.98585891723633,135.28829956054688,49.57307434082031,47.92054748535156,21.786304473876953,62.63969802856445,27.541627883911133,58.47150421142578,59.3157958984375,24.07036018371582,42.69731521606445,30.14728546142578,84.65597534179688,16.87007713317871,20.181974411010742,19.532567977905273,55.00257873535156,12.487113952636719
2013-08-01,14.983832359313965,25.850069046020508,45.75,46.408180236816406,26.93756866455078,34.53910446166992,36.33985137939453,12.717233657836914,75.94929504394531,58.67085647583008,63.324501037597656,68.82160949707031,60.09699249267578,88.49495697021484,10.933121681213379,30.119251251220703,60.227413177490234,27.160429000854492,35.4249382019043,59.87083053588867,68.3330307006836,42.72202682495117,56.234798431396484,43.33535385131836,28.111083984375,15.756430625915527,6.672937870025635,40.75383377075195,69.9616928100586,33.60737228393555,48.68404769897461,65.86882781982422,53.61696243286133,45.51386642456055,38.46305465698242,79.05601501464844,34.795257568359375,42.91299057006836,46.677181243896484,8.368531227111816,25.229061126708984,72.27086639404297,62.81532287597656,89.81976318359375,30.825021743774414,37.78857421875,29.91499900817871,54.57469177246094,57.43309783935547,6.633457183837891,15.03642749786377,67.4100112915039,105.02859497070312,16.193880081176758,25.752574920654297,52.900482177734375,60.502925872802734,35.7809944152832,3.453885793685913,56.75290298461914,25.337093353271484,40.22286605834961,85.72016143798828,36.22938537597656,3.9594578742980957,33.10200881958008,67.23213195800781,37.6122932434082,26.172183990478516,63.7451057434082,14.787353515625,29.935190200805664,18.563783645629883,27.329553604125977,13.232610702514648,14.220617294311523,24.0174560546875,26.248464584350586,74.15533447265625,54.3311882019043,33.316036224365234,26.334444046020508,57.3282585144043,20.237825393676758,53.326751708984375,15.33912181854248,53.90350341796875,81.02418518066406,48.58554458618164,62.0362434387207,15.9628324508667,46.51138687133789,75.51533508300781,27.27619171142578,72.1905746459961,57.30452346801758,23.988359451293945,48.33488464355469,131.23068237304688,47.474029541015625,42.8490104675293,22.132226943969727,59.9031982421875,26.852739334106445,57.58057403564453,57.72388458251953,23.302846908569336,43.267391204833984,28.665441513061523,81.7091293334961,17.89205551147461,19.012372970581055,18.208660125732422,51.48969650268555,12.847563743591309
2013-09-01,14.66183853149414,25.741493225097656,51.939998626708984,47.48393249511719,27.283735275268555,36.225975036621094,38.33430480957031,14.852309226989746,78.02684020996094,65.7947769165039,62.9254035949707,72.27394104003906,63.11391067504883,100.05924987792969,10.692851066589355,28.645395278930664,62.17193603515625,30.150741577148438,35.55686950683594,60.494659423828125,73.27459716796875,43.853477478027344,55.56843948364258,45.43349075317383,26.503061294555664,15.837547302246094,6.97933292388916,39.8411865234375,70.58328247070312,36.34017562866211,50.390296936035156,64.48544311523438,56.84296417236328,48.071861267089844,39.15494918823242,85.67404174804688,34.120765686035156,45.99089050292969,50.746315002441406,8.720022201538086,27.616718292236328,76.9205322265625,66.0372314453125,93.44513702392578,29.95001792907715,37.906673431396484,30.938844680786133,55.86357498168945,59.93772888183594,6.273169040679932,15.28685188293457,67.813232421875,106.70538330078125,16.886428833007812,24.43795394897461,56.76198959350586,60.69898223876953,36.60240936279297,3.8108603954315186,57.70674514770508,25.32082748413086,39.38554382324219,89.31227111816406,37.64471435546875,4.343779563903809,34.22993469238281,68.55025482177734,38.7025146484375,25.030895233154297,67.01713562011719,15.198512077331543,30.409378051757812,19.421348571777344,27.231353759765625,17.035648345947266,14.185221672058105,21.411500930786133,30.351619720458984,76.55831146240234,58.238868713378906,36.16593551635742,27.417245864868164,61.22892379760742,20.78904151916504,53.55220031738281,15.621871948242188,52.311767578125,88.13358306884766,48.70655059814453,66.34512329101562,15.98949909210205,47.2411994934082,83.05683135986328,29.770963668823242,71.44239807128906,62.55778121948242,23.734769821166992,54.31360626220703,135.38357543945312,46.96616744995117,43.30247497558594,23.672914505004883,63.950843811035156,28.321918487548828,57.69270324707031,58.400611877441406,23.741634368896484,46.89714050292969,28.832908630371094,93.008056640625,18.13469886779785,19.26767349243164,18.19239616394043,50.82805633544922,13.320784568786621
2013-10-01,16.07497787475586,28.467594146728516,54.220001220703125,49.2224235534668,29.480281829833984,38.47565460205078,40.237754821777344,15.131901741027832,80.96891021728516,70.05854797363281,65.77571105957031,73.9287338256836,68.56999969482422,111.129638671875,10.824578285217285,28.72389030456543,65.3482894897461,34.471405029296875,35.76192855834961,60.889129638671875,74.74698638916016,48.12712478637695,61.823123931884766,48.40909194946289,27.927160263061523,15.36092472076416,7.066102504730225,43.8763313293457,69.68862915039062,37.0788688659668,51.794395446777344,64.84196472167969,60.456783294677734,49.120731353759766,42.057254791259766,91.95467376708984,36.02668380737305,47.6044921875,52.3224983215332,8.894584655761719,30.983909606933594,88.30596160888672,65.79934692382812,102.24594116210938,31.76403045654297,41.748512268066406,34.15478515625,57.36603927612305,62.60112762451172,7.283334255218506,15.835441589355469,72.75444793701172,103.26531219482422,18.02840232849121,24.33431053161621,58.63739776611328,64.84407043457031,36.76507568359375,4.108338832855225,66.14653778076172,26.45050048828125,38.986446380615234,93.36653137207031,39.50971603393555,4.604235649108887,36.27326202392578,68.77113342285156,41.938175201416016,26.893634796142578,70.6314697265625,16.472803115844727,28.79981803894043,20.739892959594727,28.97422218322754,17.240428924560547,14.997475624084473,20.771448135375977,31.65526580810547,86.40338897705078,65.15177154541016,38.194820404052734,27.79033851623535,62.89155960083008,21.148893356323242,56.644081115722656,16.687623977661133,56.319671630859375,94.6187515258789,49.741432189941406,72.50867462158203,16.121070861816406,48.76397705078125,85.75186157226562,31.349056243896484,75.63890838623047,66.35258483886719,23.867958068847656,57.7004280090332,141.65280151367188,50.0520133972168,43.85068893432617,25.520076751708984,65.10504150390625,29.805252075195312,54.993770599365234,56.919376373291016,24.24787712097168,48.47214126586914,29.788881301879883,92.73494720458984,17.810514450073242,19.994518280029297,19.01602554321289,52.94294357299805,12.867694854736328
2013-11-01,17.201072692871094,29.744930267333984,56.779998779296875,52.49605941772461,29.94019889831543,37.06028747558594,41.344818115234375,14.744475364685059,79.86441040039062,72.3173828125,67.7682113647461,73.80660247802734,71.9230728149414,114.73966217041016,12.258031845092773,29.848955154418945,67.49898529052734,33.723175048828125,38.797088623046875,61.79484176635742,80.49552917480469,48.93010711669922,63.86587142944336,48.059200286865234,25.408008575439453,14.468957901000977,7.4348907470703125,47.18854522705078,71.72662353515625,37.753543853759766,51.256385803222656,66.74348449707031,62.175575256347656,48.7578239440918,41.47048568725586,92.96963500976562,34.52674102783203,47.92955017089844,53.87971115112305,8.878989219665527,29.239168167114258,93.49642181396484,69.61983489990234,104.27991485595703,31.770343780517578,41.47296905517578,35.58972930908203,59.41349792480469,64.21173858642578,8.173952102661133,16.403858184814453,71.39623260498047,104.09220886230469,17.72867202758789,25.649152755737305,59.225364685058594,66.74213409423828,40.81678009033203,4.028349876403809,66.85700988769531,27.05314826965332,39.68792724609375,100.13017272949219,37.68423843383789,4.420982837677002,38.11823654174805,69.95377349853516,41.879730224609375,26.835296630859375,75.2981948852539,16.362184524536133,31.827341079711914,22.595142364501953,31.43648338317871,20.575393676757812,15.084792137145996,18.91983985900879,33.06756591796875,91.05443572998047,66.4166488647461,37.67100524902344,29.275257110595703,62.15842056274414,20.637523651123047,56.893306732177734,17.38669204711914,58.73983383178711,95.89885711669922,52.05500411987305,73.3404541015625,16.163179397583008,51.88063049316406,88.66597747802734,31.609098434448242,71.28321838378906,62.600257873535156,23.704599380493164,61.92689514160156,145.85107421875,51.86637496948242,43.54857635498047,26.459665298461914,68.45460510253906,30.449655532836914,60.004920959472656,61.21649932861328,25.455080032348633,51.03390884399414,30.934642791748047,97.44864654541016,17.566123962402344,21.104307174682617,18.462547302246094,55.59898376464844,14.731830596923828
2013-12-01,17.35418701171875,29.85396957397461,59.880001068115234,53.3338508605957,29.736608505249023,38.105350494384766,41.550533294677734,15.068341255187988,79.86441040039062,74.31046295166016,63.6572380065918,76.28478240966797,76.05570983886719,116.65411376953125,12.072093963623047,30.550899505615234,69.03160095214844,35.121585845947266,38.203250885009766,66.33086395263672,81.08292388916016,48.48400115966797,63.58481216430664,46.639869689941406,28.39293670654297,15.272406578063965,7.843849182128906,50.43735122680664,73.17356872558594,37.95540237426758,58.682369232177734,72.76822662353516,68.17206573486328,51.87435531616211,40.90735626220703,90.6964340209961,34.57051086425781,50.211917877197266,56.445411682128906,8.021242141723633,31.809913635253906,97.01814270019531,72.57447814941406,110.5257339477539,31.442750930786133,40.069087982177734,36.37665557861328,60.94139862060547,66.28663635253906,8.40623950958252,16.45850944519043,71.64675903320312,108.66300201416016,19.305213928222656,26.957738876342773,62.88992691040039,64.57755279541016,41.71559143066406,4.065561294555664,64.4688491821289,27.807050704956055,40.30435562133789,105.07064056396484,39.32717514038086,4.619509220123291,39.19744110107422,69.70948791503906,42.13652801513672,26.948789596557617,79.09945678710938,17.200109481811523,32.257816314697266,22.638456344604492,30.842876434326172,21.20923614501953,15.268467903137207,17.696813583374023,32.96159362792969,92.6140365600586,70.30970001220703,39.65614318847656,31.739049911499023,62.6794319152832,20.451095581054688,56.250732421875,16.783933639526367,56.77997589111328,104.68800354003906,52.48118209838867,75.57181549072266,16.03162956237793,52.35304641723633,92.2413330078125,30.417842864990234,70.85924530029297,64.02336883544922,23.984643936157227,65.0024642944336,149.63250732421875,52.611000061035156,43.0989875793457,26.817333221435547,68.69436645507812,31.09406089782715,60.896793365478516,63.46809387207031,26.370622634887695,53.795188903808594,31.904428482055664,100.06414794921875,19.44521141052246,20.619245529174805,18.59486198425293,60.190574645996094,15.829580307006836
2014-01-01,15.485200881958008,28.712902069091797,59.189998626708984,50.56153869628906,31.053560256958008,35.798885345458984,39.0059928894043,14.335382461547852,83.27375030517578,71.42926788330078,59.588706970214844,71.7532730102539,71.453125,107.05616760253906,12.986997604370117,30.00181770324707,67.55088806152344,33.02023696899414,34.77944564819336,69.04351806640625,73.9425048828125,45.765201568603516,60.994510650634766,42.87698745727539,27.232364654541016,15.032269477844238,7.3367438316345215,47.91801834106445,65.39399719238281,39.844661712646484,60.14944839477539,68.4896240234375,64.79024505615234,46.51176071166992,41.86170959472656,87.45199584960938,34.02643966674805,47.178306579589844,54.19856643676758,7.8392486572265625,27.55588150024414,89.96634674072266,77.40116882324219,99.09070587158203,30.48444366455078,38.69528579711914,32.73732376098633,56.878135681152344,66.18505859375,8.71268367767334,16.62819480895996,73.24581146240234,102.35421752929688,18.24922752380371,26.248476028442383,58.992942810058594,62.377769470214844,39.7482795715332,3.876978874206543,67.49907684326172,25.457826614379883,42.683109283447266,106.66090393066406,36.87752151489258,4.293724536895752,31.173410415649414,67.65478515625,41.52711868286133,25.095373153686523,72.29776000976562,15.779833793640137,34.13978576660156,21.338369369506836,31.1973876953125,22.467161178588867,16.393722534179688,16.597963333129883,30.534717559814453,93.37361907958984,70.1279067993164,35.919349670410156,30.708236694335938,57.716487884521484,21.2808837890625,54.500919342041016,16.657907485961914,53.84341812133789,92.26117706298828,54.34061813354492,72.66305541992188,16.287372589111328,52.331905364990234,89.64958953857422,27.596853256225586,65.91505432128906,62.21871566772461,24.36256980895996,63.20698928833008,144.3582305908203,47.994384765625,38.58269500732422,24.136869430541992,61.66864013671875,30.236217498779297,58.4544677734375,65.82549285888672,25.933284759521484,55.88650894165039,31.86227035522461,85.03472900390625,20.413192749023438,19.568500518798828,19.24041748046875,54.813880920410156,14.112654685974121
2014-02-01,16.375774383544922,31.15655517578125,68.62999725341797,51.340423583984375,32.274444580078125,37.149925231933594,41.553253173828125,16.245357513427734,87.26560974121094,75.9923324584961,58.86852264404297,82.79537963867188,76.71418762207031,110.80569458007812,12.816420555114746,30.528928756713867,71.98682403564453,35.531288146972656,35.659393310546875,71.29325103759766,77.14266204833984,46.96110534667969,60.31043243408203,44.36964416503906,28.62009620666504,14.956806182861328,7.596577167510986,51.75313949584961,68.16163635253906,41.06465148925781,64.3788070678711,68.46570587158203,72.10713195800781,50.67072677612305,42.480552673339844,93.72339630126953,35.46566390991211,47.00297927856445,55.39986038208008,8.064573287963867,27.73442268371582,89.9731216430664,83.68888092041016,101.30883026123047,31.760454177856445,45.00370407104492,36.762847900390625,60.711971282958984,68.84424591064453,8.977070808410645,17.36372947692871,78.32926940917969,107.8607406616211,18.58841896057129,27.07640266418457,61.70810317993164,65.41864776611328,40.79655075073242,4.1382737159729,68.10389709472656,25.713607788085938,47.53599166870117,115.66767120361328,39.85706329345703,4.388743877410889,31.058815002441406,68.94117736816406,43.50950622558594,25.963436126708984,76.4855728149414,16.24578857421875,36.7307243347168,22.271163940429688,31.82172203063965,23.58856773376465,16.42738914489746,17.873546600341797,32.91983413696289,98.30705261230469,70.02484130859375,37.32344055175781,32.54738998413086,63.615352630615234,23.400035858154297,54.30426025390625,17.74162483215332,55.2769889831543,98.52423858642578,55.63313293457031,79.08181762695312,17.20376968383789,53.08636474609375,96.37850952148438,27.638959884643555,68.8150634765625,66.37089538574219,25.0183048248291,66.46458435058594,150.92880249023438,47.0767936706543,42.92635726928711,25.925567626953125,63.6109733581543,32.06180191040039,62.48998260498047,68.49388122558594,26.85364532470703,61.547019958496094,32.84128952026367,92.67396545410156,20.821552276611328,19.573745727539062,20.15884780883789,57.6639404296875,14.294754981994629
2014-03-01,16.7025146484375,30.161865234375,65.73999786376953,51.3133659362793,32.5701904296875,37.420310974121094,43.32997131347656,17.49631118774414,86.78717041015625,74.82052612304688,61.58589172363281,81.7709732055664,75.66365051269531,107.85762786865234,13.343876838684082,32.55219650268555,73.49339294433594,34.32863998413086,34.90410232543945,73.0577621459961,78.58001708984375,48.485862731933594,60.81486129760742,46.938419342041016,29.657594680786133,15.38217830657959,7.942000389099121,52.97020721435547,70.27745819091797,42.00545883178711,64.70455932617188,72.76607513427734,71.44683837890625,53.1756706237793,42.684326171875,94.16786193847656,33.94706344604492,48.11214828491211,56.073150634765625,8.174615859985352,28.11703109741211,89.55133056640625,83.21521759033203,102.9793930053711,32.896793365478516,46.618614196777344,37.06941223144531,58.90249252319336,67.61957550048828,9.768840789794922,18.02973747253418,77.27818298339844,112.12460327148438,19.37670135498047,25.409387588500977,61.15133285522461,69.75762939453125,43.58955764770508,4.391714096069336,68.56171417236328,26.22943878173828,46.93790817260742,116.3376235961914,38.956817626953125,4.666170120239258,33.38968276977539,71.02790832519531,45.18350601196289,28.051450729370117,77.01348876953125,16.991867065429688,36.87452697753906,22.538694381713867,34.04784393310547,23.071748733520508,17.187732696533203,18.12369728088379,31.05311393737793,100.2158203125,74.03235626220703,37.82225799560547,34.04536437988281,63.27505874633789,24.595836639404297,57.03116989135742,17.74715232849121,56.64030075073242,97.83769989013672,59.18418884277344,77.33882141113281,17.864871978759766,55.863197326660156,97.72015380859375,28.581560134887695,66.90904235839844,69.58235168457031,25.957592010498047,63.66117858886719,152.1807861328125,50.04823684692383,41.53300094604492,25.58388328552246,64.951904296875,33.63066864013672,66.5467300415039,71.25826263427734,28.127090454101562,60.20606231689453,35.19013977050781,95.76884460449219,20.6586971282959,20.15625762939453,20.404640197753906,58.50849533081055,14.78302001953125
2014-04-01,18.36267852783203,30.5222225189209,61.689998626708984,51.778282165527344,34.59538269042969,39.75489044189453,43.61330795288086,16.331035614013672,78.63194274902344,75.57745361328125,64.63628387451172,80.72688293457031,73.66438293457031,110.89166259765625,11.74571704864502,32.20270538330078,70.95112609863281,33.33086395263672,35.13143539428711,77.94734191894531,81.16602325439453,50.573116302490234,63.1673698425293,49.580589294433594,30.27117156982422,15.991101264953613,7.736393928527832,51.64814376831055,74.18407440185547,42.922607421875,66.44898986816406,74.80158996582031,70.79545593261719,56.2003288269043,44.6441535949707,91.24669647216797,36.71851348876953,49.106075286865234,54.221988677978516,8.528963088989258,29.500530242919922,92.04410552978516,84.1103515625,106.95696258544922,33.92686080932617,49.92759704589844,37.11607360839844,59.18535232543945,67.7216567993164,9.980156898498535,17.52559471130371,71.238037109375,114.44293975830078,20.037353515625,25.835830688476562,64.08373260498047,71.93067932128906,40.44676971435547,4.064590930938721,69.80547332763672,27.67456817626953,47.12929153442383,116.97904205322266,36.715999603271484,4.887599468231201,32.64879608154297,73.4551773071289,43.383602142333984,27.985536575317383,78.96067810058594,18.2084903717041,38.03721237182617,22.438535690307617,33.55775833129883,25.4705867767334,17.948074340820312,19.198444366455078,30.67052459716797,98.69689178466797,72.43399047851562,38.72776412963867,34.121826171875,63.580509185791016,26.420856475830078,58.66354751586914,17.283035278320312,58.474098205566406,103.69762420654297,57.50633239746094,77.40277099609375,17.972692489624023,55.756954193115234,93.50689697265625,27.506528854370117,66.52376556396484,72.47270965576172,27.074113845825195,61.683780670166016,153.23870849609375,46.45743942260742,42.38411331176758,24.541975021362305,69.13444519042969,32.622440338134766,60.90577697753906,72.31007385253906,26.762081146240234,58.46649169921875,35.119388580322266,98.28063201904297,21.4681396484375,21.021270751953125,21.419496536254883,61.34166717529297,15.81652545928955
2014-05-01,19.80799674987793,31.522811889648438,64.54000091552734,52.92063903808594,34.627235412597656,40.458251953125,44.83127212524414,17.385656356811523,82.0634536743164,80.08287048339844,69.41698455810547,82.40985107421875,77.09355926513672,116.89854431152344,11.74571704864502,32.919403076171875,73.882568359375,33.09797668457031,34.88938903808594,75.60301208496094,82.26866912841797,51.399715423583984,62.41520309448242,53.80973434448242,30.54399871826172,17.03595733642578,8.103911399841309,55.625457763671875,73.1900634765625,41.16004180908203,69.4052505493164,73.06258392333984,74.96251678466797,56.95186233520508,43.06883239746094,95.21427917480469,35.202213287353516,48.3663215637207,55.379329681396484,8.68211555480957,29.225868225097656,97.38774871826172,90.7730941772461,106.55923461914062,35.149044036865234,51.170433044433594,36.06827926635742,59.7213249206543,68.2380599975586,10.112982749938965,18.084178924560547,72.41264343261719,108.01416778564453,20.68656349182129,26.578367233276367,65.07622528076172,72.55355834960938,40.15053939819336,4.191720962524414,69.86763763427734,27.7559757232666,48.13227081298828,117.59467315673828,37.65171432495117,5.2634406089782715,32.6461181640625,74.08377838134766,45.01362609863281,28.42181968688965,81.42134857177734,18.866735458374023,37.58251953125,22.38775634765625,34.24622344970703,27.879173278808594,17.631797790527344,17.69843864440918,32.4375,99.30738830566406,77.2000503540039,37.88960647583008,35.0733642578125,66.1967544555664,25.124645233154297,60.33009719848633,16.517288208007812,57.22739028930664,102.7488021850586,58.347999572753906,80.86952209472656,18.91606903076172,56.98957061767578,95.46063232421875,28.631994247436523,71.00737762451172,74.24974822998047,26.162776947021484,68.48307037353516,156.7948455810547,46.96834182739258,39.24684524536133,23.035898208618164,71.324951171875,33.720611572265625,64.63125610351562,75.66680145263672,27.687397003173828,55.28772735595703,36.183902740478516,92.43938446044922,23.906661987304688,20.371273040771484,20.673473358154297,60.62440490722656,16.156667709350586
2014-06-01,20.35593032836914,32.224029541015625,72.36000061035156,52.975242614746094,36.19795608520508,40.9329719543457,45.185237884521484,19.41786003112793,83.74729919433594,80.21643829345703,74.92745208740234,88.88294982910156,79.93299865722656,109.96675109863281,11.93182373046875,32.21228790283203,74.6001968383789,32.27949523925781,34.54468536376953,80.36563873291016,82.26072692871094,51.234405517578125,63.65489196777344,57.70711135864258,30.48410987854004,17.195106506347656,8.492569923400879,53.53026580810547,77.81548309326172,42.688018798828125,69.01170349121094,73.0487289428711,76.50621032714844,59.41465759277344,44.95323181152344,97.33616638183594,36.94922637939453,48.0981330871582,58.00209045410156,9.104599952697754,31.328754425048828,102.41209411621094,89.56656646728516,105.3929443359375,33.619720458984375,56.34381866455078,35.6317024230957,60.61714172363281,68.0915756225586,10.215621948242188,18.13562774658203,72.43497467041016,106.20376586914062,23.39731788635254,28.163150787353516,66.14913940429688,74.81324768066406,41.63169479370117,4.647231101989746,69.69184875488281,28.95589256286621,49.989681243896484,115.49639129638672,38.37947082519531,5.749372482299805,32.76381301879883,73.579833984375,47.02717208862305,28.138809204101562,81.81546020507812,19.25626564025879,37.85927963256836,23.45418357849121,34.881954193115234,32.13076400756836,18.55901336669922,19.691804885864258,32.70743179321289,97.73873901367188,78.94713592529297,37.12994384765625,33.829673767089844,68.63877868652344,26.555620193481445,61.47635269165039,16.5451602935791,55.66905212402344,103.15907287597656,60.93452453613281,84.29508209228516,19.360111236572266,56.39849853515625,98.67735290527344,30.250450134277344,73.75493621826172,84.50169372558594,27.118934631347656,69.53829956054688,160.03184509277344,48.61587905883789,40.0696907043457,22.485916137695312,72.21639251708984,34.3019905090332,66.66374969482422,76.09296417236328,28.590503692626953,57.80864334106445,37.4522590637207,89.65110778808594,29.900609970092773,19.920167922973633,21.873737335205078,60.714881896972656,16.35586929321289
2014-07-01,20.940776824951172,33.36322021484375,69.25,54.33169937133789,33.74452590942383,38.98306655883789,44.97747039794922,18.0487060546875,90.12897491455078,75.33307647705078,76.64027404785156,91.18414306640625,74.34906768798828,104.13261413574219,11.838667869567871,33.2771110534668,73.3011474609375,33.93538284301758,35.87936782836914,74.97962951660156,79.9040298461914,47.88993453979492,60.989253997802734,56.00453567504883,27.8641357421875,17.59132194519043,8.247243881225586,54.42770004272461,77.0346450805664,40.37217712402344,68.48869323730469,68.66014862060547,76.6311264038086,56.02421188354492,43.705039978027344,94.87962341308594,35.893341064453125,46.1339225769043,51.403404235839844,9.05282211303711,32.20615768432617,99.36775970458984,90.21553039550781,100.86119842529297,32.338592529296875,54.74103546142578,33.836578369140625,60.53478240966797,67.27108001708984,10.801019668579102,16.701967239379883,65.57609558105469,112.2969741821289,25.661325454711914,26.876916885375977,62.228248596191406,71.57389068603516,41.9591178894043,4.573660373687744,65.08625793457031,26.857341766357422,49.0971565246582,119.98033905029297,38.4525032043457,5.955253601074219,29.7791690826416,69.06596374511719,45.75617980957031,25.989376068115234,80.47319030761719,18.641021728515625,37.132850646972656,23.5325927734375,36.10324478149414,29.790437698364258,17.00338363647461,19.281553268432617,32.5302734375,100.71263122558594,78.32890319824219,37.861236572265625,33.81098556518555,65.34830474853516,22.89681053161621,60.62310791015625,16.140005111694336,55.20695877075195,94.31428527832031,56.8054084777832,79.56587982177734,17.97608757019043,52.49617385864258,88.03380584716797,30.367734909057617,68.9588394165039,77.65270233154297,26.179655075073242,67.18492126464844,157.88137817382812,50.91439437866211,41.20366668701172,22.545141220092773,68.75413513183594,33.408302307128906,66.09295654296875,74.9944839477539,27.7391300201416,57.246421813964844,36.269405364990234,91.85337829589844,29.089025497436523,19.524797439575195,20.903230667114258,59.66557312011719,17.433988571166992
2014-08-01,22.563871383666992,33.45827102661133,71.9000015258789,55.78168869018555,35.20060348510742,42.04290771484375,47.53190231323242,19.99053192138672,99.08670043945312,77.83346557617188,76.02059936523438,92.05486297607422,75.65861511230469,110.25882720947266,12.490766525268555,33.40631866455078,73.88761138916016,33.95549392700195,37.88938522338867,81.1714859008789,84.87708282470703,48.894554138183594,62.20380401611328,55.13561248779297,30.028152465820312,17.423986434936523,8.564581871032715,56.63017654418945,77.81562805175781,42.27743911743164,71.8145523071289,67.8372802734375,80.20033264160156,57.66143035888672,45.33699417114258,100.37847900390625,37.45995330810547,46.722679138183594,52.83378601074219,9.260259628295898,31.470653533935547,100.0442886352539,95.22193908691406,104.18982696533203,34.4213981628418,53.76573181152344,35.67234420776367,70.0062026977539,70.0928726196289,11.525940895080566,18.70206642150879,68.40666198730469,113.33244323730469,26.61712074279785,27.616666793823242,66.64019775390625,74.67855834960938,43.254188537597656,4.922812461853027,67.67414855957031,28.51841163635254,51.51870346069336,125.98104858398438,42.19729232788086,6.117745399475098,29.315658569335938,69.04328918457031,47.319915771484375,27.534202575683594,82.739990234375,19.779685974121094,39.33832550048828,24.966081619262695,38.239444732666016,31.78946304321289,17.963844299316406,20.968982696533203,33.22922897338867,104.5130844116211,82.44336700439453,40.95225143432617,34.76528549194336,69.37447357177734,24.342111587524414,63.6439208984375,16.52804183959961,59.341064453125,95.15585327148438,58.31223678588867,82.85340118408203,18.86971092224121,54.49077224731445,92.41602325439453,30.520915985107422,71.45314025878906,78.83451080322266,26.850919723510742,68.20453643798828,164.1119384765625,52.06364822387695,41.91001510620117,25.300212860107422,72.70769500732422,34.80242919921875,70.68397521972656,80.68598937988281,27.90412139892578,57.528194427490234,36.91050720214844,99.02731323242188,30.532426834106445,20.166259765625,21.751577377319336,60.3969841003418,18.1571102142334
2014-09-01,22.17864227294922,32.943397521972656,69.19000244140625,55.8349609375,34.22389221191406,40.60474395751953,47.43914031982422,18.69300651550293,99.85449981689453,78.28890228271484,70.078125,90.47791290283203,73.96040344238281,110.76315307617188,13.276822090148926,32.2015495300293,72.10636901855469,34.310794830322266,38.01408004760742,73.69960021972656,84.23060607910156,49.26469802856445,67.42726135253906,51.94504928588867,28.627897262573242,17.683231353759766,8.88322639465332,56.729949951171875,71.72625732421875,41.59709930419922,70.81912994384766,66.62403869628906,79.44189453125,52.71357727050781,45.81493377685547,100.62850952148438,36.6640510559082,45.67173385620117,47.95986557006836,7.866700172424316,28.25177001953125,109.36739349365234,98.18865203857422,103.61378479003906,32.53203582763672,51.30052185058594,37.25748825073242,69.03547668457031,68.53986358642578,10.804557800292969,18.964078903198242,71.40723419189453,111.87670135498047,26.5408992767334,27.211965560913086,64.14314270019531,76.73754119873047,43.828975677490234,5.074838161468506,67.93305206298828,29.373409271240234,52.5643196105957,132.33807373046875,42.52676773071289,6.371041774749756,26.0517520904541,69.8462905883789,45.91181564331055,26.431884765625,81.40694427490234,21.345895767211914,39.07811737060547,25.15528106689453,39.02224349975586,33.408203125,17.12997055053711,17.859479904174805,37.73451614379883,108.24274444580078,85.98765563964844,41.19799041748047,32.0446662902832,64.76525115966797,24.492189407348633,64.51372528076172,16.6292667388916,59.79090118408203,94.04361724853516,58.88331604003906,79.18282318115234,18.08952522277832,53.53844451904297,87.08234405517578,29.599111557006836,68.93905639648438,73.11820220947266,26.397361755371094,70.9955825805664,161.84783935546875,53.421363830566406,43.73099899291992,25.113452911376953,72.54007720947266,34.44846725463867,70.63240814208984,83.10038757324219,27.76962661743164,54.669029235839844,37.21906280517578,94.25777435302734,28.71134376525879,20.425350189208984,20.83123016357422,57.11176681518555,17.477590560913086
2014-10-01,23.774606704711914,34.71103286743164,70.12000274658203,62.60089874267578,38.242122650146484,40.26648712158203,50.12919616699219,19.10821533203125,115.29545593261719,77.03002166748047,57.831687927246094,93.59159851074219,76.22293090820312,108.61534118652344,13.362478256225586,31.470191955566406,81.54015350341797,39.2866096496582,39.27596664428711,76.04573059082031,87.78874206542969,50.80253601074219,70.3800277709961,49.46296691894531,29.8125057220459,17.191448211669922,9.872407913208008,61.369850158691406,72.1049575805664,42.92768859863281,66.71369171142578,69.50875091552734,81.53880310058594,52.129547119140625,50.33698272705078,97.47370910644531,40.999534606933594,46.75185012817383,51.75911331176758,7.561120510101318,24.911203384399414,113.3979721069336,108.53499603271484,104.38220977783203,33.781761169433594,43.84918212890625,39.264347076416016,73.38497161865234,70.74796295166016,10.929448127746582,19.97258758544922,71.76640319824219,96.88948822021484,25.923492431640625,28.85357093811035,69.1806640625,77.59429168701172,44.30005645751953,5.098672866821289,72.16429138183594,28.836349487304688,53.763938903808594,137.978271484375,46.16842269897461,6.640552520751953,26.408740997314453,69.0506820678711,50.764041900634766,28.095470428466797,88.35363006591797,22.461048126220703,38.19477081298828,25.506025314331055,39.518863677978516,32.26728820800781,18.28681182861328,14.535526275634766,39.329349517822266,113.33616638183594,85.24797058105469,41.031002044677734,32.79042053222656,59.901973724365234,27.16896629333496,66.64824676513672,16.84296989440918,62.78923416137695,104.65494537353516,59.786319732666016,81.98002624511719,19.273828506469727,56.21644973754883,89.03987121582031,29.638343811035156,72.42810821533203,70.9395751953125,28.35694694519043,76.06492614746094,165.6595001220703,54.76395797729492,43.1309700012207,26.874841690063477,77.83734130859375,36.12473678588867,77.80619812011719,89.255126953125,28.28080940246582,56.012386322021484,38.094459533691406,111.3426284790039,28.79433822631836,20.371925354003906,22.93491554260254,58.727027893066406,17.54363250732422
2014-11-01,26.294218063354492,35.443641662597656,73.68000030517578,65.55561828613281,38.06196212768555,41.19103240966797,52.89817428588867,20.896610260009766,117.9696273803711,82.84308624267578,48.01080322265625,99.96498107910156,78.31600952148438,117.51427459716797,13.269033432006836,32.75341796875,88.9085693359375,39.86724090576172,39.598793029785156,75.4383316040039,91.83680725097656,52.86105728149414,71.87959289550781,45.29479217529297,30.561702728271484,19.418540954589844,10.153580665588379,65.33911895751953,66.05137634277344,44.04200744628906,65.72782135009766,70.38632202148438,82.54710388183594,50.766117095947266,50.05242919921875,95.47569274902344,41.274757385253906,46.866817474365234,51.705467224121094,8.441195487976074,23.46897315979004,120.7004165649414,112.88381958007812,107.13229370117188,34.29538345336914,33.558860778808594,40.404136657714844,74.7997055053711,73.31266784667969,11.898115158081055,19.665090560913086,75.45996856689453,96.22936248779297,28.579286575317383,30.906314849853516,72.12874603271484,78.44023895263672,44.065670013427734,5.598823070526123,76.7955093383789,31.0809268951416,55.61647415161133,139.80654907226562,51.519744873046875,7.048229217529297,27.144712448120117,71.9501953125,55.016727447509766,29.529647827148438,92.47872924804688,23.353174209594727,39.81644821166992,25.673877716064453,40.4965705871582,35.056175231933594,19.18243408203125,14.256592750549316,42.00291442871094,116.35140991210938,86.47151184082031,40.704647064208984,35.6118278503418,53.73192596435547,27.478071212768555,69.3718490600586,17.66952896118164,65.06281280517578,106.82936096191406,60.53374481201172,88.35791015625,19.571279525756836,52.504573822021484,91.99683380126953,31.98613166809082,71.87147521972656,61.8006706237793,29.011436462402344,78.83040618896484,170.2104034423828,55.6856575012207,52.025882720947266,28.157209396362305,80.65585327148438,39.587345123291016,80.77070617675781,89.86479187011719,29.342988967895508,60.049564361572266,39.35038757324219,120.99249267578125,26.84393882751465,23.382183074951172,23.256975173950195,55.37725830078125,18.441953659057617
2014-12-01,24.40390396118164,35.84975051879883,72.69999694824219,64.18690490722656,40.15850067138672,42.19744873046875,54.5282096862793,21.65253257751465,113.673583984375,84.93904113769531,46.947044372558594,100.76602172851562,78.84140014648438,113.6834487915039,13.971662521362305,33.117244720458984,88.54913330078125,40.1018180847168,39.7015380859375,68.6368637084961,92.80284881591797,52.557228088378906,73.71157836914062,47.344608306884766,29.69776725769043,19.544994354248047,10.08123779296875,68.87926483154297,68.05956268310547,46.68272018432617,62.15701675415039,72.37080383300781,85.1144027709961,47.29116439819336,51.685794830322266,91.88336944580078,43.14405822753906,45.38178634643555,51.80457305908203,8.317771911621094,20.41844940185547,117.77032470703125,106.87310028076172,103.16047668457031,34.67245864868164,31.416711807250977,37.53079605102539,79.36844635009766,73.94169616699219,12.273699760437012,19.302017211914062,78.2065658569336,95.20280456542969,27.842754364013672,30.76848030090332,72.3154525756836,75.77359771728516,45.8382682800293,5.669774055480957,76.6579360961914,29.271392822265625,56.3267707824707,140.5436553955078,55.531227111816406,6.781257629394531,26.628488540649414,69.63883209228516,53.99642562866211,29.672760009765625,94.92221069335938,23.13106346130371,37.719669342041016,28.31570816040039,39.34461212158203,34.139556884765625,19.531574249267578,14.663111686706543,40.79154586791992,121.68477630615234,84.899169921875,37.51285171508789,37.7614631652832,57.082664489746094,27.48317527770996,65.96288299560547,17.66952896118164,65.53766632080078,106.76315307617188,63.135841369628906,93.33665466308594,20.22597312927246,53.53449249267578,88.64087677001953,32.31698989868164,70.75736999511719,61.699546813964844,30.03904914855957,75.0516586303711,169.77865600585938,57.184871673583984,53.36871337890625,29.18715476989746,82.16651916503906,38.89629364013672,83.09741973876953,91.68099212646484,30.001604080200195,59.71343994140625,39.5959587097168,125.91223907470703,23.596206665039062,23.066938400268555,24.82262420654297,56.54548645019531,18.39179229736328
2015-01-01,25.90289306640625,35.83138656616211,70.12999725341797,63.54018020629883,41.54079055786133,36.81822967529297,54.17116928100586,19.845251083374023,108.65680694580078,80.87956237792969,47.06114959716797,101.73014068603516,68.57727813720703,127.14387512207031,11.831787109375,31.770666122436523,87.86190032958984,40.9442024230957,34.45541000366211,60.45994567871094,87.21269989013672,51.557838439941406,75.99874114990234,43.176414489746094,31.0880069732666,18.6536922454834,9.26594066619873,70.4521255493164,62.204925537109375,46.67662811279297,61.54375457763672,69.68765258789062,82.19563293457031,46.18339538574219,53.91310501098633,91.22398376464844,45.28132629394531,41.86033630371094,48.0922737121582,7.974381446838379,14.8953275680542,114.68462371826172,103.91594696044922,97.52685546875,34.38522720336914,31.943931579589844,37.774269104003906,78.95259094238281,72.34326934814453,11.050307273864746,19.070236206054688,76.91226959228516,90.97196960449219,25.34925651550293,30.24016761779785,71.08599853515625,72.56353759765625,40.08821487426758,4.956214904785156,71.62879943847656,28.543424606323242,58.78429412841797,137.47840881347656,54.88206100463867,6.533392429351807,23.143985748291016,68.70236206054688,53.39810562133789,28.510616302490234,93.75537109375,24.929155349731445,40.037715911865234,24.745464324951172,34.220062255859375,28.54226303100586,20.073657989501953,19.512020111083984,39.13697814941406,129.57749938964844,78.98155975341797,33.382999420166016,35.27065658569336,56.650672912597656,28.326053619384766,65.41873931884766,17.726253509521484,61.076507568359375,96.42214965820312,58.833770751953125,89.99726867675781,19.763891220092773,44.98539733886719,86.82344818115234,34.47539138793945,72.27787017822266,59.51792907714844,31.023813247680664,75.43965911865234,164.7482452392578,52.0928840637207,51.75168991088867,28.063583374023438,79.81446838378906,39.12434768676758,87.33903503417969,90.20339965820312,27.972578048706055,64.055908203125,37.50132751464844,129.38272094726562,23.02914047241211,22.8252010345459,25.935232162475586,53.46896743774414,17.476184844970703
2015-02-01,28.5132999420166,37.92074966430664,79.0999984741211,68.39826965332031,38.40776062011719,41.685142517089844,55.032020568847656,21.85602569580078,113.14908599853516,90.13965606689453,49.520626068115234,109.08692932128906,69.3421859741211,132.75286865234375,12.3472318649292,31.246503829956055,93.35961151123047,41.38578414916992,38.46970748901367,62.67510986328125,92.10005950927734,54.07768249511719,77.3732681274414,45.184288024902344,31.665719985961914,20.874879837036133,9.590121269226074,74.55029296875,65.35859680175781,44.14906311035156,67.1039810180664,74.11321258544922,94.05146789550781,47.766754150390625,49.06186294555664,101.57097625732422,41.68115997314453,42.92842483520508,54.12953567504883,8.858015060424805,19.166324615478516,120.02179718017578,108.26106262207031,107.07508087158203,35.24353790283203,34.30036926269531,42.8640251159668,86.76316833496094,76.43746185302734,10.655759811401367,21.784456253051758,78.48523712158203,96.76697540283203,25.69335174560547,32.628578186035156,75.49211883544922,74.80086517333984,45.17478561401367,5.278873920440674,72.75668334960938,30.020158767700195,57.699424743652344,147.07980346679688,60.00901794433594,7.047926425933838,22.96086883544922,74.14228820800781,58.027469635009766,30.10407066345215,98.029541015625,26.426780700683594,38.88201904296875,26.194623947143555,37.406646728515625,29.907453536987305,19.150545120239258,20.42749786376953,41.322566986083984,137.37991333007812,85.01824188232422,35.967994689941406,36.895668029785156,55.14944076538086,27.914573669433594,69.04615020751953,19.639421463012695,61.685203552246094,102.1148452758789,63.997562408447266,95.31546783447266,18.984468460083008,52.22368621826172,93.8249282836914,36.957252502441406,81.28627014160156,61.15144348144531,28.31834602355957,87.23653411865234,174.00790405273438,54.23457717895508,54.38340377807617,29.288612365722656,83.40076446533203,43.04043960571289,93.40547180175781,92.96739959716797,29.774667739868164,75.49617004394531,39.83513259887695,138.23068237304688,25.748952865600586,22.543174743652344,24.380359649658203,54.56161117553711,18.11312484741211
2015-03-01,27.61878204345703,37.08820343017578,73.94000244140625,66.31617736816406,37.52061462402344,41.37049102783203,55.47631072998047,19.683509826660156,114.67716217041016,86.33143615722656,45.37637710571289,106.25492858886719,66.6149673461914,132.07525634765625,12.056804656982422,31.19227409362793,91.73614501953125,43.81783676147461,37.80921936035156,60.505287170410156,90.59358215332031,52.94757843017578,78.61961364746094,43.146820068359375,31.638526916503906,19.6232967376709,9.257498741149902,74.07662200927734,64.31706237792969,43.40190124511719,65.97822570800781,72.22513580322266,94.7834243774414,45.824249267578125,47.95632553100586,100.83622741699219,40.268463134765625,41.96490478515625,52.20154571533203,8.749590873718262,16.79157829284668,112.33226776123047,105.88177490234375,102.2136459350586,37.08467102050781,35.198795318603516,43.496826171875,86.34321594238281,77.57532501220703,9.57641887664795,21.16639518737793,76.31476593017578,95.906494140625,24.163345336914062,32.0964241027832,74.55327606201172,73.40713500976562,44.65876388549805,4.736846923828125,71.6365737915039,28.34684944152832,59.7386474609375,149.21926879882812,60.25201416015625,6.016982555389404,19.933732986450195,73.04776000976562,58.5567626953125,30.79498291015625,95.87886810302734,23.71936798095703,38.48690414428711,26.12142562866211,34.68539047241211,26.455469131469727,19.259756088256836,16.861980438232422,42.688350677490234,133.44198608398438,80.15828704833984,36.63969802856445,36.3315544128418,52.17856979370117,28.085914611816406,67.1492919921875,19.908376693725586,59.373695373535156,98.86058044433594,64.88835144042969,91.330810546875,18.951082229614258,50.23152542114258,92.98319244384766,37.435577392578125,81.55409240722656,60.62828826904297,27.38450813293457,87.49038696289062,171.2750244140625,53.784000396728516,58.09248733520508,29.890262603759766,84.36761474609375,41.86195373535156,97.5614013671875,83.72944641113281,29.31332015991211,76.67863464355469,39.551605224609375,131.78060913085938,26.88982391357422,22.224626541137695,24.28111457824707,52.380149841308594,17.144804000854492
2015-04-01,27.778596878051758,37.350364685058594,76.05999755859375,65.46439361572266,37.934173583984375,42.503082275390625,54.299285888671875,17.266695022583008,113.28539276123047,86.6954574584961,51.62947463989258,100.74134063720703,66.04365539550781,126.14384460449219,12.479849815368652,31.30155372619629,89.99840545654297,43.5445442199707,39.13019943237305,66.22852325439453,86.93701171875,51.66133117675781,76.07955169677734,47.06927490234375,30.59442138671875,20.54993438720703,10.087653160095215,71.50994873046875,68.04206848144531,43.89796829223633,70.1310806274414,74.55602264404297,98.24436950683594,50.1998291015625,48.44975280761719,98.72039794921875,40.63154220581055,43.60289764404297,53.22953796386719,8.64603328704834,20.676025390625,115.12953186035156,107.67247772216797,111.56571197509766,36.54585647583008,39.265743255615234,49.00675582885742,81.3044662475586,75.05416107177734,10.132685661315918,20.323772430419922,69.51594543457031,102.35406494140625,25.152441024780273,31.072629928588867,71.82100677490234,72.38556671142578,46.94438171386719,4.77829122543335,73.36211395263672,28.353837966918945,59.0973014831543,137.19113159179688,55.950374603271484,6.474422454833984,24.566038131713867,72.38053131103516,55.89882278442383,30.228939056396484,90.90326690673828,23.733598709106445,39.87961959838867,27.418121337890625,41.492801666259766,27.430604934692383,18.682247161865234,20.574575424194336,42.05439758300781,127.70498657226562,78.99263763427734,37.66496276855469,36.85602569580078,57.253482818603516,27.831315994262695,66.79814910888672,19.416244506835938,58.07632827758789,99.34333038330078,64.18770599365234,89.71918487548828,19.159400939941406,49.26078414916992,95.07551574707031,39.19865417480469,81.68795776367188,68.74449157714844,27.396875381469727,88.25191497802734,172.95928955078125,56.409942626953125,55.799076080322266,27.539152145385742,78.89031219482422,39.92497634887695,91.87875366210938,82.12147521972656,28.77631950378418,77.78833770751953,40.06053924560547,114.5238037109375,27.208744049072266,21.089754104614258,23.653318405151367,53.84061050415039,15.34359359741211
2015-05-01,29.038061141967773,39.10444641113281,79.08999633789062,66.21552276611328,37.90668487548828,44.254859924316406,52.7099723815918,17.650768280029297,112.65430450439453,91.19104766845703,45.168251037597656,103.0802230834961,67.97932434082031,124.45458221435547,12.926400184631348,30.56874656677246,89.76844787597656,44.13895797729492,39.72555160522461,65.03931427001953,86.52259826660156,51.285072326660156,77.19816589355469,44.6312141418457,33.078369140625,20.892080307006836,9.575386047363281,73.73538970947266,63.73283004760742,43.582481384277344,71.60240173339844,77.15874481201172,99.73539733886719,50.24810028076172,47.79854965209961,101.07427215576172,41.259273529052734,45.051666259765625,55.44452667236328,8.301284790039062,17.459550857543945,117.60772705078125,109.89930725097656,112.34851837158203,37.080780029296875,36.418087005615234,49.934410095214844,84.67884826660156,77.87128448486328,10.264838218688965,21.396995544433594,70.62420654296875,102.14120483398438,26.820911407470703,30.206361770629883,72.01288604736328,73.60433959960938,48.81444549560547,4.8897013664245605,72.80699157714844,28.633460998535156,65.32658386230469,139.460693359375,56.86042404174805,7.045797348022461,22.84978675842285,72.54070281982422,57.302894592285156,31.513578414916992,93.05158996582031,24.2789306640625,40.770145416259766,28.072139739990234,40.234153747558594,27.235584259033203,19.088716506958008,21.15709114074707,43.37660598754883,132.63226318359375,72.48587799072266,36.46240997314453,36.746192932128906,55.888267517089844,28.561609268188477,67.71812438964844,20.05002212524414,57.25825881958008,100.75321960449219,66.95867919921875,92.9889144897461,19.542255401611328,50.47783660888672,99.0353012084961,41.21100997924805,84.00294494628906,65.95430755615234,27.36212730407715,88.05844116210938,175.18287658691406,57.00240707397461,56.52019119262695,27.557456970214844,78.89813232421875,41.184364318847656,99.14491271972656,78.42805480957031,28.937423706054688,81.88868713378906,40.96146774291992,120.74803161621094,27.160913467407227,20.195018768310547,23.7509822845459,52.937652587890625,15.236860275268555
2015-06-01,27.95704460144043,39.49065399169922,81.01000213623047,62.49515151977539,35.670955657958984,46.77665710449219,50.79166793823242,16.852840423583984,110.67894744873047,89.80362701416016,43.50011444091797,96.65670013427734,66.52186584472656,122.86038970947266,13.373770713806152,32.09236526489258,90.88570404052734,45.464500427246094,40.577640533447266,64.65816497802734,83.16455841064453,50.22545623779297,74.58809661865234,43.040260314941406,32.60623550415039,19.573400497436523,9.173604011535645,75.53594207763672,59.69227981567383,41.32673263549805,70.924560546875,80.44791412353516,103.14213562011719,46.769378662109375,44.57326889038086,99.9664535522461,38.61717224121094,41.40628433227539,52.26918411254883,8.213729858398438,16.54437255859375,115.85163879394531,111.64208221435547,110.39569854736328,36.79680633544922,34.68658447265625,51.77589416503906,84.90703582763672,76.20475769042969,9.27255916595459,21.079137802124023,67.55921173095703,97.93278503417969,23.67649269104004,27.735301971435547,70.8169174194336,71.63447570800781,50.28377914428711,4.606940269470215,71.45437622070312,27.650339126586914,69.1269760131836,137.75636291503906,54.414703369140625,6.993846893310547,22.74355125427246,71.8904037475586,55.918365478515625,32.49710464477539,90.2555923461914,23.440656661987305,38.40858459472656,28.50572395324707,37.90733337402344,18.371585845947266,18.28480339050293,18.16109848022461,46.08576583862305,132.17405700683594,68.83004760742188,34.24250793457031,34.05084228515625,56.1202392578125,26.570444107055664,66.03143310546875,19.346113204956055,57.148677825927734,97.32307434082031,66.93069458007812,93.21235656738281,18.031402587890625,45.685340881347656,100.44560241699219,42.52761459350586,76.81788635253906,62.97331619262695,26.241090774536133,85.25757598876953,171.62457275390625,56.565670013427734,58.16618347167969,28.32364845275879,75.88433837890625,37.936458587646484,101.04744720458984,74.12226104736328,29.299760818481445,76.42521667480469,41.16643524169922,113.40815734863281,30.882444381713867,19.286832809448242,22.6698055267334,51.69497299194336,14.286998748779297
2015-07-01,27.03650665283203,40.98308181762695,81.98999786376953,62.1368408203125,38.095252990722656,48.5169677734375,53.98621368408203,15.221922874450684,127.3110122680664,91.0537109375,34.787662506103516,100.6690673828125,65.10104370117188,127.68733215332031,14.049524307250977,33.86256790161133,97.62276458740234,45.100337982177734,42.97943878173828,60.49302673339844,88.96349334716797,52.5239143371582,80.83072662353516,35.755577087402344,33.96491241455078,20.413806915283203,8.788676261901855,81.25862884521484,54.74833297729492,44.311744689941406,65.22786712646484,78.39215850830078,109.06818389892578,42.69757080078125,46.84546661376953,102.38890838623047,42.42685317993164,38.65732955932617,47.33887481689453,8.198152542114258,10.54157829284668,116.54510498046875,117.48851776123047,108.44290924072266,38.7355842590332,33.65572738647461,54.82267379760742,89.41483306884766,78.50650024414062,9.430144309997559,22.23721694946289,70.64702606201172,97.52936553955078,22.532367706298828,27.898488998413086,69.02703094482422,73.6557846069336,51.18757629394531,4.347949504852295,77.52295684814453,28.954275131225586,69.97148895263672,153.46607971191406,56.591285705566406,6.608689308166504,20.547988891601562,75.51251220703125,59.155723571777344,33.0888557434082,88.524169921875,26.06222152709961,39.77816390991211,28.651973724365234,40.09677505493164,18.049789428710938,19.622173309326172,13.348714828491211,49.15760040283203,144.15574645996094,66.4427490234375,34.29689025878906,33.872562408447266,50.657588958740234,28.187129974365234,68.1607894897461,20.805866241455078,56.48259353637695,94.3280258178711,69.0667953491211,88.06096649169922,19.463153839111328,46.96918487548828,94.11134338378906,45.94599151611328,79.14202880859375,60.511085510253906,28.013465881347656,86.36096954345703,175.50140380859375,56.242431640625,58.32295227050781,29.88602066040039,83.31105041503906,37.06124496459961,100.55047607421875,75.8476791381836,30.521699905395508,82.88123321533203,42.35954666137695,116.47515869140625,28.24030113220215,19.572343826293945,24.423931121826172,49.215858459472656,14.797247886657715
2015-08-01,25.24679946899414,36.6171760559082,78.56999969482422,60.22840881347656,36.905128479003906,45.65678787231445,45.87160873413086,14.191672325134277,109.9334487915039,84.4305191040039,34.317344665527344,98.5639877319336,65.66594696044922,116.47801971435547,12.839448928833008,32.485416412353516,90.48149108886719,40.86102294921875,39.31817626953125,58.808170318603516,83.55714416503906,48.5008430480957,80.27471923828125,34.91034698486328,33.055686950683594,18.589340209960938,7.7457780838012695,73.98313903808594,50.745216369628906,43.508056640625,60.653873443603516,67.79011535644531,92.59889221191406,41.584625244140625,45.25215530395508,96.49190521240234,42.38238525390625,35.99264907836914,44.58826446533203,7.66745662689209,9.545733451843262,102.39681243896484,111.90996551513672,103.1246337890625,37.770687103271484,31.83917236328125,51.93324279785156,88.97932434082031,74.55035400390625,8.670044898986816,22.947036743164062,68.52015686035156,89.77935791015625,22.397794723510742,25.356428146362305,65.21576690673828,69.6050796508789,47.87864303588867,4.147467136383057,71.83197021484375,27.713773727416992,68.5936050415039,150.1757354736328,56.43625259399414,6.256203651428223,21.097814559936523,72.48560333251953,54.552467346191406,31.987369537353516,83.72138214111328,25.67879867553711,36.33061981201172,25.41349983215332,37.612823486328125,16.001996994018555,18.497390747070312,13.270970344543457,47.677146911621094,137.09860229492188,61.8230094909668,33.636444091796875,31.45551872253418,52.68531799316406,27.22658920288086,65.74137878417969,18.73554039001465,52.04203414916992,90.63829803466797,64.100341796875,77.68749237060547,18.961427688598633,41.61993408203125,90.63076782226562,43.511756896972656,83.93121337890625,56.90319061279297,27.50749397277832,82.60338592529297,164.80459594726562,52.833805084228516,55.766536712646484,30.190391540527344,78.15319061279297,35.47438430786133,95.82943725585938,67.07643127441406,28.590890884399414,85.34014892578125,39.29119873046875,110.7630386352539,25.937166213989258,17.721155166625977,23.7617244720459,47.18656921386719,13.65589714050293
2015-09-01,24.69600486755371,32.51805877685547,82.22000122070312,62.991127014160156,38.65216064453125,43.20001220703125,45.84011459350586,12.956847190856934,100.1844711303711,80.06620025634766,29.70528793334961,90.70913696289062,63.44913101196289,116.71868896484375,12.281679153442383,27.840105056762695,85.49323272705078,40.93242645263672,36.47297668457031,50.28390121459961,85.12283325195312,49.00277328491211,83.42302703857422,34.06510925292969,34.9085693359375,18.855112075805664,7.609982967376709,69.70596313476562,49.423187255859375,43.90102767944336,59.35792922973633,61.830379486083984,92.88973236083984,38.38270950317383,45.909454345703125,97.29539489746094,45.03676223754883,33.31505584716797,40.08723068237305,7.501615047454834,8.693434715270996,98.05415344238281,108.69517517089844,105.7243423461914,37.35145950317383,28.6026611328125,50.22743225097656,88.68751525878906,71.11082458496094,7.962859153747559,23.777036666870117,70.32653045654297,88.00670623779297,23.653446197509766,22.211856842041016,63.9295768737793,69.13848114013672,45.54072952270508,4.13836145401001,74.15168762207031,28.522619247436523,69.70974731445312,154.75164794921875,56.23228073120117,5.640151500701904,18.963716506958008,75.1632080078125,50.790367126464844,33.15744400024414,83.50345611572266,26.35128402709961,33.60850524902344,23.2373046875,38.252376556396484,14.607556343078613,18.335744857788086,12.513455390930176,52.59709548950195,138.94900512695312,60.62480926513672,29.461803436279297,30.632862091064453,48.254642486572266,28.80398941040039,67.22805786132812,18.264535903930664,52.97728729248047,81.91629028320312,62.74965286254883,71.49137115478516,20.383647918701172,39.52348327636719,82.23465728759766,45.205787658691406,81.34308624267578,50.72526550292969,28.32493019104004,73.66939544677734,160.59939575195312,49.627899169921875,56.44826126098633,30.662649154663086,78.62808990478516,36.720149993896484,96.5018081665039,69.16527557373047,27.856712341308594,81.31104278564453,37.83241271972656,97.03131103515625,20.107078552246094,17.751262664794922,25.188316345214844,46.62841033935547,13.156449317932129
2015-10-01,26.75586700439453,36.43131637573242,88.66000366210938,68.18811798095703,38.509395599365234,47.94428253173828,48.70513153076172,14.791444778442383,114.56895446777344,84.58071899414062,35.949302673339844,98.81449890136719,62.94179916381836,131.97811889648438,13.227639198303223,31.687725067138672,91.84757232666016,45.59953308105469,39.12600326538086,56.781497955322266,93.47047424316406,51.52634811401367,88.60517883300781,38.40596389770508,35.198280334472656,20.889789581298828,7.635444164276123,71.60982513427734,56.941917419433594,44.555992126464844,72.33546447753906,65.17256164550781,103.37846374511719,43.249359130859375,45.60952377319336,106.7216567993164,44.295684814453125,35.62306594848633,43.689605712890625,8.27041244506836,10.600482940673828,106.27417755126953,117.64804077148438,121.23506164550781,38.97694396972656,31.054317474365234,53.80944061279297,94.94608306884766,77.56181335449219,8.382613182067871,25.467844009399414,67.88487243652344,85.03814697265625,26.57284927368164,25.091930389404297,71.40910339355469,74.82655334472656,48.336944580078125,5.555337429046631,81.40772247314453,30.10799789428711,67.94393920898438,164.0975341796875,60.471031188964844,6.612263202667236,22.133342742919922,85.62945556640625,56.08638381958008,34.05015182495117,92.59769439697266,29.291587829589844,37.1945915222168,24.435428619384766,45.49490737915039,16.148273468017578,19.29623031616211,15.153193473815918,56.04453659057617,157.20201110839844,63.5052604675293,33.18867492675781,33.070587158203125,54.37492370605469,28.209596633911133,72.85297393798828,19.665925979614258,56.75244903564453,88.14629364013672,63.85837936401367,85.00045776367188,21.319475173950195,43.70900344848633,88.46691131591797,49.76295852661133,83.69590759277344,57.484214782714844,28.578388214111328,78.89862823486328,174.25994873046875,50.94963455200195,55.386207580566406,31.422565460205078,89.1823959350586,42.33446502685547,97.97418975830078,69.90065002441406,28.651453018188477,88.0383529663086,39.887969970703125,105.51806640625,21.520307540893555,15.670611381530762,25.34480857849121,51.89018630981445,12.696714401245117
2015-11-01,26.600574493408203,36.52891540527344,91.45999908447266,67.61589050292969,38.4555549621582,48.33962631225586,49.634342193603516,16.649335861206055,117.27456665039062,85.87696838378906,37.512962341308594,97.32852172851562,61.54994583129883,130.44444274902344,13.740029335021973,31.908071517944336,96.82918548583984,46.33245849609375,39.80299758911133,56.516990661621094,94.54889678955078,51.00605773925781,90.32003784179688,38.90990447998047,36.203163146972656,19.731246948242188,8.092997550964355,68.20984649658203,57.916404724121094,42.42189025878906,72.97942352294922,66.484375,103.13307189941406,44.51982498168945,43.77324295043945,105.66641235351562,42.314632415771484,38.086727142333984,45.89268112182617,8.002364158630371,7.367199897766113,107.96990203857422,115.96941375732422,125.51100158691406,38.74216842651367,32.24372482299805,51.1900634765625,102.80965423583984,78.51870727539062,8.585672378540039,28.246511459350586,66.52162170410156,85.43140411376953,27.479223251342773,24.844758987426758,72.99356842041016,75.53483581542969,50.16511154174805,5.5446367263793945,81.02690887451172,30.532325744628906,68.76866149902344,164.8015899658203,62.739803314208984,6.751262187957764,22.73756217956543,87.76929473876953,57.16380310058594,34.83673858642578,92.83258819580078,27.901365280151367,36.071815490722656,25.421154022216797,47.289405822753906,15.533936500549316,18.914875030517578,14.335575103759766,56.579200744628906,156.7050018310547,75.98753356933594,32.521759033203125,33.18128204345703,55.140869140625,26.713375091552734,71.4057388305664,19.209165573120117,55.608211517333984,88.63851928710938,67.57270050048828,86.50880432128906,21.09636688232422,36.243961334228516,86.85620880126953,48.982547760009766,86.91195678710938,57.11066436767578,28.56804847717285,82.44131469726562,174.8968963623047,53.59311294555664,52.436180114746094,30.398130416870117,90.5096206665039,43.37939453125,93.75672912597656,66.10482788085938,29.813003540039062,93.67918395996094,40.874305725097656,107.70262145996094,19.948829650878906,16.108642578125,25.366147994995117,51.65930938720703,14.265214920043945
2015-12-01,23.668437957763672,36.52077102661133,93.94000244140625,66.81901550292969,40.00724792480469,47.32422637939453,49.10448455810547,16.56062889099121,118.16990661621094,83.58363342285156,33.920318603515625,93.07393646240234,59.75431442260742,129.6731719970703,13.304403305053711,32.43010330200195,99.73236846923828,47.82378005981445,38.081077575683594,52.86847686767578,96.74347686767578,51.736026763916016,92.15839385986328,33.61152267456055,36.41799545288086,19.66608428955078,7.387032508850098,70.87763977050781,57.05390548706055,42.591896057128906,72.7098617553711,64.22123718261719,96.11959838867188,41.41896438598633,46.11825180053711,101.7347640991211,43.758033752441406,36.433773040771484,41.06354522705078,7.868338584899902,6.097303867340088,101.63887786865234,108.76383972167969,131.56019592285156,38.67509841918945,27.667675018310547,47.17695236206055,102.00746154785156,78.23165893554688,8.18882942199707,29.814912796020508,68.8030014038086,84.32842254638672,27.2263240814209,22.391761779785156,72.40872955322266,76.63906860351562,49.67608642578125,5.784871578216553,87.2027359008789,30.77589225769043,70.62957000732422,163.29014587402344,62.28114318847656,6.883171558380127,24.850341796875,90.82925415039062,58.65329360961914,34.86271286010742,89.3109130859375,28.476961135864258,36.253108978271484,23.575706481933594,48.27262496948242,13.807942390441895,19.678207397460938,14.02662181854248,53.5949821472168,158.76510620117188,67.61817169189453,31.914085388183594,31.103717803955078,49.85911178588867,26.702842712402344,71.73362731933594,18.921934127807617,59.003849029541016,82.13417053222656,67.43119812011719,80.84739685058594,21.393030166625977,37.13540267944336,83.73086547851562,47.897422790527344,88.453857421875,51.63278579711914,30.011184692382812,84.2444839477539,171.87428283691406,49.24776840209961,52.51572799682617,30.531606674194336,89.6401138305664,40.908878326416016,98.28038787841797,61.57707214355469,29.157011032104492,86.65345001220703,40.32535171508789,97.33132934570312,14.360516548156738,16.922691345214844,25.776926040649414,49.31229782104492,14.468481063842773
2016-01-01,21.887569427490234,30.973834991455078,89.12999725341797,65.5334243774414,41.86103057861328,43.13169860839844,47.926090240478516,15.655871391296387,111.18150329589844,79.8923568725586,32.685176849365234,90.64175415039062,46.166038513183594,107.73661041259766,11.177911758422852,31.112506866455078,94.08849334716797,43.21451950073242,31.371856689453125,49.02491760253906,93.61390686035156,52.7637825012207,94.34083557128906,28.13318634033203,39.33011245727539,17.360153198242188,6.552968502044678,70.33667755126953,54.840492248535156,45.44435501098633,59.32039260864258,64.84436798095703,87.64922332763672,39.486846923828125,48.644126892089844,95.9444580078125,47.24396896362305,35.0245475769043,39.856231689453125,6.892585277557373,4.142923355102539,90.64889526367188,106.47575378417969,122.90214538574219,38.20002365112305,25.8388729095459,52.356388092041016,97.00157928466797,77.95219421386719,6.715668678283691,30.42885398864746,67.908935546875,76.46669006347656,24.51554298400879,20.318889617919922,70.36962127685547,77.92232513427734,45.06370162963867,5.588011741638184,87.96997833251953,30.74724006652832,66.30424499511719,158.66552734375,58.92970275878906,6.221895217895508,25.23448371887207,95.1654281616211,57.8907470703125,35.844703674316406,89.52434539794922,29.895675659179688,34.77747344970703,19.294279098510742,47.93328857421875,10.75576400756836,21.159433364868164,15.562614440917969,53.174781799316406,155.61192321777344,56.355159759521484,30.94002914428711,31.04387664794922,50.7588005065918,28.504207611083984,71.28850555419922,17.87267303466797,61.22697830200195,82.2865982055664,61.66826629638672,77.82029724121094,21.97595977783203,33.68111801147461,77.98614501953125,48.48786926269531,92.02529907226562,53.49820327758789,31.377370834350586,72.65637969970703,163.3171844482422,41.35892105102539,52.3783073425293,30.673694610595703,85.01752471923828,39.80421829223633,96.20854187011719,56.69503402709961,27.37355613708496,80.47632598876953,37.26163101196289,89.06077575683594,10.784356117248535,18.319568634033203,27.43509292602539,49.249027252197266,13.27071475982666
2016-02-01,21.859386444091797,31.702144622802734,85.1500015258789,66.79535675048828,42.77778244018555,38.33589172363281,50.44828796386719,16.828561782836914,104.29451751708984,86.67818450927734,29.412044525146484,94.76213836669922,47.960899353027344,106.96858215332031,9.8972749710083,33.58622360229492,95.43476104736328,43.05461502075195,28.623674392700195,53.32562255859375,95.65058898925781,51.287052154541016,92.41820526123047,24.543508529663086,43.053260803222656,19.10419464111328,6.922673225402832,70.75902557373047,53.59002685546875,44.02758026123047,68.65631866455078,67.51358032226562,87.37478637695312,41.3514404296875,48.492034912109375,91.21263122558594,48.11288833618164,37.57598876953125,44.748512268066406,7.221628189086914,6.87185001373291,93.37759399414062,108.46566009521484,124.0562515258789,39.78184509277344,26.381879806518555,53.47711181640625,95.73662567138672,76.9903564453125,7.39346170425415,32.173370361328125,70.50653076171875,81.11042785644531,23.591224670410156,21.475553512573242,73.63533782958984,79.06571197509766,42.64011001586914,5.6967668533325195,89.25782012939453,30.897687911987305,60.77314376831055,163.49354553222656,55.53336715698242,6.3527631759643555,30.125686645507812,90.78143310546875,59.01169204711914,38.000205993652344,93.6764907836914,30.12070655822754,34.46173858642578,18.414552688598633,44.588050842285156,10.365707397460938,21.530986785888672,20.13939666748047,52.814640045166016,162.3158721923828,59.01223373413086,31.15386199951172,31.445716857910156,50.837860107421875,29.442834854125977,70.22600555419922,17.566856384277344,60.177696228027344,86.24340057373047,57.86784744262695,79.27869415283203,21.932085037231445,38.08382034301758,85.58800506591797,46.59703826904297,91.97127532958984,53.479557037353516,31.247533798217773,76.99989318847656,163.18231201171875,40.65389633178711,57.210350036621094,32.003929138183594,85.39876556396484,39.87189483642578,99.50011444091797,62.526180267333984,26.321247100830078,90.09158325195312,35.07556915283203,103.55193328857422,8.934810638427734,18.314048767089844,28.382619857788086,51.16425704956055,13.080160140991211
2016-03-01,24.640134811401367,34.230812072753906,93.80000305175781,71.19600677490234,45.99908447265625,41.53362274169922,53.556583404541016,18.888654708862305,109.90218353271484,95.01034545898438,37.502655029296875,103.66059112548828,52.98307418823242,114.89754486083984,10.728458404541016,35.02154541015625,98.70127868652344,44.67476272583008,30.760337829589844,60.2886848449707,99.2052230834961,55.201576232910156,92.15505981445312,29.2156982421875,44.475589752197266,20.775270462036133,7.38437557220459,75.53600311279297,61.27143859863281,47.78008270263672,72.4808120727539,65.31635284423828,90.84162139892578,43.76667785644531,52.670143127441406,99.5218505859375,52.65548324584961,41.84686279296875,49.85499572753906,7.793125152587891,9.312573432922363,111.20110321044922,104.56543731689453,135.33795166015625,42.82378005981445,29.193330764770508,56.4586296081543,103.48355865478516,85.11858367919922,8.616373062133789,32.725852966308594,71.43739318847656,93.7508544921875,25.79168701171875,24.687862396240234,80.47047424316406,81.3127212524414,44.85162353515625,6.123140811920166,92.79023742675781,33.49225997924805,60.78158950805664,167.81971740722656,62.293094635009766,7.18778657913208,31.144697189331055,97.35821533203125,57.47966003417969,40.534637451171875,99.50477600097656,30.931346893310547,36.63260269165039,18.645679473876953,48.400123596191406,10.209686279296875,22.58444595336914,20.743709564208984,52.84764862060547,167.11224365234375,67.14183044433594,37.75966262817383,34.976722717285156,51.09447479248047,32.83655548095703,74.09717559814453,17.549095153808594,61.691680908203125,94.6632080078125,60.18797302246094,91.56513214111328,24.116796493530273,38.34625244140625,93.5309066772461,47.7897834777832,93.60780334472656,54.9932746887207,33.54990768432617,84.92813110351562,174.15892028808594,43.68340301513672,60.003414154052734,33.83950424194336,93.2130126953125,43.180763244628906,108.13174438476562,63.07329559326172,27.910629272460938,96.5286865234375,36.15207290649414,120.23273468017578,9.311320304870605,19.047569274902344,30.271879196166992,53.36021041870117,15.301727294921875
2016-04-01,21.192466735839844,32.027549743652344,94.22000122070312,70.18814086914062,43.9901008605957,42.89374542236328,51.71226501464844,18.255464553833008,116.03755950927734,95.92327880859375,41.98846435546875,104.98468017578125,56.733978271484375,122.0118637084961,11.553726196289062,37.698455810546875,104.83844757080078,50.47940444946289,34.13396453857422,61.81504440307617,98.13117980957031,55.71574401855469,92.10934448242188,34.67143249511719,43.23418045043945,20.243595123291016,7.820267677307129,73.4858169555664,65.62593078613281,45.45848846435547,74.97473907470703,71.35678100585938,94.45480346679688,44.69874572753906,51.429779052734375,102.609619140625,51.26727294921875,42.03925323486328,50.42080307006836,7.914096355438232,12.608898162841797,112.83439636230469,112.50198364257812,130.91049194335938,41.76457214355469,33.761940002441406,60.009822845458984,103.84032440185547,86.8050308227539,8.581408500671387,29.28289794921875,72.22865295410156,90.34004211425781,24.14134407043457,26.029333114624023,82.10440063476562,84.22854614257812,48.22036361694336,5.881780624389648,86.36093139648438,32.344337463378906,63.752708435058594,176.0629425048828,62.742393493652344,6.648266315460205,28.80097198486328,97.98566436767578,60.660213470458984,38.37775802612305,99.95265197753906,30.956029891967773,37.968849182128906,20.284442901611328,43.70295715332031,10.482725143432617,22.439409255981445,27.29147720336914,50.672523498535156,174.1716766357422,72.67448425292969,39.73945236206055,34.2060432434082,57.232086181640625,32.132999420166016,74.44422149658203,19.366764068603516,60.542205810546875,98.87312316894531,62.85938262939453,90.66172790527344,23.844402313232422,37.8813591003418,93.30067443847656,45.01205825805664,91.54593658447266,59.907264709472656,32.492774963378906,91.68084716796875,174.8453369140625,46.50505447387695,57.97607421875,32.74679183959961,87.7740249633789,43.16876983642578,110.46387481689453,69.16255187988281,29.35463523864746,98.41229248046875,37.36311340332031,116.0992202758789,11.235002517700195,18.59702491760254,28.97617530822754,56.4306755065918,13.162778854370117
2016-05-01,22.713510513305664,32.628578186035156,99.47000122070312,69.71195220947266,45.2309684753418,44.476722717285156,53.667877197265625,21.873661041259766,116.54319763183594,99.71017456054688,44.10332107543945,102.64591979980469,57.020111083984375,115.11385345458984,11.736237525939941,36.7947998046875,108.2125473022461,50.143699645996094,34.347862243652344,57.671260833740234,105.41649627685547,55.31507873535156,94.54391479492188,31.9518985748291,42.435482025146484,21.392372131347656,7.632566928863525,70.5244369506836,65.55380249023438,45.954627990722656,73.1933822631836,69.812744140625,90.75927734375,45.70101547241211,51.60618591308594,104.62646484375,50.802528381347656,40.38936996459961,49.560203552246094,7.873239517211914,9.979043960571289,112.7387466430664,113.58283233642578,128.69668579101562,42.74502182006836,34.61912536621094,61.888641357421875,102.99818420410156,86.921142578125,9.357717514038086,26.13810920715332,72.49256896972656,96.08686065673828,25.403308868408203,25.633920669555664,83.29057312011719,85.29161834716797,49.79971694946289,6.179335117340088,87.63709259033203,32.19994354248047,63.75357437133789,180.2109375,66.13452911376953,7.206059455871582,29.900033950805664,94.55399322509766,61.679500579833984,39.72412109375,101.1832275390625,31.415111541748047,38.95199966430664,20.516822814941406,46.770751953125,12.403746604919434,23.092838287353516,25.293588638305664,47.474327087402344,179.5844268798828,68.24681854248047,38.725608825683594,34.49781799316406,56.328609466552734,31.17173194885254,73.1500015258789,20.72897720336914,61.237388610839844,98.4213638305664,64.2629623413086,88.76305389404297,24.414539337158203,41.57592010498047,96.03327178955078,44.09312438964844,93.58805847167969,57.262393951416016,32.42557144165039,96.25508117675781,177.8197784423828,47.07237243652344,50.541526794433594,32.986637115478516,91.16038513183594,45.8630256652832,112.13323974609375,67.19799041748047,29.444028854370117,106.93309783935547,38.206687927246094,117.10912322998047,12.84000301361084,19.82854652404785,29.946134567260742,57.30406951904297,13.670089721679688
2016-06-01,21.744548797607422,32.3651123046875,95.79000091552734,73.35782623291016,48.976348876953125,40.872039794921875,55.880733489990234,21.470579147338867,112.26371765136719,99.6736831665039,42.96870422363281,102.86117553710938,52.94984436035156,118.50840759277344,10.565797805786133,38.667457580566406,110.68370056152344,51.710391998291016,31.264883041381836,60.295928955078125,109.45008087158203,57.50695037841797,101.7887954711914,31.813268661499023,46.611087799072266,21.12726593017578,7.531489849090576,70.00528717041016,68.03965759277344,50.05232238769531,71.5001220703125,69.26805877685547,89.47866821289062,47.46057891845703,56.593299865722656,106.15152740478516,55.78154373168945,40.49807357788086,48.03231430053711,7.336296558380127,10.033080101013184,103.98405456542969,112.11334228515625,135.0335693359375,48.55964660644531,37.17164993286133,59.548927307128906,99.54462432861328,88.82252502441406,8.858603477478027,27.801658630371094,88.60725402832031,94.86186981201172,26.376344680786133,25.767681121826172,82.28010559082031,91.80826568603516,47.411590576171875,6.206446170806885,95.51393127441406,32.97796630859375,66.91449737548828,189.319580078125,65.34220123291016,7.341335773468018,29.346677780151367,93.90678405761719,66.50013732910156,43.65275192260742,105.27099609375,34.33460998535156,40.2122802734375,19.474870681762695,45.155826568603516,13.417887687683105,25.06915283203125,30.55181121826172,47.59575653076172,188.49148559570312,69.11551666259766,39.76607894897461,35.124271392822266,56.97410202026367,32.7639045715332,77.17327117919922,21.033639907836914,63.98035430908203,92.60212707519531,58.28351593017578,85.85318756103516,24.147930145263672,40.55394744873047,95.01539611816406,45.88449478149414,110.44331359863281,59.34872817993164,35.173614501953125,92.3380355834961,178.4378204345703,40.51832580566406,51.305747985839844,33.467655181884766,95.63311004638672,47.41450881958008,118.98941802978516,69.6404037475586,27.915830612182617,110.23957061767578,35.65304946899414,111.75733184814453,12.912513732910156,20.456071853637695,32.67462158203125,60.34242248535156,13.126221656799316
2016-07-01,23.702926635742188,37.07098388671875,97.86000061035156,71.02620697021484,48.424320220947266,42.06983184814453,54.58656692504883,23.548662185668945,126.9321517944336,97.99535369873047,40.70661544799805,108.20557403564453,56.17425537109375,121.96683502197266,11.53718090057373,41.06173324584961,114.86724090576172,52.596248626708984,32.42937469482422,66.4577407836914,104.88650512695312,58.780738830566406,96.9787368774414,29.963029861450195,43.828956604003906,22.687055587768555,8.181257247924805,68.09581756591797,66.51438903808594,50.11012649536133,77.19599914550781,66.4217529296875,88.40569305419922,48.905208587646484,56.461368560791016,105.9546127319336,55.531883239746094,43.40188980102539,50.99161148071289,7.469841957092285,11.672236442565918,110.91727447509766,118.27296447753906,133.57510375976562,49.273712158203125,35.83382034301758,57.95719909667969,107.76921844482422,88.83016204833984,9.889164924621582,28.48433494567871,86.47579956054688,100.38682556152344,28.032915115356445,27.85317039489746,91.15901184082031,94.78276062011719,49.187801361083984,6.414881229400635,90.00460815429688,31.741182327270508,70.4322738647461,192.79818725585938,68.2012939453125,7.840016841888428,31.306875228881836,91.80766296386719,67.49263000488281,42.013309478759766,107.21868133544922,33.70726776123047,40.945194244384766,21.68466567993164,50.01824188232422,13.398385047912598,24.663503646850586,34.36297607421875,47.854434967041016,183.70037841796875,72.89077758789062,43.170467376708984,35.34822463989258,56.348270416259766,32.34212875366211,79.3440933227539,22.037235260009766,65.18235778808594,97.86431884765625,59.584957122802734,86.31482696533203,24.122343063354492,47.37476348876953,94.6678466796875,46.63155746459961,111.71142578125,60.42942810058594,35.088356018066406,105.1996078491211,184.94570922851562,49.43057632446289,55.35464859008789,35.41339874267578,93.36759185791016,53.07086181640625,120.6748275756836,74.269775390625,29.189451217651367,113.55516815185547,36.13515090942383,129.0063934326172,14.309431076049805,20.442060470581055,32.090877532958984,57.259010314941406,14.24658203125
2016-08-01,24.2635440826416,34.809444427490234,102.30999755859375,71.712890625,45.49465560913086,46.23508834838867,55.35723114013672,26.82050323486328,126.20803833007812,101.91265106201172,38.53561019897461,112.6954116821289,57.15028762817383,119.10405731201172,12.910748481750488,40.06974792480469,115.65695190429688,40.34886169433594,35.338478088378906,65.80729675292969,106.28487396240234,58.70962142944336,96.9565200805664,30.131860733032227,42.737979888916016,23.36328125,8.2193021774292,68.5952377319336,65.96907043457031,48.08000564575195,77.15283966064453,72.26817321777344,87.0328598022461,49.936668395996094,53.08519744873047,110.13446044921875,52.63005828857422,41.2625732421875,53.98939895629883,7.434438705444336,9.267541885375977,112.99308776855469,122.56456756591797,134.00405883789062,48.540321350097656,35.30034255981445,58.321075439453125,105.09351348876953,89.57888793945312,10.143274307250977,29.1783447265625,78.41454315185547,100.15695190429688,29.079959869384766,29.762523651123047,93.88432312011719,90.92738342285156,51.90209197998047,5.912632942199707,88.96942138671875,31.59568214416504,66.4857406616211,186.61300659179688,63.46002197265625,8.150052070617676,31.430204391479492,90.95621490478516,67.030517578125,41.89414596557617,108.41903686523438,32.905662536621094,43.82796096801758,24.19806671142578,51.02259826660156,16.08001136779785,23.41408348083496,29.864538192749023,49.69962692260742,180.5929718017578,76.74836730957031,39.041751861572266,35.50325012207031,57.946807861328125,30.057598114013672,78.3133544921875,20.961524963378906,66.49227142333984,105.55115509033203,64.95587921142578,87.6148452758789,22.24808692932129,48.150970458984375,96.52034759521484,45.326847076416016,103.25081634521484,59.288700103759766,34.025474548339844,106.66983795166016,185.1671600341797,52.78205490112305,51.989097595214844,33.665958404541016,95.3680191040039,52.91106414794922,114.64949798583984,76.69269561767578,30.559978485107422,104.47434997558594,38.57425308227539,120.45187377929688,16.679407119750977,20.15044593811035,30.179149627685547,56.572208404541016,13.624157905578613
2016-09-01,25.852914810180664,35.033119201660156,108.54000091552734,70.84519958496094,45.241024017333984,46.106529235839844,55.53385925292969,27.09913444519043,123.79603576660156,102.95600128173828,49.52250671386719,108.87181854248047,55.80824279785156,121.21104431152344,12.518786430358887,40.81574249267578,117.73847961425781,37.90923309326172,34.96095657348633,71.28385925292969,105.79576873779297,58.55171203613281,92.62071228027344,31.9082088470459,38.500789642333984,23.571346282958984,8.864520072937012,65.3564224243164,67.50383758544922,48.151329040527344,75.20751190185547,73.48284912109375,85.55863952636719,50.72187805175781,53.33842086791992,109.26791381835938,52.665035247802734,42.695953369140625,53.31593704223633,7.12172269821167,9.780900955200195,119.96328735351562,124.93183898925781,128.0467071533203,43.783626556396484,36.989227294921875,56.60155487060547,100.83085632324219,89.4867935180664,11.05954647064209,28.926666259765625,75.046875,100.13800811767578,30.5870304107666,29.449491500854492,95.1862564086914,90.00543975830078,51.20237731933594,5.951048851013184,88.26373291015625,31.03969383239746,68.6321029663086,184.1168975830078,59.85433578491211,8.29875373840332,28.726428985595703,90.72029876708984,66.87748718261719,41.05592727661133,106.59837341308594,31.78148078918457,43.88217544555664,24.19806671142578,51.146907806396484,17.337940216064453,23.681257247924805,30.703582763671875,45.523414611816406,182.19395446777344,79.33114624023438,40.104759216308594,33.83230209350586,55.52448272705078,29.71430206298828,79.7952651977539,20.401342391967773,68.35049438476562,108.13545989990234,64.94867706298828,85.52958679199219,22.354320526123047,52.296531677246094,101.85717010498047,43.642112731933594,98.69957733154297,59.394622802734375,34.00558853149414,109.27745819091797,185.1779022216797,52.60747146606445,50.87065505981445,32.50956344604492,92.54578399658203,53.39801788330078,118.5229721069336,78.29833221435547,29.88286781311035,104.3458480834961,33.623382568359375,109.33988189697266,18.471649169921875,20.342247009277344,30.267065048217773,56.663089752197266,14.121255874633789
2016-10-01,25.9649658203125,32.713134765625,107.51000213623047,69.92948150634766,45.68489074707031,47.94022750854492,54.50634002685547,26.137405395507812,104.76024627685547,101.74639129638672,46.30289840698242,105.1048355102539,58.17357635498047,131.04666137695312,13.198722839355469,40.80717086791992,109.99539184570312,36.04106140136719,36.38218688964844,67.61144256591797,106.93244934082031,56.66440963745117,89.39855194091797,32.0780143737793,38.497379302978516,22.986940383911133,8.867426872253418,62.07040023803711,68.7041015625,48.75423812866211,78.08055114746094,76.02266693115234,85.40203094482422,46.07260513305664,53.32509231567383,102.49027252197266,52.83985900878906,39.69602966308594,51.741859436035156,7.013311386108398,10.069106101989746,119.71605682373047,121.97665405273438,125.7987289428711,42.80723571777344,37.912296295166016,59.88139343261719,95.6043701171875,84.63165283203125,10.318916320800781,29.473695755004883,80.4320068359375,96.88517761230469,28.253503799438477,27.63882064819336,90.20616912841797,88.37493133544922,53.64252471923828,6.412039756774902,80.05591583251953,31.098363876342773,63.14219284057617,189.23207092285156,55.51804733276367,8.487143516540527,29.912296295166016,88.52620697021484,63.487178802490234,39.56938934326172,99.98696899414062,33.23408508300781,41.28763198852539,25.489547729492188,53.206993103027344,16.733354568481445,24.780912399291992,28.945297241210938,43.38774108886719,195.01014709472656,76.01276397705078,39.618141174316406,33.219764709472656,55.51688766479492,29.863351821899414,78.64349365234375,19.100282669067383,66.6142349243164,105.7406997680664,69.343017578125,77.06431579589844,22.205596923828125,52.46446990966797,99.67583465576172,42.77958679199219,95.6192855834961,59.08496856689453,34.18458557128906,105.21063232421875,181.96743774414062,53.045684814453125,50.90769577026367,32.0617790222168,87.39940643310547,53.907814025878906,119.64891815185547,70.79203033447266,31.185749053955078,103.85960388183594,34.937042236328125,101.01937103271484,17.55197525024414,19.749919891357422,30.568714141845703,54.09221267700195,13.619416236877441
2016-11-01,25.40410041809082,31.737720489501953,102.80999755859375,77.12645721435547,41.99720764160156,49.20672607421875,56.38496398925781,29.034305572509766,107.6421127319336,104.74836730957031,51.33953094482422,113.80187225341797,63.09581756591797,139.59068298339844,16.957040786743164,38.156925201416016,110.77491760253906,39.955970764160156,41.87948989868164,77.41374969482422,107.77440643310547,51.79680633544922,86.07645416259766,35.82106018066406,40.30392837524414,22.342588424682617,10.46133041381836,56.74903106689453,73.90321350097656,47.95702362060547,80.85205078125,86.26811981201172,91.32644653320312,50.31874084472656,49.719970703125,104.78841400146484,49.265594482421875,44.6328125,54.47509765625,7.1447343826293945,13.82475757598877,131.63133239746094,141.89071655273438,132.97486877441406,42.08896255493164,43.75575256347656,61.302879333496094,101.93338775634766,88.4386978149414,10.966964721679688,26.212446212768555,76.34196472167969,103.19021606445312,28.32863998413086,30.210107803344727,99.427734375,85.38752746582031,62.09241485595703,6.864940643310547,80.89558410644531,29.844972610473633,57.77165222167969,205.12904357910156,58.76665115356445,9.28976821899414,30.312349319458008,94.52452087402344,56.51303482055664,37.64189529418945,104.54846954345703,32.13331985473633,43.024356842041016,31.404449462890625,53.8703727722168,19.044431686401367,22.28457260131836,25.350576400756836,43.29263687133789,212.59507751464844,87.5782699584961,50.4371223449707,34.750205993652344,54.336631774902344,29.316892623901367,73.97808074951172,19.552366256713867,63.283512115478516,120.28170013427734,80.17964935302734,79.71930694580078,21.63655662536621,52.420894622802734,112.0043716430664,46.945919036865234,92.24239349365234,63.48065185546875,31.398967742919922,103.04825592041016,188.6708526611328,59.535675048828125,57.69614791870117,34.17839431762695,91.57630157470703,56.66286087036133,134.5662384033203,81.83390045166016,34.57188034057617,115.46246337890625,40.51882553100586,110.19544219970703,18.453624725341797,19.86556625366211,28.700010299682617,57.177947998046875,13.033936500549316
2016-12-01,26.622360229492188,32.02118682861328,102.94999694824219,83.04944610595703,44.77804946899414,50.99928283691406,59.771942138671875,29.097427368164062,109.24101257324219,102.38902282714844,49.40896224975586,113.9731216430664,64.882568359375,144.337646484375,17.743873596191406,38.13113784790039,108.93205261230469,41.371826171875,44.13721466064453,75.1292495727539,111.8249740600586,51.963565826416016,89.39855194091797,37.01705551147461,42.84019088745117,22.642276763916016,10.496389389038086,58.2398796081543,77.97065734863281,50.116363525390625,83.6838607788086,89.22850799560547,96.7655029296875,51.92649459838867,52.314815521240234,105.54827117919922,52.02648162841797,44.087162017822266,54.95012664794922,7.246287822723389,11.879380226135254,128.1355743408203,139.71397399902344,137.63427734375,42.66221237182617,44.72854995727539,55.84672164916992,105.62004089355469,89.92120361328125,10.657998085021973,26.64881134033203,81.70579528808594,105.5883560180664,29.610368728637695,32.90122985839844,97.77484893798828,88.38721466064453,66.83241271972656,6.765199661254883,80.50043487548828,30.666011810302734,63.30610275268555,193.28916931152344,59.241458892822266,9.304583549499512,26.45249366760254,96.46621704101562,55.46445846557617,38.716590881347656,108.70628356933594,34.296783447265625,41.71072769165039,32.080230712890625,55.55104446411133,21.37501335144043,23.304868698120117,26.6641788482666,44.10834503173828,198.7753143310547,88.90272521972656,48.56842041015625,33.24570846557617,54.8294677734375,31.452415466308594,77.32595825195312,19.759204864501953,64.52678680419922,121.20811462402344,84.83637237548828,78.74699401855469,22.273935317993164,50.166465759277344,112.58236694335938,44.96184539794922,93.7876968383789,63.7802619934082,32.988365173339844,93.1323013305664,192.49557495117188,59.00570297241211,53.95382308959961,32.7779426574707,99.47445678710938,55.927093505859375,136.02816772460938,83.73175811767578,35.9837760925293,115.00299072265625,42.195648193359375,123.30845642089844,18.838132858276367,19.635597229003906,30.194305419921875,59.11663055419922,12.27258586883545
2017-01-01,27.89348030090332,35.04724884033203,113.37999725341797,81.60307312011719,45.560386657714844,50.179351806640625,60.65090560913086,30.882770538330078,117.06365966796875,103.76509094238281,46.752803802490234,110.75565338134766,67.18231201171875,151.51373291015625,18.17743492126465,41.201229095458984,116.65695190429688,35.03199768066406,41.46359634399414,78.13775634765625,111.29168701171875,51.577083587646484,89.97648620605469,35.99823760986328,44.3427734375,23.214548110961914,13.552111625671387,58.517765045166016,73.76408386230469,49.91352462768555,87.20845794677734,92.70099639892578,102.7355728149414,53.88075637817383,52.93489074707031,108.16852569580078,52.499603271484375,46.38838577270508,57.9724235534668,7.502685070037842,14.995584487915039,130.13807678222656,147.16294860839844,129.35879516601562,43.48789978027344,46.779335021972656,59.60332107543945,108.37710571289062,91.83839416503906,10.808819770812988,27.924848556518555,83.31732177734375,111.0143814086914,30.05937957763672,35.09628677368164,101.55941009521484,86.88355255126953,65.90939331054688,7.318075180053711,85.44528198242188,30.747364044189453,66.30139923095703,194.3641357421875,61.17245864868164,10.108051300048828,25.165876388549805,97.13985443115234,59.19429016113281,39.63751983642578,106.42345428466797,36.10240936279297,43.92131423950195,32.409706115722656,57.794898986816406,23.510555267333984,24.13593101501465,28.393787384033203,45.90460968017578,195.7841033935547,96.62734985351562,47.401546478271484,34.81684875488281,52.16612243652344,31.717615127563477,76.69776916503906,19.302947998046875,67.76099395751953,127.38107299804688,87.77298736572266,83.10981750488281,22.790719985961914,41.11034393310547,123.96622467041016,44.71888732910156,99.4928970336914,63.597930908203125,33.14932632446289,104.0788345336914,195.94021606445312,57.851688385009766,48.16477966308594,32.686317443847656,95.70415496826172,58.26439666748047,137.77908325195312,86.07381439208984,36.8803825378418,117.92516326904297,43.1297492980957,118.64119720458984,17.446741104125977,18.95949363708496,30.654260635375977,54.94453811645508,16.98945426940918
2017-02-01,31.625001907348633,37.82450866699219,118.33999633789062,82.92015075683594,48.07368469238281,49.91386032104492,66.56128692626953,32.75218963623047,132.80429077148438,106.48123168945312,41.10214614868164,111.31835174560547,70.41918182373047,168.53640747070312,19.81532859802246,43.789737701416016,120.44705963134766,40.4122200012207,44.54658889770508,78.95458984375,116.94560241699219,58.28577423095703,102.58067321777344,35.30753707885742,42.29058074951172,25.82920265197754,14.239546775817871,59.83202362060547,75.23927307128906,50.80343246459961,91.0548324584961,94.8139419555664,102.21562194824219,55.81519317626953,56.253902435302734,111.62615203857422,54.905860900878906,47.88550567626953,58.95528793334961,7.6058783531188965,12.068517684936523,132.80130004882812,154.25770568847656,130.8734893798828,42.01927185058594,44.358604431152344,69.97667694091797,114.15128326416016,97.15328216552734,12.475027084350586,27.117111206054688,86.08281707763672,115.29022216796875,29.764205932617188,32.96658706665039,105.3998031616211,94.37791442871094,70.57438659667969,7.797451972961426,93.50098419189453,31.035825729370117,71.75604248046875,207.57781982421875,62.25225830078125,10.431906700134277,25.072717666625977,101.91053009033203,63.001991271972656,40.82809829711914,114.18122863769531,37.99933624267578,46.67038345336914,34.83527374267578,57.54269790649414,22.857215881347656,25.752124786376953,26.79722785949707,49.60125732421875,211.17637634277344,100.08392333984375,51.05723190307617,36.96958541870117,50.457279205322266,32.957645416259766,81.575439453125,20.96837043762207,70.44514465332031,134.65675354003906,92.7059097290039,85.45743560791016,24.125192642211914,43.86336898803711,127.20538330078125,46.26263427734375,104.35967254638672,61.426597595214844,34.48086929321289,112.47688293457031,203.63897705078125,60.516517639160156,44.303993225097656,34.34492874145508,99.32820892333984,59.097381591796875,140.56700134277344,87.66922760009766,38.526527404785156,111.05998229980469,44.61750793457031,121.1512222290039,17.144269943237305,20.14978790283203,32.42734909057617,53.748329162597656,18.239757537841797
2017-03-01,33.164817810058594,37.26234817504883,130.1300048828125,83.1890640258789,48.18852996826172,48.998905181884766,66.01850128173828,35.175594329833984,123.43058776855469,109.28021240234375,40.16427230834961,107.96316528320312,69.58357238769531,165.38502502441406,18.997913360595703,44.71227264404297,121.18463897705078,38.751834869384766,44.554046630859375,75.76893615722656,115.90003967285156,58.453495025634766,101.09612274169922,37.014652252197266,40.78707504272461,25.542037963867188,13.650140762329102,58.287567138671875,71.8083724975586,51.25605392456055,93.58912658691406,94.79340362548828,105.27960205078125,55.989402770996094,55.88592529296875,113.19428253173828,55.347721099853516,47.694278717041016,61.23428726196289,7.06563663482666,12.032492637634277,134.57366943359375,152.1365966796875,130.82957458496094,41.07267761230469,40.8321533203125,72.10765838623047,116.36762237548828,97.44198608398438,12.940506935119629,26.640148162841797,86.79788208007812,111.64852905273438,29.657312393188477,31.765539169311523,106.28685760498047,96.18500518798828,68.40933227539062,8.225740432739258,93.53221893310547,31.66792106628418,72.88250732421875,208.3721160888672,68.81481170654297,11.339113235473633,24.95578384399414,103.47530364990234,63.06373596191406,40.467193603515625,117.23262023925781,36.515499114990234,45.34440612792969,32.67667770385742,59.23354721069336,28.18146324157715,25.235118865966797,25.8345890045166,48.511043548583984,204.0174102783203,92.59187316894531,49.03950500488281,38.723018646240234,49.35122299194336,32.096126556396484,83.23706817626953,21.023679733276367,69.50140380859375,139.42250061035156,87.61266326904297,87.66834259033203,24.724266052246094,44.53126907348633,131.0863494873047,47.499122619628906,96.51777648925781,59.69907760620117,33.77521896362305,113.58018493652344,203.89353942871094,60.731590270996094,41.605194091796875,34.62074279785156,98.48711395263672,62.13634490966797,139.92208862304688,86.02857208251953,36.26747512817383,110.94023895263672,42.906185150146484,116.88069152832031,18.084871292114258,20.62703514099121,33.25151443481445,54.204368591308594,18.150390625
2017-04-01,33.162506103515625,36.84022903442383,133.74000549316406,84.89523315429688,48.6910285949707,47.8059196472168,65.85647583007812,36.72187423706055,122.86637115478516,110.67086029052734,38.204307556152344,112.12081146240234,69.9928970336914,172.83792114257812,18.79657554626465,48.005760192871094,123.51667785644531,40.231712341308594,44.150211334228516,84.22261810302734,116.75064849853516,57.8461799621582,100.84398651123047,35.55989456176758,41.25681686401367,25.970355987548828,14.908122062683105,61.606773376464844,71.36026763916016,51.16355514526367,92.49919891357422,97.18804168701172,107.33151245117188,54.965065002441406,56.21981430053711,116.5809097290039,56.50227355957031,48.028926849365234,62.46472930908203,7.056273937225342,11.48310661315918,130.81536865234375,158.20013427734375,127.27349090576172,40.361228942871094,38.069095611572266,72.0009994506836,123.71437072753906,102.33477783203125,13.620826721191406,27.120933532714844,85.96366119384766,102.76872253417969,29.723087310791016,33.76104736328125,110.79607391357422,95.35094451904297,68.14448547363281,8.498287200927734,92.19635009765625,32.197715759277344,71.10614776611328,209.81259155273438,71.34894561767578,12.79581356048584,21.847272872924805,111.71437072753906,65.04422760009766,41.63650131225586,119.98986053466797,36.699562072753906,44.48091506958008,33.2307243347168,61.571937561035156,26.982051849365234,26.25537872314453,26.500843048095703,48.23249435424805,210.98269653320312,97.15656280517578,50.361572265625,39.194969177246094,47.93362808227539,31.8790225982666,84.2937240600586,20.845462799072266,68.06939697265625,139.83985900878906,87.66414642333984,91.63960266113281,25.200368881225586,41.735450744628906,132.46697998046875,48.857635498046875,93.30738067626953,55.487266540527344,33.78880310058594,116.57736206054688,205.9174346923828,64.0042495727539,42.10272979736328,34.4281120300293,99.40220642089844,61.45074462890625,149.19566345214844,90.93429565429688,36.11256408691406,111.30858612060547,41.50322341918945,126.67021179199219,18.720502853393555,21.514158248901367,33.70035934448242,53.96642303466797,17.779470443725586
2017-05-01,35.411170959472656,38.545494079589844,141.86000061035156,83.17282104492188,51.9747428894043,49.94074249267578,69.94766998291016,41.58026885986328,117.63206481933594,120.89385986328125,36.727657318115234,114.9617691040039,67.95272827148438,176.79945373535156,18.10689353942871,51.273681640625,125.00965881347656,38.724365234375,45.210662841796875,86.83349609375,121.80352783203125,61.31499099731445,102.3828125,33.35559844970703,41.33570098876953,24.034210205078125,15.94388198852539,57.414459228515625,69.91075897216797,53.87254333496094,91.2619400024414,106.63603973388672,100.21940612792969,57.83161163330078,58.993675231933594,119.96752166748047,59.5178337097168,47.492027282714844,64.40279388427734,6.840958118438721,10.34830379486084,133.67022705078125,165.92282104492188,120.20515441894531,39.820838928222656,37.49655532836914,76.46878814697266,122.36482238769531,104.30386352539062,13.577401161193848,25.999923706054688,92.08531951904297,98.81350708007812,29.911067962646484,33.37655258178711,113.3073959350586,99.69915771484375,64.34561157226562,9.046875953674316,92.18212890625,33.928855895996094,69.3937759399414,220.32122802734375,66.21296691894531,13.707464218139648,22.705690383911133,120.46440124511719,65.97579956054688,43.407833099365234,126.0320816040039,38.57084655761719,46.464820861816406,31.98179054260254,63.17314910888672,30.004972457885742,28.000829696655273,26.767332077026367,46.125972747802734,222.3570556640625,103.09661102294922,47.70922088623047,39.569828033447266,45.90068435668945,32.50139617919922,87.56239318847656,20.25920295715332,68.66175079345703,137.51406860351562,86.89544677734375,89.05846405029297,26.390621185302734,44.9149169921875,134.26766967773438,51.95866012573242,94.70543670654297,53.576290130615234,34.742435455322266,124.43508911132812,208.82347106933594,62.142879486083984,42.02694320678711,33.058284759521484,102.00859069824219,64.01962280273438,149.45162963867188,90.08287048339844,35.83790969848633,115.0083236694336,39.698482513427734,127.32392120361328,17.479806900024414,22.64337921142578,35.8398323059082,53.708763122558594,17.48273277282715
2017-06-01,33.385169982910156,41.03584289550781,141.44000244140625,83.71746826171875,50.30211639404297,49.31544494628906,71.95733642578125,37.438568115234375,130.50608825683594,122.77782440185547,37.64663314819336,114.91748809814453,74.40000915527344,186.3353271484375,19.601659774780273,52.3370246887207,129.38632202148438,39.994834899902344,49.94532012939453,88.50543975830078,124.2758560180664,59.52439498901367,100.50459289550781,32.81074142456055,37.392147064208984,23.858888626098633,16.058666229248047,60.12712478637695,70.48499298095703,51.1112174987793,93.57917785644531,108.15190124511719,98.65029907226562,56.19929504394531,57.554622650146484,120.21858978271484,58.10160446166992,47.8936882019043,64.77731323242188,6.884021282196045,10.816635131835938,150.2248077392578,161.7187042236328,119.58110046386719,38.880401611328125,35.58013916015625,81.00927734375,122.27713775634766,104.53915405273438,12.746246337890625,26.371017456054688,85.77428436279297,99.59034729003906,27.94793128967285,35.7308235168457,115.46371459960938,102.83977508544922,71.59086608886719,7.960380554199219,92.42617797851562,33.74163818359375,71.77461242675781,217.56251525878906,65.170654296875,12.52920913696289,21.337997436523438,123.04315185546875,69.47500610351562,40.64039993286133,128.32501220703125,38.38545227050781,46.073211669921875,34.14252853393555,62.34999465942383,29.11759376525879,27.741491317749023,25.42538833618164,51.532527923583984,221.05673217773438,101.15984344482422,47.83838653564453,43.710750579833984,47.21492004394531,31.42877960205078,86.5284423828125,20.842466354370117,67.92910766601562,139.56626892089844,91.41227722167969,92.07282257080078,25.819664001464844,43.307159423828125,137.008544921875,47.62944030761719,87.65345764160156,50.6892204284668,32.86835861206055,127.20600128173828,210.1547393798828,68.74309539794922,39.84748840332031,31.72206687927246,103.98487091064453,59.70455551147461,158.8409423828125,88.9476089477539,36.76344680786133,116.88131713867188,43.01314926147461,131.4961395263672,18.698366165161133,21.802173614501953,34.58515167236328,53.862220764160156,17.91547203063965
2017-07-01,34.47698211669922,41.74678421020508,146.49000549316406,97.15834045410156,51.07688903808594,51.626609802246094,74.04025268554688,40.15740966796875,132.2337646484375,127.93727111816406,39.06871032714844,114.18650817871094,75.55850982666016,228.46450805664062,19.488542556762695,52.2851448059082,133.55751037597656,41.12686538696289,51.11776351928711,94.52810668945312,125.19906616210938,58.297489166259766,101.3385009765625,34.06991958618164,38.14167404174805,24.197202682495117,14.522265434265137,60.11948013305664,73.76839447021484,51.478065490722656,95.97985076904297,112.25608825683594,102.82637023925781,58.847434997558594,58.60807800292969,119.24053955078125,59.56815719604492,47.88565444946289,65.12689971923828,6.991122722625732,13.167290687561035,143.79640197753906,160.9508514404297,113.38288879394531,39.41525650024414,35.35521697998047,77.33255767822266,119.2480697631836,106.75872802734375,13.927538871765137,26.555788040161133,84.12861633300781,93.66015625,29.380939483642578,34.702022552490234,113.41638946533203,103.17404174804688,72.2996826171875,8.05781078338623,88.16674041748047,34.486427307128906,72.08857727050781,228.9419403076172,65.42467498779297,14.126481056213379,19.841463088989258,124.63382720947266,66.07537078857422,39.91320037841797,123.99800872802734,33.488677978515625,45.9222297668457,36.12678146362305,65.7601318359375,27.420856475830078,28.92138671875,29.177570343017578,51.57618713378906,226.5851287841797,93.57909393310547,47.673057556152344,43.69186782836914,48.83946990966797,32.86101150512695,87.36759185791016,20.575654983520508,71.34505462646484,144.94558715820312,94.84843444824219,88.12899780273438,25.599267959594727,41.71510314941406,139.60552978515625,44.092559814453125,90.29796600341797,52.81410598754883,32.902687072753906,133.82814025878906,214.47433471679688,71.42450714111328,43.18525314331055,30.904508590698242,105.26691436767578,63.54311752319336,164.31497192382812,84.08820343017578,37.37239074707031,113.59667205810547,41.872047424316406,122.06732177734375,19.6246395111084,23.0438175201416,35.663108825683594,53.401859283447266,19.125219345092773
2017-08-01,38.1660041809082,43.24076843261719,155.16000366210938,86.99392700195312,53.758583068847656,47.706302642822266,73.93521881103516,40.98612594604492,135.61248779296875,128.85397338867188,30.667510986328125,116.77307891845703,76.32978820800781,227.17306518554688,19.401445388793945,53.77388000488281,132.25770568847656,43.71446990966797,51.03939437866211,97.46472930908203,120.89069366455078,57.845306396484375,105.16463470458984,32.78580856323242,33.35499954223633,24.781944274902344,14.835328102111816,58.171409606933594,73.4382553100586,53.03761291503906,99.5805892944336,101.44877624511719,94.66049194335938,59.79659652709961,60.73115158081055,120.71661376953125,61.09046173095703,47.807498931884766,60.2118034362793,6.872732639312744,13.311394691467285,148.18568420410156,165.0662384033203,108.68999481201172,37.71571350097656,32.46448516845703,71.759765625,120.16976928710938,108.9723129272461,13.912954330444336,23.890111923217773,84.33042907714844,93.57673645019531,29.267675399780273,34.305641174316406,110.83709716796875,103.5565414428711,71.58297729492188,8.204940795898438,88.25978088378906,34.26826095581055,71.34595489501953,240.75572204589844,62.45770263671875,14.704082489013672,16.219999313354492,129.27655029296875,63.43927764892578,39.84199523925781,126.6639404296875,32.6794319152832,45.90787887573242,35.04835510253906,67.99287414550781,31.175134658813477,29.991865158081055,30.095998764038086,46.28447723388672,235.27297973632812,100.72525787353516,45.556819915771484,44.041900634765625,47.08084487915039,34.227474212646484,87.3150405883789,21.252822875976562,72.484130859375,141.09165954589844,92.3520278930664,87.72577667236328,26.2070255279541,41.44765090942383,139.42474365234375,45.0136604309082,78.10165405273438,48.89539337158203,33.52614974975586,134.83836364746094,215.10009765625,70.85758972167969,42.02265548706055,31.920574188232422,99.58814239501953,64.66747283935547,170.38865661621094,86.49984741210938,36.28902816772461,112.12652587890625,39.9321174621582,118.5416488647461,18.358732223510742,22.63216209411621,37.313961029052734,51.42021942138672,20.12295150756836
2017-09-01,35.86673355102539,45.29499816894531,149.17999267578125,89.79630279541016,51.283485412597656,48.680564880371094,75.08710479736328,47.31754684448242,142.23402404785156,135.2799835205078,36.16304016113281,121.4722671508789,80.19501495361328,240.9649658203125,20.579010009765625,54.38926696777344,130.4212646484375,46.070770263671875,54.57305145263672,103.45414733886719,122.46940612792969,58.822303771972656,100.13906860351562,37.58430099487305,33.80262756347656,25.87447166442871,16.035154342651367,61.16495895385742,80.18018341064453,51.79871368408203,103.43531799316406,110.4394302368164,92.200439453125,64.38279724121094,58.37981414794922,116.79916381835938,58.48794937133789,50.88456344604492,64.43231964111328,7.4584431648254395,12.64492416381836,156.29324340820312,168.5339813232422,108.12149810791016,36.65348815917969,38.52384948730469,71.33615112304688,131.14675903320312,111.70703125,14.655526161193848,24.978151321411133,87.74641418457031,94.91796112060547,31.779685974121094,36.18425369262695,119.89303588867188,101.71025085449219,75.22157287597656,9.28299331665039,84.9284896850586,34.131446838378906,75.07603454589844,244.61863708496094,67.57162475585938,16.43611717224121,15.479999542236328,126.61778259277344,61.56043243408203,42.98731994628906,130.12319946289062,33.03856658935547,46.362998962402344,37.10504913330078,67.7382583618164,38.352142333984375,29.202756881713867,29.502155303955078,45.4431037902832,248.67837524414062,110.52032470703125,46.64264678955078,42.309268951416016,51.275779724121094,34.11594772338867,84.07083892822266,22.36809539794922,71.47074890136719,153.48287963867188,99.24473571777344,91.37541198730469,25.604013442993164,41.10667419433594,151.4499969482422,44.070072174072266,78.22838592529297,54.13335418701172,34.137489318847656,136.5682373046875,219.43426513671875,73.51648712158203,45.475074768066406,32.551910400390625,101.30895233154297,69.99269104003906,168.41253662109375,95.26483917236328,38.15734100341797,110.5915298461914,43.122314453125,127.39672088623047,18.7181339263916,22.652454376220703,35.93378829956055,55.226375579833984,20.913002014160156
2017-10-01,39.33891296386719,46.258697509765625,175.16000366210938,95.49688720703125,54.32807540893555,51.23394012451172,76.68018341064453,51.259918212890625,133.6671905517578,133.14186096191406,32.860069274902344,128.86570739746094,85.00776672363281,244.53854370117188,22.24384117126465,55.880104064941406,138.88742065429688,44.83746337890625,55.14325714111328,113.32587432861328,129.57447814941406,57.197269439697266,96.68655395507812,38.61577606201172,34.463417053222656,26.501596450805664,14.903297424316406,51.88410186767578,79.08155822753906,54.633399963378906,108.03709411621094,116.8499984741211,91.48956298828125,67.27117156982422,61.433773040771484,118.66088104248047,62.38084030151367,52.19633865356445,67.14253997802734,7.740304470062256,12.590887069702148,156.4525909423828,167.066650390625,90.14593505859375,37.11594009399414,35.77035140991211,68.03201293945312,132.92686462402344,113.61426544189453,15.822980880737305,24.351716995239258,85.34317779541016,100.79309844970703,37.963687896728516,36.470829010009766,126.8292007446289,109.06413269042969,79.70142364501953,9.536087989807129,81.19737243652344,34.86700439453125,71.91641235351562,242.939453125,67.92646026611328,18.526161193847656,14.119999885559082,134.885009765625,63.737266540527344,41.885013580322266,142.7015838623047,33.4553337097168,39.889705657958984,38.70381546020508,75.64058685302734,43.20832443237305,30.90052604675293,28.440366744995117,48.195098876953125,255.4285888671875,109.83499908447266,48.13249969482422,44.71636199951172,51.563270568847656,36.2919921875,83.16544342041016,21.967090606689453,68.33397674560547,160.138916015625,101.30028533935547,97.74961853027344,25.34088706970215,40.44851303100586,170.66482543945312,44.997257232666016,79.0633773803711,49.66363525390625,36.26325607299805,136.7080078125,224.60498046875,70.79252624511719,45.49819564819336,30.816823959350586,109.51981353759766,75.98062133789062,180.76942443847656,95.11698150634766,38.71984100341797,112.57958984375,43.896400451660156,113.2300033569336,17.776302337646484,25.310800552368164,37.604427337646484,56.14927291870117,19.040945053100586
2017-11-01,40.136619567871094,48.084110260009766,181.47000122070312,94.01834106445312,57.14823913574219,47.54660415649414,84.17818450927734,48.01691436767578,134.91883850097656,130.162109375,33.22544479370117,131.7836151123047,86.95674133300781,263.7884216308594,22.974781036376953,56.93864059448242,151.89295959472656,45.95003890991211,56.88731384277344,117.79048156738281,130.68267822265625,58.82102584838867,106.43695068359375,38.411930084228516,35.8675651550293,28.946102142333984,16.5389404296875,57.993892669677734,81.95704650878906,57.17069625854492,108.09718322753906,131.78158569335938,98.04658508300781,69.1719741821289,62.65460205078125,123.43782043457031,65.05672454833984,52.91853713989258,65.74696350097656,7.898014545440674,12.536849021911621,160.36720275878906,170.50709533691406,81.78421020507812,40.43292999267578,34.96690368652344,68.34795379638672,144.91497802734375,123.5428237915039,15.749557495117188,28.485885620117188,89.6954345703125,101.74107360839844,37.64299392700195,36.36813735961914,137.14442443847656,109.6690444946289,82.7988510131836,9.005837440490723,86.4295883178711,34.992313385009766,74.75526428222656,253.1583709716797,70.83211517333984,17.08365249633789,18.25,139.8026123046875,65.01168060302734,43.000213623046875,151.49002075195312,35.33595275878906,40.02003860473633,39.9500846862793,76.92523956298828,41.3360595703125,31.691787719726562,29.093175888061523,52.95415115356445,265.6879577636719,116.39937591552734,47.857826232910156,43.099891662597656,56.298744201660156,39.13928985595703,88.52098083496094,22.92656135559082,71.2227554321289,165.00746154785156,104.09219360351562,98.64490509033203,24.74041748046875,53.048240661621094,164.81210327148438,47.693729400634766,87.64214324951172,48.771236419677734,35.97023010253906,144.94212341308594,231.47024536132812,73.37026977539062,46.63969802856445,33.509010314941406,112.09969329833984,76.45210266113281,196.8671875,104.49976348876953,39.26809310913086,116.42082214355469,44.46293258666992,117.23309326171875,18.119354248046875,28.186567306518555,39.191524505615234,56.628143310546875,18.632610321044922
2017-12-01,39.52470397949219,48.68124008178711,175.24000549316406,96.78679656982422,54.159420013427734,47.49848556518555,85.8591079711914,46.515525817871094,133.5670623779297,124.38827514648438,33.53523635864258,133.3941192626953,88.3806381225586,281.04718017578125,24.075809478759766,56.16532897949219,142.9647216796875,44.56113815307617,56.06602096557617,131.50143432617188,126.15789031982422,61.25668716430664,113.65808868408203,41.43928909301758,35.00180435180664,29.722129821777344,16.31941032409668,54.889808654785156,86.2274398803711,55.08445358276367,106.98552703857422,138.15213012695312,101.37171173095703,71.49398040771484,59.09263229370117,122.2282943725586,62.06838607788086,56.89438247680664,66.78668212890625,7.879089832305908,17.0760498046875,173.2559051513672,167.4534912109375,78.56688690185547,42.38450622558594,41.07016372680664,66.78290557861328,152.74008178710938,121.4832534790039,15.527819633483887,28.438997268676758,91.78157806396484,101.37763214111328,38.751136779785156,37.222572326660156,135.8336181640625,109.97600555419922,84.71595764160156,9.255123138427734,87.7761001586914,35.076419830322266,74.59628295898438,254.6893768310547,78.96289825439453,16.395313262939453,15.380000114440918,139.92457580566406,64.2809829711914,43.1060676574707,146.64889526367188,37.53619384765625,41.090702056884766,40.615779876708984,78.17728424072266,40.09764862060547,31.3207950592041,29.571928024291992,55.00300216674805,266.1300964355469,121.66385650634766,53.23133850097656,41.53614807128906,59.48207092285156,38.30072784423828,91.10396575927734,22.90127182006836,72.7186050415039,175.64773559570312,106.85445404052734,98.61956024169922,21.11682891845703,51.19307327270508,167.6033477783203,47.37203598022461,93.32869720458984,52.70216751098633,33.78533172607422,148.3756103515625,234.27748107910156,75.43181610107422,50.805355072021484,33.91261672973633,112.76251220703125,82.07070922851562,190.2149658203125,110.77803039550781,38.363075256347656,118.94100952148438,47.769893646240234,117.28179168701172,19.218486785888672,28.778076171875,36.81076431274414,56.8661003112793,18.468847274780273
2018-01-01,39.104305267333984,53.2766227722168,199.75999450683594,102.10557556152344,50.633216857910156,50.95843505859375,80.98847961425781,48.79944610595703,142.8990936279297,132.30821228027344,35.831939697265625,136.8817901611328,88.77285766601562,337.7120056152344,26.09844207763672,62.58645248413086,162.25291442871094,45.8196907043457,59.132659912109375,136.47134399414062,134.8083953857422,60.58702087402344,108.90404510498047,44.39870071411133,34.1175422668457,32.476932525634766,16.841537475585938,59.946510314941406,86.33765411376953,51.944942474365234,113.5350570678711,146.8997344970703,102.46548461914062,75.18937683105469,55.15123748779297,125.41657257080078,58.71472930908203,58.96803665161133,70.97933959960938,7.090643882751465,17.562395095825195,182.24021911621094,183.85711669921875,72.80379486083984,42.15619659423828,45.1292839050293,69.90956115722656,161.9030303955078,126.48165130615234,17.235069274902344,26.972381591796875,89.21031188964844,108.17052459716797,40.4133415222168,40.38333511352539,141.38583374023438,108.77171325683594,92.10900115966797,9.67176342010498,85.11357116699219,36.38373947143555,71.93782043457031,281.5028991699219,89.32176208496094,17.058895111083984,15.84000015258789,139.1278839111328,68.3726577758789,46.00772476196289,156.0757598876953,36.973751068115234,43.26683044433594,43.965328216552734,86.83219146728516,42.632999420166016,31.767972946166992,31.92853546142578,59.9888916015625,295.2829284667969,126.68492889404297,56.06121063232422,45.4990348815918,60.53993606567383,38.57590103149414,91.39266204833984,23.41974639892578,68.85493469238281,177.26708984375,117.60318756103516,100.23199462890625,21.74453353881836,54.57556915283203,168.40574645996094,46.860618591308594,95.31938934326172,57.543025970458984,31.691743850708008,158.62355041503906,247.48117065429688,85.13804626464844,58.568241119384766,35.624671936035156,124.63396453857422,86.65745544433594,204.2959747314453,110.28235626220703,40.91201400756836,125.45470428466797,51.793365478515625,126.16974639892578,19.785776138305664,31.065750122070312,34.920867919921875,59.35449981689453,21.62407112121582
2018-02-01,41.770626068115234,51.7081413269043,209.1300048828125,95.24237060546875,48.746421813964844,45.71270751953125,75.65052032470703,52.49815368652344,142.21490478515625,130.5866241455078,27.271240234375,130.71934509277344,87.08494567871094,346.8874816894531,26.179988861083984,58.90232467651367,148.28102111816406,48.454689025878906,57.110538482666016,129.6385955810547,122.52330780029297,56.286197662353516,99.21189880371094,41.22208023071289,31.552316665649414,35.01004409790039,16.000579833984375,51.59711837768555,77.85479736328125,50.33439254760742,106.14820861816406,142.00074768066406,97.27008819580078,71.18437957763672,53.56270980834961,118.83053588867188,55.22826385498047,58.410091400146484,68.21524047851562,6.857950210571289,16.751819610595703,171.08277893066406,183.83233642578125,64.05461883544922,36.43351745605469,39.011192321777344,70.64877319335938,146.8893585205078,120.28260040283203,17.286802291870117,25.50316047668457,79.9867935180664,103.98397827148438,41.65948486328125,38.59361267089844,131.42930603027344,102.8853988647461,91.97364807128906,10.037773132324219,80.69056701660156,33.042781829833984,68.53145599365234,281.1611328125,76.40922546386719,17.089181900024414,15.899999618530273,129.04559326171875,63.59638214111328,45.165985107421875,147.60134887695312,33.08924865722656,39.59370422363281,43.55328369140625,86.10149383544922,47.5964469909668,30.728946685791016,30.10787582397461,58.94246292114258,303.52935791015625,117.33712005615234,54.75511169433594,44.687644958496094,52.973445892333984,36.01756286621094,83.36258697509766,23.170869827270508,62.61857223510742,157.63670349121094,117.33521270751953,95.29063415527344,19.547565460205078,52.422847747802734,155.02003479003906,47.355289459228516,95.497802734375,51.695858001708984,30.650480270385742,168.44384765625,238.48268127441406,82.03143310546875,59.2010612487793,36.823970794677734,115.55577087402344,85.61443328857422,195.13291931152344,108.16651916503906,38.921546936035156,109.3333969116211,46.264732360839844,112.96296691894531,17.497709274291992,26.23103904724121,33.115142822265625,52.02153396606445,19.210132598876953
2018-03-01,39.34581756591797,51.35674285888672,216.0800018310547,94.2381820678711,50.9837760925293,43.634429931640625,78.12357330322266,50.69321060180664,131.93006896972656,130.5958709716797,30.729053497314453,130.19387817382812,83.30718994140625,314.0097351074219,24.550912857055664,56.64657211303711,145.2250213623047,46.29545974731445,51.065834045410156,123.56031799316406,118.693603515625,58.4978141784668,102.30940246582031,45.001983642578125,31.74287986755371,33.532405853271484,16.593303680419922,47.391937255859375,79.32955169677734,46.34463882446289,96.1977310180664,137.64442443847656,94.70538330078125,69.84746551513672,55.077022552490234,125.23272705078125,57.47752380371094,56.14143753051758,68.10140991210938,7.161744594573975,15.824167251586914,167.05606079101562,182.55145263671875,61.19462203979492,32.47663497924805,39.60228729248047,62.31760787963867,144.46083068847656,115.02903747558594,16.295421600341797,26.964527130126953,80.5566177368164,102.38246154785156,44.01757049560547,34.60407257080078,128.1802978515625,101.51495361328125,87.57003784179688,9.65684986114502,80.8392105102539,33.496429443359375,68.84288024902344,269.585693359375,74.83991241455078,18.14133071899414,13.149999618530273,127.93297576904297,64.22822570800781,45.00102615356445,137.5799560546875,33.108543395996094,40.12409591674805,41.951698303222656,83.80596160888672,50.84364318847656,32.986907958984375,30.904945373535156,58.60038375854492,303.715576171875,114.55303955078125,51.471378326416016,40.34851837158203,53.083641052246094,37.72339630126953,83.53474426269531,22.647592544555664,63.224666595458984,151.0651397705078,112.55729675292969,94.57872009277344,19.592782974243164,44.68846130371094,149.36109924316406,48.01047897338867,93.76627349853516,51.018558502197266,31.78937339782715,167.79397583007812,231.9457550048828,77.40092468261719,54.50642776489258,36.32514572143555,116.04098510742188,82.09031677246094,185.25253295898438,111.63780975341797,36.37667465209961,106.02728271484375,41.51232147216797,107.20738220214844,15.866232872009277,26.082536697387695,35.10504150390625,51.24541473388672,18.392982482910156
2018-04-01,38.75484085083008,50.062374114990234,221.60000610351562,98.0582046508789,52.016998291015625,44.90129089355469,80.6123275756836,45.27839660644531,135.02560424804688,132.95616149902344,32.8972053527832,132.86277770996094,88.52344512939453,319.449462890625,24.493606567382812,60.53102493286133,155.39149475097656,38.40013122558594,51.64837646484375,121.63775634765625,117.73900604248047,53.54599380493164,90.84046936035156,49.715457916259766,30.13237762451172,34.90531539916992,17.689395904541016,53.603858947753906,87.0301742553711,45.746673583984375,95.4880599975586,119.9293212890625,94.60165405273438,65.92204284667969,56.989471435546875,132.26779174804688,59.09256362915039,54.587890625,63.94252014160156,7.362637042999268,13.736867904663086,171.9888916015625,167.08065795898438,63.87303161621094,31.86869239807129,44.70656204223633,65.59231567382812,149.77760314941406,115.16435241699219,15.97575855255127,28.63429832458496,74.84210968017578,96.73049926757812,43.62877655029297,33.392967224121094,116.20174407958984,100.20000457763672,87.06171417236328,9.012824058532715,76.00191497802734,33.326744079589844,72.1351089477539,255.95204162597656,70.64599609375,16.525075912475586,14.800000190734863,136.9810791015625,64.1561279296875,44.80776596069336,121.83020782470703,29.809383392333984,43.36525344848633,40.325592041015625,85.8719711303711,44.8368034362793,33.10404968261719,31.078968048095703,60.32028579711914,280.157470703125,121.0407943725586,51.91792297363281,40.444740295410156,63.13488006591797,39.15753173828125,77.25147247314453,23.362314224243164,58.22395706176758,145.40342712402344,108.90287780761719,89.73114013671875,20.153764724731445,41.13983917236328,141.06996154785156,47.74507522583008,86.25801849365234,53.99554443359375,32.82860565185547,165.633544921875,233.1444854736328,77.43972778320312,56.99504852294922,37.79043197631836,109.97405242919922,80.14651489257812,204.64344787597656,110.97347259521484,36.340660095214844,103.72418212890625,41.1558837890625,108.4957504272461,16.42148208618164,25.933025360107422,36.1547966003418,53.402095794677734,20.09935188293457
2018-05-01,43.99156951904297,52.99049758911133,249.27999877929688,107.97366333007812,50.97806930541992,42.32748031616211,77.41365814208984,46.475242614746094,140.07620239257812,130.52980041503906,32.13402557373047,132.1423797607422,88.12006378173828,338.945068359375,23.870342254638672,61.86161804199219,148.502197265625,38.76107406616211,50.69181823730469,127.9994125366211,113.41720581054688,51.78929901123047,93.65406799316406,51.3610954284668,24.85662078857422,33.660099029541016,19.322290420532227,48.66029739379883,87.22069549560547,44.69622039794922,97.38042449951172,132.49560546875,93.79076385498047,68.3871078491211,55.506385803222656,130.2942657470703,57.118125915527344,58.62454605102539,65.86041259765625,7.565701961517334,15.263189315795898,173.32469177246094,167.41262817382812,63.91840362548828,30.812227249145508,41.964603424072266,64.59454345703125,152.04244995117188,118.3329086303711,16.377193450927734,28.349925994873047,73.82125091552734,95.34163665771484,46.923824310302734,34.94988250732422,117.57628631591797,95.46065521240234,85.6451187133789,10.098876953125,74.02737426757812,33.16476821899414,76.1893310546875,252.4990997314453,81.4275894165039,17.696640014648438,15.520000457763672,130.90269470214844,69.11214447021484,42.93316650390625,124.45556640625,29.61281394958496,43.851444244384766,39.16940689086914,91.15027618408203,56.15816116333008,33.4877815246582,30.794214248657227,63.32792282104492,284.6898193359375,128.59222412109375,54.08328628540039,41.37460708618164,68.80610656738281,39.78074645996094,77.42904663085938,23.15220069885254,58.89200210571289,151.623779296875,107.25748443603516,85.88993835449219,18.920988082885742,47.36384201049805,151.17991638183594,47.244441986083984,81.8437728881836,54.082183837890625,32.40595626831055,173.88487243652344,238.81202697753906,74.59141540527344,57.713565826416016,40.41080093383789,107.40017700195312,88.95984649658203,209.06700134277344,119.15936279296875,36.009315490722656,118.8891372680664,43.085758209228516,102.08952331542969,17.142675399780273,24.34995460510254,35.13591766357422,56.36475372314453,17.370441436767578
2018-06-01,43.577239990234375,52.525447845458984,243.80999755859375,111.96265411376953,51.953346252441406,42.7627067565918,75.58345794677734,42.274349212646484,143.95199584960938,128.01011657714844,37.55664825439453,128.39749145507812,87.85113525390625,322.9198913574219,23.171653747558594,64.48140716552734,161.0666046142578,40.76469421386719,50.86663818359375,114.31555938720703,110.87098693847656,53.20121383666992,104.83081817626953,53.06068801879883,29.95503807067871,33.91230773925781,19.06226921081543,49.39722442626953,88.7153091430664,47.47451400756836,100.12976837158203,124.50701904296875,98.82585906982422,64.83533477783203,56.887542724609375,128.57090759277344,58.04863357543945,57.21769332885742,64.27796173095703,7.251280784606934,15.5883207321167,158.39378356933594,154.71408081054688,62.33315658569336,32.247554779052734,38.159427642822266,68.73455810546875,159.01087951660156,115.24475860595703,16.966064453125,29.392610549926758,76.29727172851562,94.25537872314453,42.25694274902344,34.022247314453125,113.98490905761719,96.83325958251953,83.39610290527344,9.144554138183594,78.0983657836914,34.12934875488281,76.44915008544922,237.15843200683594,81.90750885009766,15.518211364746094,16.420000076293945,129.0008544921875,68.54370880126953,49.34763717651367,124.13372039794922,30.542924880981445,45.05884552001953,37.028926849365234,90.93814086914062,51.136192321777344,33.96537399291992,29.937891006469727,70.47440338134766,268.6676025390625,127.9307861328125,52.97898483276367,39.01894760131836,68.99543762207031,41.01349639892578,84.0867691040039,23.377731323242188,62.82777404785156,138.27133178710938,101.04241180419922,88.28144073486328,20.093788146972656,45.733978271484375,143.26792907714844,40.725101470947266,81.82856750488281,53.175506591796875,33.42360305786133,179.5108642578125,240.18540954589844,72.57093048095703,60.27103042602539,42.585262298583984,102.85076141357422,87.6402359008789,213.13375854492188,118.2579116821289,36.2491569519043,120.11767578125,44.242897033691406,103.13331604003906,17.529802322387695,25.267427444458008,35.5775260925293,57.398529052734375,15.496195793151855
2018-07-01,44.796669006347656,56.69770050048828,244.67999267578125,112.67214965820312,53.37129211425781,44.52902603149414,78.77179718017578,44.50749969482422,153.2790069580078,134.33880615234375,37.16267395019531,135.3561553955078,89.53398895263672,342.92974853515625,25.382780075073242,63.267578125,168.33462524414062,43.58989334106445,54.6443977355957,121.90882110595703,121.95640563964844,55.36149597167969,105.52134704589844,55.23001480102539,30.47258186340332,33.5888557434082,21.124507904052734,50.16682052612305,88.60304260253906,49.9324951171875,104.45880126953125,128.95114135742188,107.93700408935547,73.49776458740234,58.71476364135742,128.90988159179688,58.75580596923828,59.81624984741211,71.5279541015625,6.669045925140381,14.944849014282227,171.5154266357422,166.61099243164062,62.42475509643555,33.928131103515625,35.92371368408203,74.64423370361328,160.98316955566406,127.72529602050781,17.25767707824707,28.556055068969727,80.51962280273438,97.7840805053711,40.888328552246094,35.100135803222656,117.92594146728516,105.75525665283203,92.49979400634766,10.47258186340332,84.41502380371094,36.28480529785156,88.52617645263672,261.7790222167969,85.54447174072266,17.115373611450195,15.869999885559082,129.70066833496094,72.6653060913086,50.1849250793457,133.97760009765625,31.559406280517578,48.896636962890625,39.73100662231445,97.82701110839844,51.47749328613281,34.06906509399414,29.12017059326172,68.02445220947266,262.3721008300781,143.3041534423828,56.734130859375,42.3903923034668,69.20158386230469,39.05902862548828,88.82131958007812,25.729665756225586,65.68830871582031,149.98243713378906,109.06861877441406,94.1793441772461,20.248626708984375,52.228981018066406,161.65151977539062,43.676307678222656,84.59981536865234,53.564231872558594,35.07638931274414,176.47332763671875,249.0834197998047,68.84455108642578,63.88161087036133,43.515892028808594,109.408203125,88.98077392578125,219.97935485839844,125.11063385009766,38.41598892211914,104.23973846435547,45.71925735473633,92.46244049072266,19.236873626708984,26.323558807373047,36.49655532836914,56.55210494995117,16.76817512512207
2018-08-01,53.77491760253906,57.822303771972656,263.510009765625,122.48784637451172,54.288448333740234,42.88368606567383,83.66773223876953,39.55385208129883,156.88182067871094,136.6009063720703,35.409584045410156,137.1040496826172,95.34577941894531,331.556884765625,25.42388343811035,65.11151123046875,176.06655883789062,44.92540740966797,54.491661071777344,117.7123794555664,118.04596710205078,54.865806579589844,113.17955780029297,56.19429397583008,29.39225196838379,37.94136428833008,22.229955673217773,58.19538497924805,83.91973114013672,49.277950286865234,107.09420013427734,128.06944274902344,106.47325897216797,76.4806137084961,59.11151885986328,137.87034606933594,59.29209518432617,63.92034912109375,71.50213623046875,6.2970662117004395,12.725764274597168,170.1761016845703,161.30641174316406,59.26460647583008,33.89130401611328,33.78116989135742,74.41942596435547,164.4708251953125,127.87518310546875,18.431615829467773,31.080612182617188,83.01168060302734,99.89756774902344,41.41922378540039,33.71856689453125,114.26466369628906,108.20329284667969,92.2020492553711,10.432026863098145,85.66056823730469,34.68183135986328,95.17738342285156,258.8197326660156,93.6476821899414,15.539754867553711,15.430000305175781,134.3956756591797,77.6422348022461,53.318824768066406,133.98623657226562,31.47335433959961,50.91574478149414,38.37154006958008,103.98938751220703,51.214210510253906,34.81623458862305,24.63465118408203,72.88238525390625,261.6811828613281,148.1080780029297,52.97898483276367,43.19054412841797,65.85405731201172,39.65748596191406,86.51200103759766,26.98202896118164,67.36949920654297,156.4869842529297,108.0971450805664,94.49239349365234,20.931320190429688,55.993980407714844,156.783203125,44.87022399902344,79.30577087402344,50.10539627075195,32.0018310546875,182.74337768554688,257.03411865234375,67.75315856933594,69.82620239257812,49.3932991027832,110.63560485839844,89.84403991699219,233.21871948242188,126.39035034179688,39.21315002441406,103.3859634399414,47.010440826416016,88.93373107910156,19.133413314819336,28.44371223449707,37.42337417602539,56.196102142333984,17.988508224487305
2018-09-01,53.328426361083984,63.46265411376953,269.95001220703125,126.34394836425781,53.64512634277344,43.202632904052734,82.11203002929688,35.53594970703125,162.7548065185547,144.31500244140625,38.5118522644043,138.63558959960938,95.80461120605469,359.71295166015625,24.332630157470703,67.49286651611328,175.99407958984375,46.06060791015625,54.87409973144531,129.2759552001953,117.26026916503906,55.311927795410156,117.41853332519531,59.232421875,27.291213989257812,38.64031982421875,22.196985244750977,60.887027740478516,86.6258773803711,49.50735092163086,98.20663452148438,134.49436950683594,111.1496353149414,78.84971618652344,58.223819732666016,144.01821899414062,57.23382568359375,63.795387268066406,74.58961486816406,6.144289493560791,12.608019828796387,168.41636657714844,170.7479248046875,52.20051956176758,31.61518669128418,34.478736877441406,78.77324676513672,169.69728088378906,133.7761993408203,19.378358840942383,31.27907943725586,84.23390197753906,103.12335968017578,40.444252014160156,32.40647506713867,116.92571258544922,110.99897766113281,90.80188751220703,9.130378723144531,84.98017120361328,36.24815368652344,96.6728286743164,279.4583435058594,98.8747329711914,13.71399974822998,15.699999809265137,138.58749389648438,79.2207260131836,56.25203323364258,133.8529052734375,32.850379943847656,53.01952362060547,36.59557342529297,105.87789916992188,44.1054573059082,34.304534912109375,24.089542388916016,75.11671447753906,278.23291015625,153.78228759765625,54.1091423034668,45.83995056152344,68.43862915039062,40.33372116088867,87.06402587890625,28.639169692993164,67.59689331054688,163.91033935546875,102.5619888305664,93.28709411621094,20.870229721069336,59.23404312133789,162.46676635742188,47.716068267822266,78.715087890625,48.71402359008789,31.870277404785156,172.45225524902344,258.562255859375,65.67328643798828,70.39279174804688,50.314064025878906,109.68376922607422,85.75949096679688,231.896240234375,136.63619995117188,38.537017822265625,103.7591781616211,42.25151443481445,84.50055694580078,17.786745071411133,27.865100860595703,37.058963775634766,59.59573745727539,17.58251190185547
2018-10-01,51.703102111816406,59.88419723510742,245.75999450683594,120.82589721679688,55.52210998535156,33.505558013916016,79.63286590576172,30.230846405029297,151.3700408935547,146.93765258789062,30.743824005126953,128.09580993652344,92.7554702758789,343.2313537597656,22.713756561279297,54.72797393798828,155.427734375,37.739376068115234,50.07051086425781,103.50653076171875,109.60025024414062,49.525596618652344,116.63610076904297,53.71793746948242,28.13340187072754,36.5826530456543,20.641244888305664,56.37800598144531,79.09536743164062,50.31037139892578,82.34024810791016,121.17283630371094,109.14411926269531,73.78190612792969,60.122901916503906,140.68373107910156,57.09109115600586,56.54779815673828,61.63771438598633,6.457520008087158,10.591997146606445,154.1129913330078,144.5950469970703,46.69842529296875,32.62351989746094,29.502166748046875,69.1989517211914,144.08090209960938,121.47441101074219,18.152633666992188,34.804283142089844,88.48686218261719,78.72183990478516,40.093605041503906,29.9075870513916,105.69877624511719,112.46107482910156,88.34231567382812,8.217432975769043,77.9957046508789,37.57439041137695,97.69083404541016,237.36512756347656,82.39860534667969,12.812688827514648,13.579999923706055,146.54869079589844,72.33507537841797,61.718780517578125,120.8620376586914,35.42677688598633,55.01502990722656,36.1270866394043,98.8792495727539,36.78216552734375,35.307472229003906,24.663860321044922,66.53398895263672,229.6471405029297,142.98770141601562,50.41658020019531,43.596527099609375,55.86198043823242,40.822696685791016,87.51570129394531,27.982812881469727,72.65965270996094,135.1260223388672,97.5007553100586,89.8335952758789,21.68335723876953,51.71773147583008,142.7215118408203,48.91653060913086,83.09541320800781,41.02949142456055,32.915550231933594,160.91656494140625,240.69451904296875,53.8916015625,66.73786926269531,49.352867126464844,105.81088256835938,74.84029388427734,227.80819702148438,122.69823455810547,38.142974853515625,94.37236022949219,42.79010772705078,78.10340881347656,15.915830612182617,29.75522232055664,38.47193908691406,55.852638244628906,18.162513732910156
2018-11-01,42.33462905883789,64.32294464111328,250.88999938964844,123.62686157226562,59.36650085449219,35.096046447753906,74.5851058959961,34.46904373168945,164.6503143310547,155.3391876220703,28.549585342407227,133.50674438476562,101.36918640136719,336.9455871582031,23.457117080688477,60.18415832519531,170.43104553222656,39.9198112487793,49.89913558959961,115.7494888305664,117.34799194335938,52.82730484008789,130.12643432617188,50.859130859375,29.479528427124023,38.27784729003906,21.837366104125977,62.46050262451172,85.08325958251953,52.48003387451172,88.93228149414062,138.5650634765625,109.77143859863281,76.04022979736328,65.14447784423828,147.42625427246094,60.9074821472168,56.65982437133789,66.16999053955078,6.362855911254883,10.855663299560547,160.17002868652344,154.90890502929688,34.67704772949219,31.513729095458984,26.737403869628906,68.6632080078125,148.601806640625,123.7812728881836,17.295387268066406,35.960716247558594,90.03651428222656,85.83004760742188,42.437225341796875,30.79023551940918,115.2105712890625,118.76370239257812,90.10070037841797,8.92007064819336,86.27387237548828,39.864749908447266,107.4178466796875,244.45863342285156,81.66304779052734,14.189515113830566,13.899999618530273,157.12977600097656,78.54421997070312,64.29042053222656,132.98243713378906,29.865467071533203,59.297542572021484,35.12223434448242,103.09980010986328,37.60128402709961,37.42591094970703,25.796550750732422,66.80259704589844,228.8860321044922,146.1636962890625,51.51667022705078,43.52511978149414,58.5272331237793,42.70989227294922,94.96051788330078,30.27468490600586,77.43644714355469,153.99874877929688,103.03256225585938,93.86943054199219,21.818885803222656,47.91025924682617,151.87078857421875,56.310855865478516,80.77522277832031,36.0637321472168,35.04242706298828,161.84933471679688,245.15927124023438,57.238746643066406,57.09678649902344,44.0419807434082,110.24187469482422,80.49988555908203,246.03378295898438,129.72494506835938,39.74106979370117,98.90306854248047,43.987186431884766,90.66714477539062,16.563453674316406,28.974843978881836,41.172279357910156,56.2913703918457,17.543407440185547
2018-12-01,37.39425277709961,62.828887939453125,226.24000549316406,110.58357238769531,57.075538635253906,32.25517654418945,69.09931182861328,30.27137565612793,153.91339111328125,136.75794982910156,21.332948684692383,133.74176025390625,86.06494140625,313.37225341796875,20.46525764465332,57.787330627441406,152.4213104248047,38.814674377441406,40.094905853271484,108.41224670410156,114.00402069091797,49.500648498535156,121.10668182373047,47.9157829284668,24.80943489074707,34.647560119628906,18.68037223815918,51.02758026123047,77.82249450683594,50.90288162231445,82.21430206298828,134.1514129638672,105.02902221679688,63.553443908691406,63.474853515625,135.76010131835938,57.95877456665039,50.13957595825195,59.049049377441406,5.1727776527404785,9.373693466186523,113.1815185546875,131.7174072265625,35.04884338378906,29.003646850585938,22.741729736328125,61.30644607543945,141.59693908691406,111.44109344482422,15.495317459106445,34.03864669799805,89.10541534423828,78.5088882446289,40.38895034790039,26.90396499633789,105.809814453125,104.33259582519531,79.10454559326172,8.099202156066895,85.96858978271484,37.45228958129883,104.77405548095703,213.05810546875,79.9237060546875,12.394729614257812,9.989999771118164,148.0109100341797,73.66862487792969,59.92253494262695,121.86651611328125,27.348024368286133,57.50802230834961,31.37186050415039,94.43453216552734,30.94110107421875,35.80084228515625,27.754152297973633,65.93109893798828,215.69261169433594,128.01524353027344,44.522212982177734,40.30270004272461,51.720306396484375,40.09159469604492,86.71923828125,28.585119247436523,75.31431579589844,133.5002899169922,88.71360778808594,87.77347564697266,20.480857849121094,47.30815124511719,131.08587646484375,54.35280990600586,72.25792694091797,29.16596031188965,32.517723083496094,150.41392517089844,223.57334899902344,49.807952880859375,53.1782341003418,40.33649826049805,101.8870620727539,76.18665313720703,217.8416748046875,116.60735321044922,33.62114334106445,92.43805694580078,37.34210968017578,76.82231140136719,14.629966735839844,27.79042625427246,38.974876403808594,48.28313064575195,13.043020248413086
2019-01-01,39.45669174194336,63.68746566772461,247.82000732421875,117.93779754638672,60.42036056518555,35.38166046142578,73.48128509521484,36.13333511352539,147.9362335205078,147.36619567871094,26.884374618530273,137.36834716796875,93.10787963867188,374.70574951171875,23.64634895324707,63.643314361572266,168.7512664794922,37.15628433227539,49.64496612548828,114.33895111083984,117.41934967041016,54.155208587646484,117.31063079833984,52.01955032348633,26.924095153808594,38.10685348510742,19.753751754760742,51.440006256103516,82.01441955566406,50.03382873535156,82.72161102294922,147.4884033203125,106.8202133178711,78.67371368408203,64.56340789794922,145.7290802001953,58.86082077026367,54.939544677734375,65.57658386230469,6.054049968719482,10.628721237182617,124.57471466064453,144.23362731933594,47.04045104980469,33.49968719482422,26.831470489501953,68.80730438232422,151.24716186523438,121.14962768554688,16.684354782104492,33.91621780395508,88.20755767822266,92.84036254882812,40.55247116088867,31.616840362548828,114.67949676513672,107.59074401855469,84.55036926269531,9.645008087158203,84.03706359863281,38.06925582885742,108.52243041992188,235.7195587158203,83.63470458984375,15.435837745666504,11.84000015258789,149.01953125,71.5871810913086,53.209014892578125,128.10882568359375,27.325868606567383,56.01783752441406,33.70656967163086,97.0936279296875,37.26974105834961,36.863616943359375,27.321626663208008,72.8141098022461,242.68716430664062,143.59548950195312,52.625755310058594,45.01481246948242,56.27048873901367,42.0172233581543,88.43824768066406,28.042064666748047,79.66751861572266,147.52700805664062,93.82028198242188,90.5295181274414,22.642452239990234,41.164981842041016,147.6719512939453,57.509334564208984,81.06119537353516,35.73800277709961,35.98271560668945,169.62936401367188,241.473876953125,55.99148178100586,58.738258361816406,44.83536148071289,106.81340789794922,81.7904281616211,236.27496337890625,134.1874542236328,37.638031005859375,95.1044692993164,39.994773864746094,95.61276245117188,17.8677978515625,28.589981079101562,41.41921615600586,51.88718795776367,18.620622634887695
2019-02-01,41.22343063354492,67.73664855957031,262.5,129.0619659423828,62.499237060546875,35.35710525512695,79.3469009399414,35.63045883178711,151.44639587402344,161.7982177734375,27.179269790649414,151.39849853515625,97.67716217041016,429.6554260253906,24.27631187438965,65.77643585205078,168.29800415039062,38.879756927490234,49.6217155456543,117.9281234741211,118.16947937011719,55.15156173706055,124.94004821777344,52.379276275634766,27.372455596923828,41.71688461303711,21.92170524597168,45.381771087646484,86.40095520019531,53.43625259399414,82.39026641845703,147.52430725097656,108.08457946777344,81.52122497558594,66.63643646240234,155.62428283691406,63.090545654296875,57.601070404052734,68.60386657714844,6.033412456512451,11.779251098632812,126.98104858398438,143.43309020996094,50.029571533203125,35.527469635009766,26.258216857910156,64.50686645507812,152.57395935058594,130.6486053466797,14.942456245422363,34.74969482421875,92.61934661865234,96.51434326171875,45.86740493774414,30.8690242767334,120.33366394042969,111.2015380859375,85.25291442871094,10.525480270385742,88.1491470336914,35.862457275390625,114.9639892578125,253.57945251464844,91.40152740478516,16.028406143188477,14.420000076293945,154.2128143310547,73.29608154296875,58.51958465576172,133.56057739257812,29.020235061645508,61.18083953857422,33.45158004760742,104.60453796386719,39.863616943359375,38.92221450805664,27.32962989807129,76.23783874511719,256.4491271972656,154.2825469970703,52.05000686645508,46.71755599975586,55.7396240234375,45.298492431640625,91.50553894042969,28.636594772338867,81.38523864746094,158.4120330810547,96.3824462890625,96.5584487915039,23.256942749023438,44.38204574584961,156.40684509277344,59.60804748535156,82.53359985351562,36.02906799316406,37.24394226074219,177.84959411621094,249.301513671875,56.75751495361328,58.9666862487793,46.42378616333008,113.08403015136719,85.93354034423828,211.80795288085938,142.20297241210938,38.02794647216797,104.56648254394531,40.796138763427734,102.54790496826172,17.708559036254883,29.532733917236328,43.396827697753906,56.579833984375,20.396217346191406
2019-03-01,45.223148345947266,69.76124572753906,266.489990234375,135.42239379882812,64.5016860961914,35.501953125,79.17877197265625,36.85717010498047,151.36671447753906,161.01528930664062,28.391603469848633,160.55023193359375,99.09143829345703,372.486572265625,23.03244400024414,71.56806182861328,169.45877075195312,35.906944274902344,48.25667953491211,116.33960723876953,124.29701232910156,57.38710021972656,126.86119842529297,51.522361755371094,28.975889205932617,43.50579833984375,22.57027244567871,42.321266174316406,89.00210571289062,55.289833068847656,82.51406860351562,144.4407501220703,106.35086822509766,84.46580505371094,66.88911437988281,163.08412170410156,64.89643096923828,57.87154006958008,69.89633178710938,6.040289878845215,11.770120620727539,127.74905395507812,142.6410369873047,48.154457092285156,39.010108947753906,25.215450286865234,64.59803009033203,159.3141632080078,134.7613067626953,14.839957237243652,35.8716926574707,96.09214782714844,98.58955383300781,46.508296966552734,31.172191619873047,120.72071838378906,113.76509094238281,82.69598388671875,10.88274097442627,94.32006072998047,37.38829803466797,118.12274169921875,245.9984893798828,95.21102142333984,16.39427375793457,13.0,159.29615783691406,74.17015075683594,64.82429504394531,133.8117218017578,32.253135681152344,63.02054214477539,33.626888275146484,110.12284088134766,40.302425384521484,40.083343505859375,28.76799774169922,75.07880401611328,238.44204711914062,160.81356811523438,50.4930419921875,48.133506774902344,56.451541900634766,46.127098083496094,96.97340393066406,28.05528450012207,85.92732238769531,154.3293914794922,93.81266784667969,97.3345947265625,23.242721557617188,47.959144592285156,153.69146728515625,63.06948471069336,90.7861557006836,35.62837600708008,38.73549270629883,186.8854217529297,253.81394958496094,52.343013763427734,65.15234375,48.16160583496094,117.38748931884766,86.16914367675781,217.04039001464844,141.7789764404297,35.72768783569336,111.0772705078125,39.51232147216797,96.30128479003906,19.323932647705078,29.253719329833984,44.7849235534668,57.84703063964844,21.27657699584961
2019-04-01,47.77536392211914,69.71379852294922,289.25,139.36451721191406,65.88798522949219,39.2203483581543,83.28146362304688,40.95551300048828,142.87339782714844,170.3394012451172,27.142290115356445,173.01858520507812,106.65704345703125,368.8439025878906,25.528528213500977,67.15833282470703,163.35845947265625,35.25190734863281,54.8336296081543,120.43980407714844,128.84010314941406,61.32748794555664,127.07359313964844,48.727760314941406,29.664363861083984,45.370635986328125,24.02126121520996,43.083717346191406,86.7477798461914,56.16252899169922,88.49662780761719,149.67300415039062,131.1976776123047,88.28387451171875,67.72150421142578,170.04942321777344,65.929443359375,60.00146484375,71.85717010498047,7.3045196533203125,11.28257942199707,133.41786193847656,151.5078887939453,49.02210235595703,39.17314147949219,24.380672454833984,77.91389465332031,169.1192626953125,147.23516845703125,15.2371187210083,32.17138671875,104.47712707519531,98.00960540771484,44.20454025268555,31.535987854003906,130.89784240722656,114.91256713867188,95.52803802490234,11.618219375610352,97.73053741455078,39.143619537353516,106.54352569580078,273.1831359863281,98.82115936279297,18.997060775756836,12.1899995803833,165.7301025390625,72.32158660888672,66.5110855102539,122.04573059082031,30.512144088745117,59.64105987548828,38.69015884399414,121.94369506835938,41.014278411865234,40.315555572509766,25.60288429260254,78.30628204345703,256.4048156738281,175.55340576171875,49.38540267944336,49.807376861572266,50.209476470947266,46.313446044921875,101.32555389404297,26.826580047607422,88.55482482910156,162.8363800048828,105.48176574707031,101.32727813720703,22.85460662841797,72.43069458007812,158.29014587402344,65.90311431884766,95.56316375732422,34.900604248046875,39.88976287841797,195.859130859375,264.18292236328125,53.81444549560547,62.84690856933594,49.67318344116211,123.02747344970703,95.72276306152344,204.58470153808594,150.12290954589844,39.53102493286133,118.3104248046875,39.58591842651367,100.59857177734375,19.061525344848633,30.846433639526367,45.01597595214844,57.47475814819336,22.194700241088867
2019-05-01,41.84104919433594,66.70825958251953,270.8999938964844,135.74456787109375,66.86197662353516,42.10601043701172,80.71632385253906,36.139625549316406,133.96182250976562,170.27317810058594,21.50104522705078,171.16891479492188,104.36431121826172,335.5255432128906,22.205982208251953,64.64100646972656,158.40489196777344,34.44710922241211,48.512664794921875,103.49940490722656,129.6121063232422,58.656700134277344,118.38618469238281,45.743011474609375,27.839569091796875,42.19186019897461,22.537839889526367,41.49123764038086,83.07014465332031,54.222389221191406,70.50951385498047,126.66582489013672,126.4754409790039,80.94264221191406,64.3140869140625,170.0586700439453,66.60943603515625,51.29893112182617,65.19491577148438,6.654453277587891,8.899580955505371,108.64410400390625,136.3333740234375,45.5033073425293,37.62812423706055,18.322080612182617,72.77367401123047,157.6204833984375,140.0100555419922,14.267136573791504,31.808916091918945,111.03682708740234,89.7845687866211,38.375587463378906,28.26426887512207,117.44893646240234,107.46392822265625,87.22232055664062,9.458733558654785,97.35750579833984,39.19947814941406,106.13426971435547,279.2496337890625,81.474609375,15.99130916595459,9.850000381469727,167.291259765625,75.39167022705078,67.40528869628906,103.7603530883789,27.55247688293457,60.01990509033203,32.628047943115234,115.90984344482422,31.799217224121094,41.35710906982422,27.276220321655273,68.96685791015625,269.3507080078125,168.63685607910156,41.536685943603516,45.54949188232422,42.44099044799805,45.62242126464844,101.28596496582031,27.670976638793945,85.58580017089844,137.67849731445312,98.03263854980469,90.62750244140625,21.79279327392578,56.1920051574707,131.13551330566406,64.82808685302734,95.36509704589844,28.366958618164062,40.564849853515625,190.34738159179688,247.33563232421875,43.943946838378906,65.89492797851562,45.71864700317383,124.58512878417969,85.29852294921875,212.24777221679688,142.1630859375,37.21786880493164,117.46927642822266,36.63307571411133,84.02153778076172,17.749483108520508,30.588144302368164,45.68523406982422,51.247013092041016,20.36510467529297
2019-06-01,47.30210876464844,73.69192504882812,294.6499938964844,140.83485412597656,68.32937622070312,44.19514083862305,85.9390869140625,41.949607849121094,148.08932495117188,182.48081970214844,23.892803192138672,191.31427001953125,112.30695343017578,357.526611328125,24.34033966064453,72.29397583007812,171.55776977539062,34.431922912597656,54.6635856628418,117.7358627319336,131.35382080078125,60.38386154174805,121.80706024169922,47.32571792602539,30.722434997558594,44.38132858276367,23.415502548217773,43.17086410522461,90.797119140625,56.433345794677734,81.9466781616211,150.4335174560547,133.75515747070312,90.71076965332031,66.28984832763672,182.81402587890625,67.67457580566406,56.817138671875,72.88809204101562,7.150738716125488,10.641002655029297,116.07049560546875,154.1359100341797,50.66150665283203,39.9722785949707,19.73439598083496,80.83585357666016,173.87547302246094,148.7697296142578,16.007516860961914,32.654685974121094,112.77861022949219,97.49815368652344,41.71297836303711,29.525148391723633,127.6947250366211,114.1256103515625,92.02957153320312,10.84721565246582,102.24955749511719,40.9448127746582,101.41986083984375,299.8712463378906,88.13896942138672,17.30250358581543,11.210000038146973,175.21412658691406,79.30862426757812,66.96033477783203,112.58727264404297,27.010974884033203,63.96012496948242,35.12987518310547,125.5440444946289,37.63054656982422,42.74463653564453,31.840726852416992,75.05531311035156,286.9906311035156,172.25779724121094,48.02919387817383,51.28367233276367,43.568878173828125,46.02716064453125,104.5224380493164,28.870588302612305,91.191162109375,153.66806030273438,105.75138092041016,101.07152557373047,23.009641647338867,64.55548858642578,144.33282470703125,71.4506607055664,90.36775970458984,32.960853576660156,41.91448974609375,202.72691345214844,264.5468444824219,44.967987060546875,70.94046020507812,48.073219299316406,128.67379760742188,93.84391021728516,215.13619995117188,144.149169921875,39.12744903564453,129.130615234375,39.068660736083984,104.12001037597656,19.127384185791016,33.317081451416016,47.72294998168945,55.490440368652344,23.72661781311035
2019-07-01,50.91572570800781,76.60643768310547,298.8599853515625,141.8485565185547,68.17408752441406,46.443058013916016,90.76466369628906,46.1156005859375,149.93765258789062,179.36228942871094,20.3563175201416,192.91998291015625,113.50695037841797,335.10321044921875,25.750408172607422,74.12116241455078,172.09561157226562,34.01701736450195,55.54563522338867,114.62007904052734,136.30335998535156,60.793739318847656,130.1913299560547,46.069068908691406,31.96640968322754,45.20815658569336,21.306076049804688,44.661048889160156,89.82669067382812,54.221858978271484,79.09476470947266,150.37896728515625,137.83145141601562,87.67805480957031,65.14796447753906,186.7861785888672,65.57518768310547,55.250247955322266,71.93411254882812,6.760867118835449,10.18277645111084,120.55240631103516,158.5093231201172,50.420257568359375,40.79111862182617,19.96002769470215,93.18614196777344,178.6577911376953,146.95477294921875,16.200000762939453,33.186222076416016,127.68055725097656,104.80879211425781,44.04827880859375,29.927274703979492,130.59054565429688,106.70189666748047,96.16289520263672,12.510087013244629,104.06779479980469,42.3198356628418,99.73544311523438,298.7411804199219,89.0445327758789,19.21569061279297,14.600000381469727,177.7960662841797,83.47005462646484,68.72647094726562,113.48360443115234,26.85125160217285,63.304134368896484,36.009925842285156,127.70886993408203,43.77390670776367,43.22663879394531,30.226749420166016,76.91495513916016,306.93988037109375,165.162841796875,47.4015998840332,50.88569259643555,44.504722595214844,44.72037887573242,101.8760757446289,25.8848934173584,98.80452728271484,158.25074768066406,110.99446105957031,101.66041564941406,21.985673904418945,62.085968017578125,141.64578247070312,80.70694732666016,87.229736328125,33.15161895751953,42.61206817626953,217.9988250732422,268.5466003417969,46.5963249206543,70.76844787597656,49.600502014160156,126.17809295654297,102.83499908447266,219.54449462890625,153.38916015625,42.67430877685547,130.1087188720703,39.96859359741211,106.40193176269531,16.808086395263672,33.28389358520508,47.8192253112793,53.8466682434082,21.508739471435547
2019-08-01,50.07760238647461,75.04087829589844,284.510009765625,144.6765899658203,71.29955291748047,43.16658401489258,86.95521545410156,45.05708694458008,168.83694458007812,184.66970825195312,17.9805850982666,190.93392944335938,109.8563232421875,359.8366394042969,23.08975601196289,77.83131408691406,172.8580780029297,36.82048416137695,50.6075439453125,103.59070587158203,139.37115478515625,62.836002349853516,126.63633728027344,40.6886100769043,34.796531677246094,38.19842529296875,20.357868194580078,48.69788360595703,86.7768783569336,56.65960693359375,74.45823669433594,140.6291961669922,132.28965759277344,85.32312774658203,70.41976928710938,191.02691650390625,69.20172882080078,51.184329986572266,71.2631607055664,6.505471706390381,8.46109390258789,112.12581634521484,163.0530548095703,39.80546951293945,41.321067810058594,16.349872589111328,84.96429443359375,190.54653930664062,140.9789276123047,14.082609176635742,34.49781036376953,134.00440979003906,96.95159912109375,41.59107971191406,26.98586654663086,126.8903579711914,105.96593475341797,91.07289123535156,13.648486137390137,108.25657653808594,44.25773239135742,103.99519348144531,318.6623229980469,98.5285415649414,19.390705108642578,9.800000190734863,184.88572692871094,88.34200286865234,70.60350036621094,106.00105285644531,24.95163917541504,65.95867156982422,33.528987884521484,129.6291961669922,44.14446258544922,45.968204498291016,33.01600646972656,75.7422103881836,326.7471008300781,151.17530822753906,42.69455337524414,47.053462982177734,37.67650604248047,47.31830978393555,108.98612976074219,23.913921356201172,100.63761901855469,150.671875,100.14358520507812,96.36608123779297,21.926311492919922,65.99817657470703,135.44676208496094,82.61275482177734,83.14457702636719,26.897842407226562,44.65439224243164,232.07666015625,264.05029296875,41.15781784057617,88.34771728515625,50.188838958740234,126.47079467773438,101.79850769042969,206.3106231689453,138.9051513671875,39.34400177001953,133.12579345703125,38.88232421875,102.62519836425781,16.098655700683594,34.62346649169922,51.51736831665039,50.2053337097168,19.42487335205078
2019-09-01,53.73133087158203,73.58968353271484,276.25,138.1815643310547,73.286376953125,46.46202087402344,92.29702758789062,46.82108688354492,156.6083526611328,183.45657348632812,21.339954376220703,188.4917755126953,107.9488754272461,376.0252685546875,24.644392013549805,77.40654754638672,172.71910095214844,38.84266662597656,54.32741165161133,109.95413970947266,144.65304565429688,62.29366683959961,121.60003662109375,44.43153381347656,36.281185150146484,40.320125579833984,21.041318893432617,50.41653823852539,87.42555236816406,59.8425407409668,78.16307830810547,153.83224487304688,125.6009750366211,90.62052154541016,72.78885650634766,183.79464721679688,73.53753662109375,57.428829193115234,73.40846252441406,6.498377799987793,8.810956001281738,103.31599426269531,155.77293395996094,43.18129348754883,42.334896087646484,16.516347885131836,91.28643035888672,195.1673126220703,144.90122985839844,14.691333770751953,35.40458297729492,131.05343627929688,104.0263900756836,45.205387115478516,28.8631534576416,133.4232635498047,106.8079833984375,97.56387329101562,14.714340209960938,109.7701416015625,44.095306396484375,102.94578552246094,323.5985412597656,96.56147766113281,21.395179748535156,11.390000343322754,182.1205596923828,89.38826751708984,67.75544738769531,107.75764465332031,23.780853271484375,64.63860321044922,34.48258590698242,130.72935485839844,41.78462219238281,48.88684844970703,31.50105857849121,84.18592071533203,334.0904235839844,156.04803466796875,44.72303771972656,49.73783493041992,39.21585464477539,48.95616149902344,110.0362548828125,24.16954803466797,104.11135864257812,164.16024780273438,108.8662338256836,103.08102416992188,23.694297790527344,65.2476806640625,146.09349060058594,75.64850616455078,86.98712158203125,28.784820556640625,47.34468460083008,218.5100860595703,269.1881103515625,47.895164489746094,88.24042510986328,50.89186096191406,128.64974975585938,106.31466674804688,192.50796508789062,138.9223175048828,41.6374626159668,142.541259765625,42.113460540771484,116.84325408935547,16.66617202758789,35.96283721923828,52.39030838012695,51.766910552978516,20.207555770874023
2019-10-01,59.67856216430664,73.83171081542969,277.92999267578125,138.8749542236328,73.83391571044922,44.176456451416016,90.37769317626953,50.91205596923828,172.58399963378906,183.4827423095703,18.2590274810791,181.1852264404297,107.4455795288086,335.9391174316406,26.41858673095703,67.87564849853516,174.79476928710938,44.31326675415039,56.51372528076172,120.89915466308594,136.571044921875,58.501136779785156,119.0904541015625,43.36909103393555,36.07949447631836,39.06331253051758,21.345075607299805,53.472145080566406,85.61219787597656,60.95757293701172,72.24411010742188,158.8117218017578,125.21544647216797,94.5617446899414,71.57395935058594,178.25408935546875,71.78607940673828,60.25475311279297,77.52826690673828,6.1940131187438965,9.0918607711792,108.3480453491211,151.591064453125,48.204612731933594,39.41971206665039,16.86682891845703,75.35881805419922,197.32070922851562,147.92428588867188,13.487765312194824,33.276283264160156,124.18740844726562,95.6639404296875,49.59172058105469,30.146875381469727,143.731201171875,109.00390625,104.38704681396484,15.599321365356445,102.68399047851562,44.087196350097656,104.89734649658203,312.49835205078125,98.49434661865234,25.09172821044922,11.9399995803833,166.84417724609375,89.61869049072266,69.89656829833984,108.14443969726562,26.04264259338379,66.54289245605469,37.494258880615234,134.81021118164062,46.36778259277344,50.009403228759766,33.00467300415039,80.2688217163086,314.2031555175781,158.88778686523438,47.30575180053711,49.46942138671875,35.71490478515625,49.9261360168457,110.09242248535156,25.81089973449707,104.88593292236328,166.77792358398438,114.87723541259766,108.8304443359375,25.199167251586914,68.80599212646484,152.46734619140625,72.34603118896484,83.55570220947266,27.538070678710938,48.02685546875,230.11436462402344,275.1384582519531,53.46229553222656,88.24042510986328,52.6357421875,113.39591979980469,97.79192352294922,223.84849548339844,141.90689086914062,42.901493072509766,134.6526641845703,43.107025146484375,112.23915100097656,15.453965187072754,35.53254699707031,51.2761344909668,49.538185119628906,22.92351722717285
2019-11-01,64.30686950683594,75.45654296875,309.5299987792969,146.19407653808594,72.00395202636719,43.92620849609375,94.98622131347656,54.51531982421875,191.2219696044922,193.4091796875,18.781679153442383,200.78543090820312,110.04743194580078,364.01422119140625,28.150541305541992,72.5393295288086,176.50172424316406,43.981136322021484,59.49980545043945,126.979248046875,135.72877502441406,57.83597183227539,119.52579498291016,47.09318923950195,36.28206253051758,37.25443649291992,21.803579330444336,60.62432861328125,87.19270324707031,61.371089935302734,71.36743927001953,153.2576446533203,146.0911102294922,101.91423034667969,67.67201232910156,173.2425079345703,68.2139892578125,63.87547302246094,82.32535552978516,6.532917499542236,10.536189079284668,113.59295654296875,155.82664489746094,54.435462951660156,41.32636260986328,18.391414642333984,78.75852966308594,185.48550415039062,153.66856384277344,15.592077255249023,36.238525390625,125.9310531616211,97.31497192382812,51.20542907714844,32.344635009765625,148.63368225097656,114.28946685791016,110.1027603149414,15.194436073303223,105.35770416259766,43.576011657714844,108.64854431152344,326.3902282714844,103.52452850341797,24.701976776123047,11.699999809265137,166.018310546875,91.66780853271484,73.61997985839844,112.24085998535156,28.89751434326172,66.94217681884766,40.286991119384766,142.8263702392578,46.32876968383789,49.323455810546875,31.899824142456055,84.01913452148438,314.7476806640625,168.92745971679688,49.510711669921875,50.96739959716797,34.01293182373047,46.77173614501953,109.0169448852539,26.16222381591797,102.82207489013672,181.486328125,119.9750747680664,112.50808715820312,25.605491638183594,71.46622467041016,174.61041259765625,73.45574951171875,83.78624725341797,30.494895935058594,47.99021911621094,236.5631866455078,285.0979919433594,60.76915740966797,103.79150390625,56.03373718261719,118.2930908203125,99.63190460205078,247.9164276123047,151.76463317871094,45.166194915771484,134.00579833984375,45.90500259399414,106.43378448486328,15.737970352172852,36.08707809448242,49.64525604248047,50.55111312866211,26.30158233642578
2019-12-01,70.65936279296875,76.70165252685547,329.80999755859375,146.75289916992188,74.49471282958984,43.08673095703125,95.9245834350586,57.471771240234375,196.3952178955078,197.85476684570312,21.571949005126953,200.635986328125,114.0510025024414,323.83331298828125,29.9182186126709,74.1975326538086,186.2633819580078,49.581119537353516,63.27794647216797,129.5674285888672,140.15399169921875,58.705806732177734,123.80756378173828,51.09224319458008,38.50244903564453,39.43330001831055,22.053495407104492,59.83500289916992,89.70885467529297,61.84720993041992,70.69572448730469,158.69512939453125,140.2279052734375,105.369873046875,70.0052719116211,179.56280517578125,71.02452087402344,65.95103454589844,84.3011703491211,6.7059760093688965,12.147174835205078,107.77398681640625,151.2052001953125,53.95302200317383,41.51237869262695,21.627830505371094,81.78650665283203,184.8686981201172,152.3345489501953,16.095407485961914,36.71052932739258,124.92806243896484,97.0182113647461,52.79319763183594,32.142234802246094,154.0625762939453,121.25540924072266,116.48698425292969,16.521371841430664,107.09506225585938,45.16727066040039,121.68455505371094,325.01300048828125,105.6866226196289,27.185787200927734,13.550000190734863,168.69020080566406,93.80835723876953,74.09609985351562,116.63745880126953,29.50031280517578,70.31588745117188,41.62228775024414,148.78927612304688,52.44287109375,51.082740783691406,36.2237434387207,91.04692840576172,307.76861572265625,169.4774169921875,49.79447555541992,48.09855270385742,37.09218215942383,46.943153381347656,110.45942687988281,26.61048126220703,105.21446228027344,187.9043731689453,125.00242614746094,116.56865692138672,27.325857162475586,76.05452728271484,180.7000274658203,75.59674072265625,83.02086639404297,34.336673736572266,49.31403732299805,244.07171630859375,293.381591796875,64.4252700805664,106.4483413696289,55.969581604003906,119.21234130859375,106.32872772216797,261.41668701171875,155.9038543701172,44.92532730102539,136.0082244873047,45.34868240356445,109.72869110107422,16.704387664794922,36.172847747802734,51.591548919677734,51.77537155151367,25.07784652709961
2020-01-01,74.47566223144531,77.27571868896484,351.1400146484375,147.5189666748047,82.14832305908203,42.18855285644531,101.11962127685547,54.60005569458008,176.0118865966797,209.63552856445312,23.309843063354492,203.81214904785156,119.39226531982422,316.3875732421875,27.88799476623535,79.16651153564453,188.46185302734375,48.96660614013672,59.32820129394531,116.04859924316406,136.84954833984375,63.30040740966797,127.69371795654297,46.69248962402344,37.97397994995117,38.07495880126953,23.266496658325195,54.99253845214844,79.75604248046875,64.03524017333984,56.35837173461914,145.24916076660156,134.10028076171875,104.08084869384766,74.93273162841797,182.4657440185547,73.79579162597656,61.946929931640625,84.07867431640625,6.468020915985107,10.315072059631348,103.09123992919922,151.27456665039062,60.18952560424805,40.851619720458984,19.276790618896484,79.40795135498047,193.09715270996094,149.081298828125,16.698505401611328,38.66267013549805,131.8892822265625,104.03182220458984,56.39213180541992,28.42196273803711,150.07440185546875,123.74916076660156,111.31422424316406,15.36876392364502,111.52523040771484,47.65614700317383,129.28578186035156,357.34893798828125,103.04342651367188,27.725963592529297,14.630000114440918,182.6559600830078,95.45381164550781,71.31961059570312,104.89567565917969,28.09357261657715,66.05595397949219,42.829750061035156,160.61126708984375,51.770023345947266,56.57578659057617,37.56599426269531,86.54447937011719,335.1480407714844,181.76942443847656,42.01741027832031,47.8293342590332,35.751068115234375,47.06239700317383,114.78341674804688,25.55122947692871,105.602294921875,178.65611267089844,117.2006607055664,104.64891815185547,27.56195068359375,73.5374755859375,170.88356018066406,72.9398422241211,82.60626983642578,28.62242889404297,54.500911712646484,262.5570373535156,293.26318359375,61.59903335571289,91.94361114501953,54.11797332763672,114.5726547241211,100.71891021728516,242.27142333984375,154.722412109375,40.325950622558594,133.77911376953125,39.56630325317383,108.71717071533203,14.570557594299316,34.848785400390625,56.223323822021484,46.091800689697266,24.193634033203125
2020-02-01,65.93319702148438,68.31017303466797,345.1199951171875,133.1879425048828,70.84154510498047,35.389381408691406,90.22593688964844,54.894901275634766,163.87132263183594,197.97589111328125,21.169143676757812,187.50442504882812,101.06099700927734,275.1099853515625,24.209796905517578,74.25212097167969,162.8751983642578,45.940704345703125,50.59761047363281,109.76687622070312,130.58290100097656,57.97246170043945,129.40646362304688,38.31148910522461,35.40785217285156,33.07228469848633,21.54576301574707,47.9866943359375,70.2953109741211,59.02162551879883,47.542396545410156,143.3257293701172,114.0691146850586,94.35106658935547,71.06718444824219,167.89527893066406,62.3846435546875,55.81363296508789,80.74114990234375,5.10401725769043,9.255684852600098,100.6180191040039,137.69403076171875,52.5993766784668,38.33262634277344,14.99011516571045,60.21657943725586,184.41162109375,140.3265838623047,16.28338623046875,34.032318115234375,122.97897338867188,95.18629455566406,49.21491622924805,26.11124610900879,143.89923095703125,112.50020599365234,97.64803314208984,14.323631286621094,102.14322662353516,43.64945602416992,117.38282012939453,310.66680908203125,94.47124481201172,27.28154945373535,11.789999961853027,166.79092407226562,83.24095153808594,63.819637298583984,99.56130981445312,23.861507415771484,59.19059753417969,36.904388427734375,153.27322387695312,51.253211975097656,53.597232818603516,37.20750427246094,80.54834747314453,295.30401611328125,159.89634704589844,36.58496856689453,45.10274124145508,29.468530654907227,40.79005432128906,106.70929718017578,22.93024444580078,95.95046997070312,169.39505004882812,99.72511291503906,91.60066223144531,22.855321884155273,67.49482727050781,164.44195556640625,67.75121307373047,82.77739715576172,23.4805965423584,47.14870071411133,238.23817443847656,270.04681396484375,55.47414779663086,86.00403594970703,55.0172119140625,104.29228973388672,95.2843246459961,226.71878051757812,138.623046875,35.188602447509766,113.89105987548828,34.800350189208984,95.9371109008789,13.415616989135742,32.77593231201172,50.64080810546875,38.71541213989258,21.90146255493164
2020-03-01,61.33359909057617,69.97735595703125,318.239990234375,118.37110137939453,63.476436614990234,20.612558364868164,78.63585662841797,43.27743148803711,166.33273315429688,157.0862274169922,3.5508430004119873,171.54129028320312,78.70307159423828,149.13999938964844,18.14924430847168,72.22392272949219,157.8836212158203,43.35820388793945,33.582908630371094,102.52212524414062,101.32544708251953,56.934322357177734,140.63270568847656,24.369972229003906,36.223995208740234,32.55876922607422,17.52408790588379,48.10833740234375,54.57038497924805,54.4995002746582,37.790096282958984,127.26160430908203,93.65979766845703,77.08610534667969,62.68171691894531,145.36764526367188,61.73563003540039,41.48368835449219,69.74790954589844,3.542011260986328,6.272679805755615,86.86185455322266,114.08538818359375,38.4240608215332,41.28188705444336,6.118334770202637,55.77341842651367,159.1160888671875,115.7691879272461,13.724305152893066,38.15547180175781,113.16561126708984,81.12958526611328,47.973915100097656,21.992504119873047,122.8084716796875,109.69774627685547,75.71485900878906,13.394566535949707,100.2820816040039,36.42601013183594,129.09970092773438,284.6959228515625,76.2808609008789,22.44778060913086,8.8100004196167,142.0347137451172,75.0337905883789,61.64561462402344,91.06883239746094,23.485361099243164,59.97578811645508,27.864742279052734,149.2051239013672,41.014278411865234,51.02295684814453,37.8559684753418,74.564453125,271.6951904296875,128.02232360839844,32.25887680053711,44.07229232788086,10.738741874694824,36.02475357055664,97.72265625,22.395071029663086,93.21338653564453,118.9349594116211,75.51968383789062,73.31560516357422,19.046907424926758,58.77839279174805,135.23672485351562,56.78902816772461,89.21537017822266,11.692628860473633,42.29010009765625,219.5489959716797,236.32566833496094,43.82749938964844,77.62908935546875,43.98616027832031,87.0540542602539,83.42182922363281,222.71743774414062,122.34149169921875,26.41365623474121,102.34663391113281,24.449695587158203,64.37825775146484,10.22006607055664,34.737003326416016,49.316734313964844,28.577455520629883,13.048253059387207
2020-04-01,70.86322021484375,82.00927734375,353.6400146484375,127.04020690917969,65.96056365966797,21.61556053161621,87.1998291015625,46.92324447631836,196.271484375,164.77354431152344,11.144105911254883,193.85943603515625,84.35401916503906,141.02000427246094,20.560026168823242,78.97573852539062,173.52284240722656,47.69347381591797,38.71761703491211,103.76649475097656,97.98694610595703,60.65534973144531,152.17776489257812,33.31090545654297,39.517642974853516,35.434322357177734,20.25515365600586,50.326087951660156,69.28617095947266,58.22893142700195,52.10823059082031,133.61734008789062,104.8582534790039,86.00328063964844,65.61122131347656,180.5084991455078,62.36882400512695,49.64982986450195,74.96395874023438,3.7326793670654297,8.205592155456543,90.80882263183594,113.55756378173828,32.90724563598633,47.262168884277344,9.378470420837402,56.817813873291016,187.3412628173828,122.78682708740234,12.261748313903809,38.51671600341797,113.1058120727539,91.82936096191406,53.16841506958008,24.19669532775879,140.41925048828125,125.51703643798828,81.37059783935547,15.290904998779297,108.60296630859375,37.77604293823242,143.91558837890625,326.7850646972656,93.39785766601562,23.876953125,8.720000267028809,161.1129608154297,81.23250579833984,68.75481414794922,101.34918212890625,23.837602615356445,61.84661865234375,32.59922409057617,169.54571533203125,46.69931411743164,49.008506774902344,49.72775650024414,78.56574249267578,296.9473876953125,150.03167724609375,36.8890380859375,48.53299331665039,15.394048690795898,40.67726135253906,107.641357421875,26.319692611694336,100.54849243164062,144.9626007080078,85.1432113647461,79.65618133544922,19.617998123168945,68.35321807861328,169.8009033203125,66.28266906738281,92.35800170898438,14.578948974609375,44.31321716308594,262.40155029296875,266.33514404296875,51.865699768066406,91.63186645507812,45.12700271606445,88.68386840820312,96.89551544189453,261.200439453125,138.6056671142578,27.985441207885742,106.98711395263672,24.747865676879883,83.841796875,13.990293502807617,37.161434173583984,51.98294448852539,34.97482681274414,12.600451469421387
2020-05-01,76.89329528808594,84.52947235107422,386.6000061035156,126.86701965332031,68.26524353027344,25.551067352294922,84.31383514404297,53.27384948730469,189.7362823486328,187.94313049316406,9.193036079406738,207.66969299316406,87.88536834716797,145.85000610351562,20.619873046875,80.06986999511719,169.67489624023438,46.838584899902344,38.604801177978516,107.11005401611328,110.62425994873047,62.433494567871094,168.34730529785156,33.707942962646484,40.308319091796875,39.98274612426758,21.968952178955078,53.61301803588867,70.0740966796875,64.17790985107422,56.562774658203125,140.12039184570312,113.7297592163086,89.76150512695312,67.13773345947266,198.3074493408203,60.040992736816406,53.640254974365234,76.29273223876953,4.187347412109375,8.428621292114258,93.52368927001953,127.65016174316406,31.794218063354492,49.747989654541016,10.494956970214844,57.840694427490234,211.75704956054688,127.13526916503906,11.969236373901367,40.14453125,116.56825256347656,92.57173156738281,56.0985107421875,24.439516067504883,149.0258331298828,125.30049133300781,82.68771362304688,16.47625732421875,110.92436218261719,38.42634963989258,143.01296997070312,328.241455078125,116.2234878540039,25.59701156616211,9.210000038146973,161.11492919921875,82.02294158935547,76.78587341308594,105.3996810913086,23.71614646911621,62.92234420776367,36.54287338256836,173.85067749023438,46.71881866455078,54.19096755981445,48.88336181640625,89.0608901977539,302.2944030761719,157.21493530273438,37.8473014831543,49.2659912109375,12.009212493896484,40.94197463989258,107.03925323486328,26.464187622070312,98.88504791259766,165.9466552734375,91.02588653564453,89.66874694824219,21.56282615661621,70.27338409423828,194.74990844726562,67.75183868408203,92.25724792480469,16.009109497070312,45.1060676574707,291.8237609863281,279.0247497558594,50.15439224243164,102.68571472167969,48.54025650024414,93.7397689819336,99.8990478515625,272.2568054199219,148.16741943359375,27.264719009399414,102.92827606201172,23.008134841918945,92.47471618652344,14.755894660949707,38.09565353393555,53.1851921081543,34.885746002197266,10.940139770507812
2020-06-01,88.22628784179688,81.42152404785156,435.30999755859375,129.70196533203125,63.7729377746582,26.77411651611328,83.60696411132812,57.32295608520508,194.82455444335938,183.79208374023438,11.501941680908203,208.6783447265625,88.00552368164062,183.3000030517578,20.445158004760742,76.79965209960938,164.94985961914062,46.11703109741211,41.17524337768555,112.7896728515625,115.56495666503906,63.23624038696289,179.0562286376953,33.580081939697266,39.240909576416016,38.996158599853516,21.404237747192383,53.122440338134766,68.18659973144531,61.95991897583008,59.238739013671875,145.4955596923828,108.1159896850586,89.12464904785156,62.637298583984375,186.0210418701172,57.53728103637695,54.528114318847656,78.61116790771484,4.458681583404541,10.751834869384766,100.92536926269531,129.93658447265625,33.10198211669922,48.65107727050781,11.637068748474121,58.97376251220703,214.7617950439453,126.0369873046875,13.914423942565918,39.684139251708984,111.36187744140625,89.51070404052734,53.335044860839844,25.272111892700195,152.06057739257812,118.46057891845703,79.92607879638672,18.210399627685547,111.69747161865234,37.11412048339844,153.51332092285156,308.3665466308594,120.47654724121094,30.37397003173828,9.670000076293945,159.5151824951172,76.79936981201172,78.64897918701172,105.09649658203125,24.358369827270508,60.758975982666016,39.93259811401367,193.0714569091797,50.23906326293945,51.20805740356445,51.8388671875,88.58211517333984,277.25946044921875,154.81649780273438,37.45786666870117,50.64033126831055,16.980300903320312,39.79857635498047,108.45230102539062,22.659833908081055,101.9986801147461,168.9895477294922,83.97782135009766,93.54054260253906,20.215864181518555,79.86211395263672,191.9029083251953,63.92943572998047,85.68190002441406,16.04861068725586,40.980369567871094,295.82830810546875,283.97308349609375,52.73072052001953,100.67110443115234,46.5162239074707,100.60282135009766,106.82318115234375,264.5497741699219,147.47825622558594,28.563472747802734,110.08345031738281,22.251916885375977,98.32746887207031,14.015871047973633,36.78136444091797,51.455997467041016,34.310325622558594,10.7114896774292
2020-07-01,102.79527282714844,89.97125244140625,444.32000732421875,115.78133392333984,69.57048034667969,27.59846305847168,81.36573791503906,61.00224685668945,202.10174560546875,196.25123596191406,13.102219581604004,247.71585083007812,86.65902709960938,158.0,21.417919158935547,77.04939270019531,193.95240783691406,46.358245849609375,40.70503234863281,119.36553955078125,116.13082122802734,67.03052520751953,193.9857177734375,30.184856414794922,39.470703125,39.69097900390625,21.89529800415039,51.86452865600586,64.14415740966797,61.845455169677734,59.95290756225586,163.234619140625,113.3807144165039,95.004150390625,66.4399185180664,174.92242431640625,61.456825256347656,54.510528564453125,83.68836212158203,4.847349643707275,12.006370544433594,121.20832061767578,128.51779174804688,29.418598175048828,50.321258544921875,12.847397804260254,57.786643981933594,227.6041259765625,130.20364379882812,14.03416919708252,42.021728515625,124.927734375,91.11904907226562,42.54857635498047,24.97064971923828,160.87899780273438,122.7818603515625,82.91858673095703,18.71135711669922,120.1448974609375,39.240631103515625,140.5257568359375,320.2391662597656,133.28076171875,35.41658020019531,11.109999656677246,167.9981231689453,80.80266571044922,85.73554992675781,101.37747955322266,25.537517547607422,63.04539108276367,40.69364547729492,194.49453735351562,48.81537628173828,59.849708557128906,58.10251235961914,88.18458557128906,293.1046447753906,169.48953247070312,37.946346282958984,51.02004623413086,14.6049165725708,45.2874641418457,112.88025665283203,26.92576026916504,112.55715942382812,164.97854614257812,86.09458923339844,94.94286346435547,20.826091766357422,92.47050476074219,196.53378295898438,66.48348999023438,88.54850006103516,15.830442428588867,43.161773681640625,314.47698974609375,300.6968994140625,52.929866790771484,105.66563415527344,47.83185577392578,100.92919158935547,108.04984283447266,271.5727844238281,151.21170043945312,28.578994750976562,111.5753173828125,21.087169647216797,123.82594299316406,14.09692668914795,39.73542785644531,56.840354919433594,32.28485870361328,11.664241790771484
2020-08-01,125.05754852294922,97.86522674560547,513.3900146484375,121.16488647460938,63.64618682861328,25.022377014160156,80.63571166992188,58.60756301879883,210.64849853515625,191.24978637695312,12.632760047912598,252.58151245117188,94.33873748779297,171.82000732421875,22.158246994018555,77.88606262207031,167.36270141601562,49.15586853027344,41.608497619628906,127.83641815185547,114.08638763427734,68.81912994384766,183.3148956298828,30.58850860595703,41.8913459777832,35.57862091064453,23.547061920166016,51.1888313293457,65.0611343383789,59.86865234375,62.508880615234375,194.481689453125,127.85630798339844,101.83406066894531,63.719383239746094,184.27261352539062,57.658103942871094,61.49661636352539,92.40677642822266,5.001350402832031,14.506150245666504,158.23306274414062,130.8036346435547,30.727170944213867,50.862091064453125,14.505995750427246,62.69485092163086,244.36431884765625,145.12344360351562,15.606823921203613,42.12087631225586,128.4014129638672,92.5899429321289,45.72748947143555,26.40178108215332,171.80194091796875,130.08599853515625,85.96454620361328,19.291255950927734,124.66496276855469,41.142860412597656,139.425537109375,331.7923889160156,147.404541015625,31.58344268798828,10.75,185.7154998779297,90.00685119628906,90.70635223388672,110.8326187133789,27.14484977722168,66.99751281738281,43.5075798034668,214.47923278808594,44.37849044799805,59.82368087768555,56.49040603637695,101.30960845947266,310.26611328125,188.3245086669922,41.121337890625,52.648643493652344,11.821257591247559,42.29204559326172,114.84823608398438,26.442943572998047,118.7464370727539,190.7578125,89.75078582763672,106.70489501953125,21.616262435913086,104.28215789794922,208.60594177246094,73.78035736083984,98.08623504638672,16.589677810668945,41.726646423339844,329.6089172363281,321.6844482421875,56.49778747558594,127.55551147460938,50.40791320800781,102.3581771850586,120.41773986816406,280.3357238769531,168.70535278320312,28.23766326904297,114.32583618164062,21.077938079833984,135.81463623046875,15.298080444335938,42.81257247924805,57.194358825683594,31.24750518798828,13.212469100952148
2020-09-01,112.23584747314453,97.29306030273438,490.42999267578125,122.32433319091797,65.98764038085938,23.90428924560547,81.62411499023438,56.56201171875,211.34693908691406,197.28402709960938,8.083261489868164,258.6004943847656,93.09439086914062,165.25999450683594,20.882307052612305,71.9374771118164,160.9499969482422,47.64641571044922,35.0888671875,133.98077392578125,106.68338775634766,66.98711395263672,172.38165283203125,26.51165771484375,38.51519775390625,33.19379806518555,23.919687271118164,48.12343978881836,55.813194274902344,60.962562561035156,62.195003509521484,205.89881896972656,120.30339050292969,100.44337463378906,70.23883819580078,187.28555297851562,62.879180908203125,58.044246673583984,92.34342193603516,4.8840155601501465,14.534028053283691,181.55299377441406,121.23967742919922,30.243953704833984,49.05666732788086,10.833419799804688,65.69697570800781,239.3357696533203,144.29945373535156,15.299802780151367,40.39406967163086,123.82302856445312,91.35851287841797,46.472408294677734,29.510007858276367,169.01223754882812,126.24469757080078,82.60115051269531,18.219205856323242,117.48696899414062,41.3419189453125,139.077880859375,325.8581237792969,148.45175170898438,31.273202896118164,11.699999809265137,190.9081573486328,87.52667236328125,85.38363647460938,108.90178680419922,24.46244239807129,65.648681640625,40.252418518066406,200.02401733398438,45.792442321777344,59.47867202758789,53.4779052734375,113.66885375976562,285.706298828125,189.6182098388672,40.93514633178711,54.930511474609375,9.297232627868652,44.87225341796875,114.46832275390625,25.680238723754883,119.3130111694336,187.3594970703125,88.7096176147461,108.19379425048828,21.605289459228516,103.59070587158203,199.6927032470703,75.04686737060547,94.28289031982422,13.668803215026855,43.35797119140625,324.3735656738281,309.6394958496094,49.660343170166016,132.7939910888672,51.199127197265625,96.15229034423828,120.9599609375,280.78851318359375,172.58900451660156,28.138362884521484,129.1310272216797,20.51935386657715,140.52981567382812,14.761011123657227,43.139404296875,57.17268371582031,26.858457565307617,13.328767776489258
2020-10-01,105.5003433227539,94.2806167602539,447.1000061035156,138.5214080810547,72.60818481445312,27.34275245666504,76.95072174072266,56.35270309448242,180.3966522216797,176.40260314941406,7.1030683517456055,239.83006286621094,85.08136749267578,144.38999938964844,20.54423713684082,69.38809967041016,159.87783813476562,46.53964614868164,34.131141662597656,141.9390106201172,119.35273742675781,68.8757553100586,169.98667907714844,23.38896942138672,37.43122100830078,30.53183364868164,24.31081199645996,46.61208724975586,53.875247955322266,62.051578521728516,63.76443099975586,209.8750762939453,117.55953979492188,102.64066314697266,73.0544204711914,172.056396484375,63.43684768676758,57.35376739501953,93.93632507324219,5.668684005737305,16.113811492919922,187.29147338867188,115.90141296386719,36.02089309692383,47.41320037841797,10.842411041259766,66.23397827148438,229.85581970214844,144.59747314453125,14.46995735168457,40.415409088134766,118.7436752319336,83.8422622680664,39.74117660522461,31.846641540527344,171.3478546142578,116.26417541503906,84.90038299560547,18.542705535888672,105.49638366699219,40.24494171142578,122.57872009277344,297.67449951171875,141.99270629882812,32.24699020385742,13.770000457763672,185.2632293701172,84.70513916015625,79.66108703613281,108.752197265625,22.84174346923828,59.52303695678711,40.38304138183594,192.5491485595703,49.088401794433594,62.7530517578125,52.96378707885742,108.72516632080078,262.459716796875,185.3028564453125,43.581424713134766,51.836368560791016,8.479890823364258,47.51997756958008,110.08279418945312,24.826553344726562,118.34407043457031,192.933837890625,91.25511169433594,114.96475982666016,21.835552215576172,108.5906753540039,214.56924438476562,75.95525360107422,91.5732421875,13.124160766601562,45.94090270996094,290.30804443359375,301.9190673828125,49.300437927246094,128.40750122070312,46.737030029296875,107.2792739868164,123.36468505859375,274.81732177734375,155.33619689941406,30.57152557373047,137.99127197265625,18.721405029296875,141.34751892089844,14.415462493896484,42.781734466552734,58.017704010009766,25.52062225341797,12.34170913696289
2020-11-01,115.57490539550781,97.0701675415039,478.4700012207031,152.48226928710938,69.10137939453125,33.37744140625,89.20602416992188,78.7060775756836,185.8917694091797,196.4193115234375,11.031147956848145,243.21597290039062,110.58529663085938,210.7100067138672,24.410369873046875,68.04631042480469,162.44410705566406,49.68476867675781,45.37908935546875,156.88760375976562,135.8164520263672,74.76891326904297,167.32778930664062,32.329402923583984,40.118064880371094,36.587162017822266,27.810701370239258,56.33506774902344,68.57488250732422,60.622711181640625,71.44873809814453,243.0503692626953,143.50503540039062,113.58856964111328,74.22673797607422,208.19398498535156,62.20176696777344,68.46463775634766,110.3728256225586,6.658687591552734,21.73598861694336,206.86009216308594,131.804443359375,49.41950607299805,48.776573181152344,14.915056228637695,74.48921203613281,239.07730102539062,179.59725952148438,17.66849708557129,39.162025451660156,128.4390411376953,94.09249877929688,43.70962142944336,36.414337158203125,184.65293884277344,123.53573608398438,102.08135986328125,23.78690528869629,110.84318542480469,43.5480842590332,137.55416870117188,312.4871520996094,139.94497680664062,42.67107391357422,15.489999771118164,190.24917602539062,95.76387786865234,82.5163803100586,118.4500503540039,25.2158145904541,63.622650146484375,51.856346130371094,204.11376953125,62.49653625488281,63.374603271484375,49.57558059692383,121.96267700195312,275.0021667480469,210.9232940673828,49.0017204284668,53.32374572753906,14.637797355651855,47.6262092590332,119.11803436279297,28.54494857788086,119.87191772460938,248.47640991210938,112.6170654296875,130.5835418701172,22.566051483154297,129.55001831054688,232.3129425048828,86.01932525634766,96.37808990478516,18.263139724731445,48.34721374511719,317.06982421875,334.76092529296875,58.99311828613281,152.07125854492188,58.43048095703125,115.22454071044922,137.57908630371094,302.9168395996094,179.7510528564453,33.915164947509766,133.3753204345703,23.980472564697266,149.6857452392578,15.760102272033691,47.11079025268555,55.805702209472656,30.551162719726562,15.544309616088867
2020-12-01,128.81674194335938,98.20933532714844,500.1199951171875,155.347900390625,67.78266906738281,33.14088821411133,95.81259155273438,82.35128784179688,192.4888916015625,202.53555297851562,12.143674850463867,238.38644409179688,112.74868774414062,214.05999755859375,26.437847137451172,72.00753021240234,173.682861328125,49.78411865234375,50.809417724609375,164.50648498535156,142.1306915283203,74.65540313720703,166.4703369140625,32.6807975769043,38.77865219116211,38.05847930908203,28.026887893676758,56.75887680053711,66.4275131225586,58.541046142578125,80.08705139160156,250.6709747314453,175.6654510498047,117.51663208007812,73.34554290771484,203.20855712890625,58.95502853393555,71.62853240966797,109.48882293701172,6.446022033691406,24.180015563964844,187.81942749023438,131.33673095703125,52.477561950683594,47.15657043457031,17.036724090576172,74.8975830078125,230.1646270751953,187.3300323486328,19.975242614746094,38.688899993896484,132.29505920410156,95.89026641845703,45.03854751586914,36.590965270996094,179.36622619628906,134.3797149658203,110.0396957397461,24.442068099975586,108.1148910522461,46.282501220703125,159.45521545410156,303.9087829589844,144.1571502685547,44.63372802734375,17.450000762939453,187.74681091308594,99.15396881103516,84.682373046875,119.86270141601562,26.487892150878906,65.2497787475586,57.47559356689453,212.07540893554688,73.31082153320312,66.44041442871094,50.81631088256836,128.35023498535156,277.2403869628906,211.4483184814453,48.916744232177734,59.762874603271484,16.08583641052246,48.05398178100586,123.35194396972656,27.427297592163086,120.10498046875,253.26451110839844,121.53213500976562,128.3148193359375,22.715879440307617,134.67979431152344,227.99502563476562,93.88237762451172,95.06236267089844,19.292736053466797,49.6235466003418,296.2940673828125,347.1632385253906,61.358829498291016,149.53013610839844,62.82817840576172,125.5407485961914,140.0363006591797,316.96820068359375,183.3975372314453,36.90409851074219,141.6461944580078,26.461820602416992,138.82525634765625,15.33533763885498,44.609222412109375,55.599674224853516,33.02698516845703,16.649126052856445
2021-01-01,128.10806274414062,111.30321502685547,458.7699890136719,145.57908630371094,65.86162567138672,32.77324676513672,93.41575622558594,92.25635528564453,202.12506103515625,195.13790893554688,12.238211631774902,232.75001525878906,108.7927017211914,194.19000244140625,25.86216163635254,68.94741821289062,181.7138671875,49.302574157714844,48.192569732666016,166.1267547607422,134.51258850097656,68.47877502441406,173.595703125,32.71349334716797,38.8864631652832,38.22138214111328,26.485797882080078,59.941078186035156,67.0174560546875,56.74278259277344,89.4798812866211,269.0718078613281,163.05145263671875,108.43180084228516,75.3001480102539,192.078857421875,57.739559173583984,70.71946716308594,107.26513671875,7.722027778625488,25.007081985473633,170.25433349609375,130.38778686523438,51.894474029541016,47.00188064575195,15.891921043395996,75.12176513671875,234.6705780029297,172.06703186035156,19.77216148376465,39.10595703125,126.3112564086914,90.73314666748047,50.18244934082031,37.02518081665039,170.85891723632812,139.28936767578125,112.22769927978516,26.439647674560547,105.92581176757812,40.63644790649414,196.41024780273438,275.51947021484375,150.3778533935547,45.737586975097656,18.1200008392334,181.8496551513672,94.23606872558594,79.31440734863281,120.45930480957031,26.539573669433594,61.476776123046875,56.523460388183594,221.17169189453125,76.3239974975586,69.6440200805664,50.57023620605469,121.20099639892578,260.7635498046875,210.56732177734375,44.81505584716797,56.04096603393555,18.641353607177734,46.51262664794922,113.59526062011719,27.040239334106445,111.33778381347656,246.01268005371094,117.90190124511719,119.8536148071289,22.28895378112793,138.1630401611328,225.9224395751953,84.95746612548828,95.72843933105469,19.628572463989258,47.5959587097168,285.7215576171875,343.62554931640625,59.015079498291016,153.46043395996094,58.91809844970703,121.90069580078125,142.2244873046875,301.5119934082031,173.92909240722656,33.94163131713867,142.4389190673828,26.198776245117188,142.36337280273438,16.237865447998047,43.476593017578125,53.364681243896484,35.92746353149414,15.098369598388672
2021-02-01,117.89631652832031,107.87199401855469,459.6700134277344,153.42584228515625,61.490604400634766,38.47178649902344,92.91024017333984,112.99617767333984,189.7030029296875,218.7831268310547,16.90895652770996,223.03025817871094,126.57235717773438,212.00999450683594,30.27573013305664,69.93742370605469,167.38719177246094,49.22230911254883,54.749542236328125,196.14663696289062,150.12734985351562,66.02059173583984,150.05010986328125,42.89420700073242,36.76068878173828,38.47000503540039,28.358999252319336,56.99633026123047,79.77085876464844,53.18515396118164,79.53941345214844,325.2713623046875,183.2862091064453,115.18779754638672,69.27665710449219,196.63409423828125,54.145233154296875,77.0142822265625,118.64779663085938,8.580029487609863,31.51207733154297,184.1154022216797,145.31288146972656,60.932281494140625,44.50212860107422,19.677865982055664,75.58148956298828,223.8563690185547,179.00338745117188,23.533260345458984,38.69704818725586,127.16944885253906,91.806640625,55.280181884765625,36.92453384399414,177.87060546875,136.14561462402344,128.3636932373047,29.461544036865234,102.90277862548828,41.34536361694336,194.3095245361328,284.9045715332031,143.978759765625,53.604515075683594,20.200000762939453,181.471923828125,99.01008605957031,74.65510559082031,121.03710174560547,28.167606353759766,57.927127838134766,64.8017807006836,222.08248901367188,89.2542953491211,63.61189651489258,46.14109802246094,122.52925109863281,266.6387939453125,225.2127227783203,55.014095306396484,59.82463455200195,24.72813606262207,44.36957931518555,107.45679473876953,25.22500991821289,107.27366638183594,267.6369934082031,138.30799865722656,120.42753601074219,21.096773147583008,120.40196990966797,222.1127166748047,95.20740509033203,92.82335662841797,24.78177833557129,46.30228042602539,297.54937744140625,353.1800842285156,61.35039520263672,155.9371795654297,60.941776275634766,130.12876892089844,147.8726043701172,300.2827453613281,182.244140625,39.60517120361328,159.83831787109375,31.814210891723633,147.15194702148438,17.469284057617188,40.2055549621582,48.861324310302734,44.303043365478516,18.293222427368164
2021-03-01,118.76162719726562,107.926025390625,475.3699951171875,167.01889038085938,69.58255767822266,40.719078063964844,100.88389587402344,127.72900390625,209.85243225097656,221.08901977539062,15.340612411499023,246.781005859375,132.75323486328125,254.72000122070312,33.9149055480957,75.9238052368164,169.3465576171875,51.062164306640625,60.45886993408203,210.67495727539062,146.52940368652344,69.20746612548828,159.8545379638672,43.68594741821289,40.63236999511719,44.33439254760742,29.86756134033203,62.93604278564453,83.59186553955078,59.672977447509766,87.41191101074219,349.4367980957031,178.90380859375,128.14950561523438,78.13150024414062,201.50830078125,61.69173049926758,80.88741302490234,126.70465087890625,8.983362197875977,30.60137367248535,206.0208282470703,161.39361572265625,63.84615707397461,49.606807708740234,19.382246017456055,77.52526092529297,266.16229248046875,192.02500915527344,25.958511352539062,39.87372589111328,138.0921630859375,102.86852264404297,58.20881271362305,40.211666107177734,195.86985778808594,141.2061309814453,132.77706909179688,31.27621078491211,112.48111724853516,44.85514831542969,177.1726531982422,318.7652893066406,171.40460205078125,56.392059326171875,19.920000076293945,197.31797790527344,100.49462127685547,78.97781372070312,133.21963500976562,33.62421798706055,62.03301239013672,65.46775817871094,225.3222198486328,86.016845703125,65.45584106445312,51.63874816894531,120.81101989746094,295.87530517578125,239.9196014404297,74.20274353027344,65.07353210449219,24.745738983154297,50.08230209350586,118.59378051757812,27.28880500793457,117.60761260986328,294.1900634765625,144.0995635986328,134.21925354003906,23.577035903930664,117.7779769897461,242.34463500976562,96.30023193359375,104.86553955078125,24.14248275756836,50.74312210083008,318.78875732421875,369.2142639160156,71.255859375,168.3737335205078,61.089534759521484,135.24923706054688,162.22471618652344,337.49664306640625,195.0302734375,44.144710540771484,161.5229949951172,34.36497116088867,170.5857696533203,18.429079055786133,42.20998764038086,55.87997817993164,45.49272155761719,17.60601234436035
2021-04-01,127.8133544921875,108.53923797607422,508.3399963378906,165.70736694335938,72.87684631347656,42.69292068481445,111.3322982788086,126.87812042236328,202.11825561523438,242.09884643554688,17.16559600830078,253.04393005371094,143.9318084716797,234.30999755859375,35.52781295776367,77.13907623291016,173.28860473632812,50.48788833618164,59.61573028564453,208.19558715820312,159.1630096435547,71.24813079833984,152.14088439941406,42.17668533325195,38.882713317871094,43.96142578125,31.20883560180664,64.33422088623047,82.2198257446289,62.7681770324707,87.2196044921875,346.36407470703125,180.35813903808594,139.4196319580078,81.49861145019531,210.96853637695312,63.8443717956543,81.12947082519531,130.9653778076172,8.462695121765137,35.121463775634766,210.56858825683594,170.1965789794922,63.79753875732422,49.64712142944336,17.666200637817383,80.76531982421875,282.2235412597656,197.30618286132812,27.88803482055664,38.756263732910156,143.4530792236328,109.52263641357422,52.32426071166992,43.134395599365234,203.7747344970703,139.8142852783203,134.94529724121094,29.851552963256836,107.8459701538086,45.93589782714844,173.3318328857422,328.3066711425781,177.3970489501953,58.78041458129883,21.459999084472656,207.82913208007812,111.3752212524414,80.34553527832031,136.30332946777344,31.38302993774414,59.94887924194336,69.88570404052734,241.0050811767578,83.93006134033203,67.1006851196289,53.47228240966797,120.56558990478516,324.0330810546875,249.49781799316406,76.04234313964844,70.58946228027344,23.574459075927734,52.536094665527344,120.86589050292969,29.111570358276367,116.60343933105469,292.6791076660156,154.57086181640625,152.95960998535156,23.814115524291992,123.29422760009766,241.26731872558594,100.90065002441406,108.5618896484375,24.018171310424805,54.0166130065918,352.6849060058594,388.7495422363281,71.2049331665039,176.18588256835938,65.56849670410156,139.08010864257812,155.8008575439453,361.74285888671875,196.51686096191406,47.369163513183594,170.6065673828125,39.62482452392578,183.04965209960938,18.950288772583008,43.47787094116211,59.90439224243164,46.64164352416992,17.511707305908203
2021-05-01,121.35917663574219,105.43888854980469,504.5799865722656,173.70957946777344,71.24885559082031,46.56127166748047,119.94563293457031,132.2908477783203,202.09552001953125,243.9571533203125,17.852214813232422,262.8505859375,150.29534912109375,247.02000427246094,37.15824508666992,73.92533874511719,168.46902465820312,53.157073974609375,65.86683654785156,220.03326416015625,157.6788787841797,73.96739196777344,147.33070373535156,46.32817077636719,39.63186264038086,45.6798095703125,31.100387573242188,72.78862762451172,83.80763244628906,59.81439971923828,96.02508544921875,337.2578430175781,173.2124481201172,141.11305236816406,81.89900207519531,202.458984375,64.33744812011719,86.25823211669922,133.7988739013672,10.655367851257324,39.787559509277344,228.33900451660156,169.91029357910156,68.36840057373047,51.27864074707031,20.276399612426758,77.93915557861328,278.0730285644531,205.13516235351562,23.89818572998047,40.71923828125,151.80128479003906,112.19821166992188,52.271331787109375,47.30897903442383,204.92416381835938,146.32339477539062,144.0960693359375,30.08858299255371,105.66995239257812,47.05067443847656,190.26255798339844,331.94940185546875,176.11349487304688,61.56572723388672,21.209999084472656,207.03839111328125,107.6916275024414,79.18958282470703,141.41561889648438,32.34916687011719,61.06739044189453,76.99700927734375,239.16685485839844,82.04804229736328,63.38680648803711,62.956932067871094,124.30687713623047,335.9060363769531,251.8497314453125,94.78949737548828,73.3370590209961,24.132211685180664,51.67103958129883,124.03507995605469,29.459264755249023,117.85319519042969,288.3409729003906,160.96206665039062,161.01712036132812,23.797767639160156,119.51012420654297,241.747802734375,100.76236724853516,111.2105712890625,27.818456649780273,52.70912170410156,343.5173645019531,391.3021240234375,73.77496337890625,193.52490234375,62.599212646484375,143.61236572265625,163.8364715576172,373.6437072753906,199.80792236328125,48.51049041748047,175.8227081298828,41.18337631225586,184.62693786621094,20.490581512451172,44.310001373291016,59.55152893066406,48.25531005859375,17.011167526245117
2021-06-01,133.3870086669922,104.78810119628906,585.6400146484375,176.84349060058594,70.08071899414062,42.203529357910156,115.2037582397461,136.38031005859375,207.0302734375,229.8899383544922,18.564592361450195,253.66209411621094,155.08212280273438,239.55999755859375,36.293548583984375,72.7165298461914,169.96328735351562,54.046791076660156,59.2056884765625,198.6304931640625,148.13670349121094,71.82199096679688,149.98170471191406,50.61688232421875,37.12382507324219,45.76616287231445,29.895137786865234,70.26241302490234,84.57473754882812,58.276039123535156,87.87445831298828,330.2713317871094,170.42013549804688,141.206787109375,80.6732177734375,194.3184051513672,59.739559173583984,86.75401306152344,136.4978485107422,10.897368431091309,34.5626335144043,216.92137145996094,168.43405151367188,65.50062561035156,49.7042236328125,20.92346954345703,76.76156616210938,279.5136413574219,194.86553955078125,24.840818405151367,40.0565299987793,152.79254150390625,114.42281341552734,51.3745231628418,45.96693420410156,198.68199157714844,142.4242706298828,136.46311950683594,30.78360939025879,109.16998291015625,46.393489837646484,218.62953186035156,328.6055908203125,175.33607482910156,61.76974868774414,20.100000381469727,204.47134399414062,106.13168334960938,78.53162384033203,138.3441162109375,31.88816261291504,66.14778137207031,77.62349700927734,259.49334716796875,82.86714935302734,63.77408218383789,54.71027755737305,140.73110961914062,333.6658935546875,237.96163940429688,89.0583267211914,72.49878692626953,29.078310012817383,50.108463287353516,125.13546752929688,29.786344528198242,117.9231185913086,287.3677978515625,157.72097778320312,152.1026153564453,23.198936462402344,127.61070251464844,262.1898498535156,98.93080139160156,108.1068344116211,28.53609275817871,49.89719009399414,371.56219482421875,400.0780334472656,70.23275756835938,206.1638946533203,62.48798370361328,135.38497924804688,165.9770050048828,364.560791015625,195.5402069091797,45.80393981933594,166.9509735107422,39.92283630371094,169.77671813964844,20.959428787231445,43.99491500854492,55.71762466430664,52.149139404296875,17.220842361450195
2021-07-01,142.05482482910156,109.76905059814453,621.6300048828125,186.64637756347656,73.0052261352539,41.981876373291016,114.85932159423828,134.01475524902344,205.1531982421875,250.85475158691406,16.115690231323242,256.615966796875,160.47422790527344,226.47999572753906,33.76718521118164,69.87108612060547,178.74134826660156,55.301612854003906,57.00894546508789,189.7129669189453,157.27053833007812,70.56685638427734,151.74697875976562,46.95037841796875,35.89264678955078,48.14603805541992,30.118791580200195,69.77301025390625,82.20881652832031,59.30579376220703,85.54106140136719,338.58648681640625,170.66250610351562,156.69639587402344,85.89508056640625,208.33778381347656,61.44710159301758,90.94569396972656,145.58975219726562,10.230032920837402,35.559329986572266,203.5569610595703,176.50146484375,63.01881408691406,48.4245491027832,18.715280532836914,81.30741119384766,287.6652526855469,207.6937255859375,23.75469970703125,39.10791778564453,156.91542053222656,110.02823638916016,49.159950256347656,43.30532455444336,201.44589233398438,148.87376403808594,133.93165588378906,33.057655334472656,110.75308990478516,48.897071838378906,231.9461212158203,322.8038635253906,174.90444946289062,60.508148193359375,21.719999313354492,214.84580993652344,112.2706298828125,75.1349105834961,137.86351013183594,32.12891387939453,65.38228607177734,81.85176086425781,272.9133605957031,75.65115356445312,67.79476928710938,54.22687911987305,152.59158325195312,333.2894287109375,231.16558837890625,96.5688247680664,81.46003723144531,24.270671844482422,52.19700241088867,132.550537109375,32.85757064819336,125.08479309082031,291.9715576171875,151.8248291015625,146.50302124023438,23.530710220336914,133.744384765625,281.806884765625,107.44269561767578,109.39171600341797,25.70120620727539,52.667884826660156,388.101318359375,409.8449401855469,74.38118743896484,222.632080078125,63.776309967041016,134.67054748535156,165.4445343017578,375.2853088378906,194.49996948242188,44.65422058105469,172.6288299560547,40.495811462402344,172.517822265625,19.77528190612793,44.472225189208984,57.7220344543457,47.593936920166016,17.690038681030273
2021-08-01,148.09060668945312,114.65959167480469,663.7000122070312,186.12103271484375,74.8262939453125,48.374473571777344,120.18638610839844,129.6544189453125,193.0341796875,276.738037109375,16.74312400817871,237.64065551757812,156.17372131347656,219.5,36.75129318237305,68.8503646850586,175.91085815429688,54.47865295410156,60.62575149536133,193.4934539794922,171.4187469482422,69.19100189208984,140.9756317138672,46.506492614746094,34.2589225769043,51.3198356628418,30.39900779724121,73.18709564208984,79.1926498413086,61.65837860107422,84.3670883178711,353.9805908203125,175.78179931640625,163.954345703125,86.32093048095703,212.61148071289062,63.475135803222656,95.56409454345703,155.79637145996094,9.555364608764648,33.96335220336914,193.188232421875,180.3551025390625,64.11981964111328,47.560707092285156,18.122234344482422,80.3834457397461,285.9034423828125,206.844970703125,24.470548629760742,38.399620056152344,156.6666717529297,110.80545806884766,49.792564392089844,45.4412727355957,206.94711303710938,150.5672149658203,141.14088439941406,32.38257598876953,112.45864868164062,48.27974319458008,246.82884216308594,314.75482177734375,185.07064819335938,57.4144401550293,21.350000381469727,211.35093688964844,114.1259765625,77.02734375,136.67010498046875,33.59357833862305,64.88895416259766,89.05791473388672,289.72247314453125,71.86759185791016,73.42920684814453,50.057579040527344,150.31590270996094,339.0375061035156,228.297119140625,109.13892364501953,83.32029724121094,23.889406204223633,53.63131332397461,132.07763671875,35.35969161987305,125.22551727294922,278.5442199707031,159.05772399902344,143.4615478515625,24.343536376953125,130.96771240234375,299.34454345703125,104.3600082397461,103.9681167602539,25.107925415039062,54.75151062011719,402.47882080078125,422.0418701171875,79.30636596679688,211.3556365966797,67.64651489257812,144.42813110351562,165.69627380371094,378.97247314453125,193.7290496826172,46.141624450683594,178.677978515625,40.45958709716797,173.5956268310547,19.491092681884766,46.37372970581055,58.144901275634766,45.754669189453125,16.502391815185547
2021-09-01,138.0150146484375,107.18315887451172,575.719970703125,178.8116455078125,67.81732940673828,48.954864501953125,113.10562133789062,123.51372528076172,182.00997924804688,275.6864929199219,18.41916275024414,227.13442993164062,157.65115356445312,219.94000244140625,37.55897903442383,72.91637420654297,172.35623168945312,48.6055908203125,59.16722106933594,176.15090942382812,162.39923095703125,67.08734130859375,138.9287567138672,56.75752258300781,34.324607849121094,47.328670501708984,27.79177474975586,71.89093017578125,83.0225830078125,58.30546951293945,77.4941635131836,314.6871337890625,164.02099609375,146.21987915039062,80.48978424072266,197.23768615722656,61.06905746459961,85.32830810546875,138.16790771484375,10.384033203125,30.360750198364258,159.90086364746094,176.50146484375,62.72080993652344,49.21434020996094,19.609750747680664,72.95098114013672,289.18951416015625,189.3366241455078,22.659467697143555,34.571468353271484,149.21682739257812,109.69219207763672,49.07413864135742,42.287841796875,184.68943786621094,140.45286560058594,144.44114685058594,31.863433837890625,108.95433807373047,45.32688522338867,220.79754638671875,301.8952941894531,184.13571166992188,54.16100311279297,18.559999465942383,214.59962463378906,107.70115661621094,72.33197021484375,123.11117553710938,31.00067901611328,64.45782470703125,82.98596954345703,270.56634521484375,69.31197357177734,68.64700317382812,47.318870544433594,132.51412963867188,332.0760498046875,215.42987060546875,91.7961654663086,81.45068359375,27.517805099487305,51.49086380004883,127.89793395996094,33.01107406616211,122.94771575927734,262.5359802246094,162.83653259277344,128.58935546875,23.443693161010742,115.69219207763672,270.45404052734375,97.98241424560547,100.90799713134766,26.540613174438477,51.6195182800293,385.3121643066406,402.3724365234375,72.79499053955078,195.772216796875,61.376747131347656,138.231201171875,166.82455444335938,356.9784851074219,175.11911010742188,48.15645217895508,162.5620880126953,41.08816909790039,159.74903869628906,20.82282066345215,43.64328384399414,53.222381591796875,49.363338470458984,14.964207649230957
2021-10-01,146.11061096191406,117.39759826660156,650.3599853515625,200.78744506835938,70.76627349853516,52.70073699951172,109.87174224853516,131.11280822753906,177.1484375,309.12255859375,22.579402923583984,265.8904113769531,163.93914794921875,207.02999877929688,42.274864196777344,71.58370971679688,167.98805236816406,47.97307586669922,58.72986602783203,188.23240661621094,182.90037536621094,68.03821563720703,137.73606872558594,62.760345458984375,33.085227966308594,48.996524810791016,33.80055618286133,76.07489776611328,93.6939926147461,60.629058837890625,79.32919311523438,321.4867248535156,163.92405700683594,158.98944091796875,84.13529205322266,210.09568786621094,63.433074951171875,87.8736572265625,152.4650115966797,12.525374412536621,35.27853775024414,171.74270629882812,183.6482391357422,63.84093475341797,51.26411056518555,22.666400909423828,78.85358428955078,327.4944763183594,194.99136352539062,25.11920928955078,35.88955307006836,154.5948486328125,98.77273559570312,45.131996154785156,39.6649055480957,203.6741180419922,141.6529998779297,150.81536865234375,35.50690460205078,106.52748107910156,48.695953369140625,243.4554443359375,290.7152404785156,213.00656127929688,53.630001068115234,21.809999465942383,218.5514373779297,102.98413848876953,71.92186737060547,125.39906311035156,30.040422439575195,75.56267547607422,88.25726318359375,318.2647705078125,67.47616577148438,74.60073852539062,47.05745315551758,152.642578125,329.3743896484375,263.8734436035156,104.061767578125,89.99842071533203,31.192434310913086,53.942813873291016,137.4131317138672,33.571372985839844,126.53275299072266,278.4692077636719,176.7410430908203,144.37869262695312,24.217302322387695,119.33390808105469,293.77978515625,94.21626281738281,103.28715515136719,28.886646270751953,51.91106033325195,429.9927673339844,430.6042785644531,84.67830657958984,222.17239379882812,60.92091369628906,146.29721069335938,163.721435546875,420.68359375,215.67141723632812,48.90991973876953,182.70452880859375,45.29347610473633,165.2108612060547,22.548694610595703,46.787044525146484,55.00215148925781,54.1049690246582,13.20589542388916
2021-11-01,161.4641571044922,114.5557861328125,669.8499755859375,206.51171875,68.34413146972656,46.91249084472656,97.2741928100586,141.45370483398438,171.65325927734375,285.7876281738281,22.200355529785156,254.9198760986328,143.67555236816406,197.85000610351562,39.34623336791992,67.60382080078125,166.27024841308594,44.05472183227539,54.093292236328125,178.3968048095703,168.00662231445312,66.99339294433594,137.6009063720703,59.086891174316406,33.399932861328125,48.007328033447266,32.4743766784668,75.887451171875,93.43583679199219,56.85221481323242,84.62859344482422,324.5201721191406,140.4897003173828,154.52279663085938,80.79190063476562,209.38662719726562,65.96658325195312,79.98979949951172,150.6218719482422,14.143571853637695,34.67995834350586,167.98011779785156,171.16651916503906,57.82636642456055,51.23923110961914,19.582536697387695,79.80054473876953,352.92822265625,181.16128540039062,29.218782424926758,35.1093635559082,157.27186584472656,97.99980163574219,45.631343841552734,36.68956756591797,207.49964904785156,136.49705505371094,140.99713134765625,38.97517776489258,107.20206451416016,45.66096878051758,237.80328369140625,294.0024719238281,222.81788635253906,64.69534301757812,21.209999084472656,218.91281127929688,91.677001953125,76.93299865722656,120.30663299560547,29.039304733276367,64.28620910644531,81.42201232910156,317.8567199707031,82.0260009765625,76.2044448852539,47.85916519165039,154.421875,323.01416015625,239.76792907714844,99.03810119628906,85.12044525146484,27.582921981811523,52.835205078125,135.86553955078125,41.600887298583984,127.93973541259766,284.49407958984375,164.99072265625,139.12928771972656,23.401653289794922,161.95826721191406,310.2862854003906,97.80721282958984,107.14702606201172,25.78972625732422,51.4332275390625,413.9748840332031,427.1444091796875,76.44674682617188,209.38145446777344,64.79918670654297,133.62985229492188,167.9917449951172,405.8376159667969,210.52529907226562,44.83475112915039,184.5027313232422,42.46439743041992,171.657470703125,21.505142211914062,44.03469467163086,54.269813537597656,50.89426040649414,13.665874481201172
2021-12-01,173.44943237304688,128.1909942626953,567.0599975585938,221.52841186523438,75.02253723144531,51.01049041748047,105.26405334472656,151.22735595703125,194.17152404785156,290.4159240722656,23.165210723876953,271.1754455566406,154.3356475830078,201.32000732421875,39.55339813232422,78.11231231689453,176.94937133789062,51.21781539916992,51.282474517822266,190.75125122070312,181.7121124267578,76.20924377441406,147.32635498046875,60.982826232910156,35.992095947265625,55.474552154541016,35.2289924621582,87.9019546508789,97.14443969726562,63.29186248779297,92.43235778808594,323.01251220703125,150.17562866210938,171.2623291015625,87.36287689208984,222.27932739257812,72.49189758300781,84.6613540649414,160.6224365234375,15.308077812194824,39.02898025512695,189.1724090576172,188.829345703125,57.5601692199707,55.89279556274414,20.783489227294922,83.81074523925781,367.1264953613281,186.77777099609375,31.410810470581055,41.393409729003906,171.43153381347656,111.85871124267578,47.7645149230957,37.8663444519043,221.6887664794922,149.7501983642578,140.57102966308594,41.07421112060547,118.56330108642578,51.54597091674805,264.8202209472656,313.4867858886719,235.471435546875,68.58538818359375,21.559999465942383,239.91806030273438,89.45079803466797,86.94207000732422,125.67671203613281,32.89394760131836,66.39482879638672,84.2900619506836,323.3659973144531,91.0579833984375,81.98255920410156,54.57868576049805,152.35020446777344,358.4549255371094,269.0892333984375,106.85688781738281,81.80908203125,26.977703094482422,56.86894989013672,148.70877075195312,45.719940185546875,144.75296020507812,299.62005615234375,167.9387664794922,155.6168670654297,25.641613006591797,164.650390625,321.9613342285156,104.34612274169922,115.06847381591797,26.93174171447754,57.729801177978516,428.690673828125,446.8988952636719,80.4010238647461,198.73373413085938,70.88695526123047,143.0697784423828,164.58599853515625,460.24945068359375,226.15365600585938,45.88008499145508,199.84910583496094,42.642147064208984,184.99655151367188,21.217832565307617,45.48838424682617,58.04657745361328,52.042442321777344,16.97849464416504
2022-01-01,170.72415161132812,116.50457763671875,534.2999877929688,185.22389221191406,76.22837829589844,51.80893325805664,107.96613311767578,132.79481506347656,196.04443359375,267.61517333984375,28.72064208984375,251.44284057617188,170.0628662109375,200.24000549316406,41.02030944824219,77.74829864501953,178.82102966308594,53.77145004272461,55.29914474487305,186.87423706054688,185.4438934326172,74.02838134765625,142.7700653076172,74.87252044677734,36.84770202636719,49.02108383178711,32.06212615966797,91.24154663085938,108.71733093261719,64.9837417602539,87.64939880371094,354.5798645019531,138.61843872070312,160.2378387451172,87.4961166381836,179.50816345214844,73.45198822021484,83.73249053955078,147.24807739257812,15.03859806060791,34.92693328857422,179.82498168945312,193.20217895507812,57.56624984741211,57.39858627319336,27.935483932495117,76.73260498046875,324.6380615234375,183.16781616210938,30.627004623413086,40.46955108642578,174.6214599609375,111.78338623046875,45.27891159057617,38.88998031616211,210.11924743652344,150.8181610107422,132.70648193359375,37.17410659790039,114.1914291381836,53.11298370361328,235.2626495361328,343.2292785644531,216.9353790283203,56.26069641113281,20.920000076293945,232.20333862304688,89.48539733886719,90.2718276977539,117.4623794555664,35.31638717651367,70.58781433105469,88.66476440429688,299.00201416015625,80.42232513427734,68.59980010986328,53.8306770324707,135.3482666015625,342.5541687011719,245.8418731689453,94.92150115966797,76.41658782958984,35.05519485473633,56.6984977722168,148.54611206054688,41.105831146240234,142.74981689453125,291.981689453125,173.4775848388672,140.9612579345703,25.317462921142578,158.24876403808594,266.9275207519531,87.70889282226562,119.10121154785156,35.132659912109375,58.495819091796875,377.176513671875,423.3289489746094,81.69780731201172,189.2796173095703,67.1988296508789,151.98709106445312,157.78196716308594,433.146240234375,219.5287322998047,47.530033111572266,183.22227478027344,47.81466293334961,165.7053680419922,24.395614624023438,43.954193115234375,59.72710418701172,64.60441589355469,15.831096649169922
2022-02-01,161.49383544921875,110.25247192382812,467.67999267578125,183.66966247558594,77.10594177246094,54.93989944458008,110.25387573242188,129.20245361328125,197.15084838867188,282.8139953613281,30.813507080078125,210.605224609375,183.98414611816406,205.33999633789062,39.295570373535156,77.57395935058594,190.8813018798828,56.90376663208008,50.69358825683594,173.91285705566406,191.42234802246094,69.09017944335938,123.99882507324219,80.54764556884766,37.557594299316406,49.109134674072266,31.866506576538086,88.79154205322266,120.45735168457031,64.07334899902344,88.91877746582031,339.14947509765625,143.9413604736328,148.4083251953125,84.45952606201172,167.01036071777344,73.57432556152344,85.06090545654297,143.40028381347656,13.00875473022461,44.0574836730957,162.5709686279297,213.56085205078125,58.19383239746094,56.353912353515625,30.47093391418457,80.52444458007812,279.38983154296875,170.9089813232422,28.650798797607422,40.61448287963867,180.02066040039062,103.76239013671875,44.577152252197266,35.43792724609375,194.32797241210938,144.98500061035156,126.6337661743164,33.37060546875,107.96958923339844,54.18377685546875,240.63482666015625,385.2645263671875,202.04644775390625,53.535980224609375,24.979999542236328,220.28366088867188,90.78239440917969,85.64619445800781,106.18943786621094,35.600975036621094,66.34285736083984,78.46147918701172,287.8755798339844,86.86433410644531,69.1121826171875,58.25715637207031,124.81804656982422,411.0856628417969,232.8901824951172,123.21070861816406,71.52989959716797,40.69455337524414,55.24971008300781,140.17369079589844,36.619998931884766,138.69290161132812,280.0718078613281,167.80136108398438,120.90039825439453,22.32338523864746,154.8544158935547,247.03018188476562,82.29882049560547,114.9957046508789,35.395389556884766,55.083709716796875,341.93597412109375,410.83349609375,73.77008819580078,172.28260803222656,61.94660568237305,157.154541015625,149.43096923828125,436.17095947265625,221.866943359375,46.18230438232422,175.07391357421875,47.64547348022461,160.11627197265625,25.487470626831055,42.49230194091797,57.72933578491211,67.43604278564453,14.781190872192383
2022-03-01,170.77540588378906,108.18673706054688,455.6199951171875,205.441650390625,84.86329650878906,56.6219482421875,124.80599975585938,126.89185333251953,210.50428771972656,315.23492431640625,35.742977142333984,224.1698455810547,176.853271484375,191.5,36.825416564941406,70.79070281982422,187.78233337402344,60.963260650634766,45.70382308959961,206.5852508544922,201.8321075439453,68.0845718383789,118.24925231933594,85.16585540771484,37.22351837158203,49.100337982177734,35.193199157714844,86.70133209228516,136.2087860107422,69.03134155273438,84.56305694580078,392.373291015625,132.9852752685547,148.4461669921875,93.92241668701172,167.8334503173828,81.21742248535156,89.75701141357422,141.8191680908203,12.527227401733398,46.675601959228516,169.81690979003906,219.69119262695312,55.800628662109375,56.596282958984375,34.53858184814453,67.97074127197266,266.3914794921875,175.2593994140625,30.482145309448242,43.93934631347656,192.8106231689453,110.12312316894531,46.31538391113281,37.570892333984375,189.14990234375,156.13836669921875,121.73989868164062,35.05206298828125,103.0920181274414,54.38801193237305,275.697509765625,392.01422119140625,184.79946899414062,51.43639373779297,22.209999084472656,222.5425262451172,96.50859069824219,89.8128662109375,106.35375213623047,36.89119338989258,71.71391296386719,75.57342529296875,297.04779052734375,76.14069366455078,74.79867553710938,70.41641235351562,123.27971649169922,415.808837890625,258.94647216796875,139.61651611328125,77.89481353759766,52.9275016784668,60.14278030395508,144.23223876953125,40.388099670410156,135.94375610351562,268.1371765136719,155.33731079101562,118.74422454833984,24.548843383789062,138.16831970214844,259.4938049316406,81.56360626220703,115.55892181396484,37.26258087158203,61.66619873046875,373.3173522949219,426.27691650390625,75.7865982055664,183.01959228515625,56.77346420288086,168.00125122070312,161.2893524169922,468.80938720703125,246.45761108398438,43.7673454284668,177.244873046875,43.26211929321289,137.45162963867188,27.5837459564209,46.99931335449219,62.311317443847656,71.02197265625,15.309995651245117
2022-04-01,154.18788146972656,104.15797424316406,395.95001220703125,196.9906768798828,84.3019027709961,52.77919387817383,114.02031707763672,106.2406234741211,202.9918670654297,279.2882385253906,35.49714279174805,209.96127319335938,165.69915771484375,148.83999633789062,31.87605094909668,64.8747329711914,178.86598205566406,62.833152770996094,41.68685531616211,196.13609313964844,194.80247497558594,69.585693359375,122.96222686767578,81.35042572021484,39.764549255371094,43.42545700073242,32.270599365234375,82.77648162841797,131.05592346191406,66.32598114013672,75.77114868164062,356.5698547363281,108.23233032226562,126.11774444580078,92.66072082519531,160.97030639648438,79.55327606201172,82.55265045166016,135.52069091796875,10.559769630432129,38.17106628417969,145.8551483154297,216.58900451660156,45.46379852294922,59.547386169433594,32.48651885986328,73.63504028320312,267.34368896484375,174.29562377929688,30.759252548217773,44.88460159301758,200.94558715820312,111.97798919677734,40.73622131347656,37.676719665527344,178.04840087890625,158.98397827148438,107.38394927978516,30.57073211669922,116.2087173461914,56.677574157714844,281.2428283691406,383.7724914550781,181.45428466796875,44.56207275390625,24.309999465942383,224.23443603515625,90.77635192871094,90.83212280273438,103.02483367919922,39.23527908325195,77.51744842529297,70.28337860107422,267.38250732421875,66.74964904785156,62.710453033447266,64.56684112548828,114.24626159667969,408.5380859375,234.12490844726562,145.3739471435547,69.38047790527344,51.38837432861328,59.85065841674805,147.96343994140625,38.281707763671875,143.6401824951172,255.90956115722656,141.03347778320312,115.953857421875,24.333959579467773,126.29716491699219,234.14027404785156,66.92214965820312,116.85607147216797,35.18791961669922,62.41460418701172,342.6640930175781,388.86297607421875,58.257904052734375,197.1889190673828,57.429481506347656,157.2719268798828,149.65945434570312,467.5040283203125,211.34866333007812,39.98762512207031,166.23580932617188,38.950191497802734,144.4045867919922,28.310287475585938,48.283817291259766,63.25240707397461,73.30941772460938,13.207432746887207
2022-05-01,145.78526306152344,107.79199981689453,416.4800109863281,201.28843688964844,87.47029876708984,52.932552337646484,123.16606903076172,113.19830322265625,225.28778076171875,267.340576171875,40.770111083984375,220.80606079101562,160.1129608154297,131.39999389648438,33.23399353027344,69.4303970336914,185.09617614746094,62.98340606689453,46.183258056640625,201.08282470703125,199.36936950683594,71.17518615722656,124.58204650878906,96.12201690673828,40.345603942871094,39.941139221191406,29.96917152404785,83.31037139892578,147.3066864013672,68.42202758789062,78.36157989501953,337.89849853515625,107.07855987548828,127.17273712158203,95.50167083740234,155.8086700439453,85.8598861694336,81.66716003417969,130.27061462402344,10.201811790466309,36.78731155395508,164.81910705566406,205.9486541748047,47.74460220336914,58.806514739990234,37.044715881347656,75.0481948852539,269.4350891113281,175.2893524169922,32.615055084228516,41.69752502441406,189.2525634765625,119.01985931396484,41.84002685546875,39.82838439941406,187.9485321044922,159.18101501464844,118.96260833740234,35.052818298339844,111.34540557861328,55.59858322143555,302.7755126953125,393.312744140625,179.22433471679688,49.75441360473633,25.1200008392334,226.97930908203125,87.11434936523438,83.74223327636719,107.72438049316406,38.19032287597656,80.43667602539062,75.12358093261719,262.5489807128906,72.2802963256836,67.21473693847656,60.1353645324707,108.88668060302734,436.71783447265625,218.60748291015625,124.41036987304688,67.98150634765625,64.65290832519531,58.88837814331055,144.55105590820312,41.71632766723633,132.30462646484375,258.4831237792969,148.93846130371094,115.12335968017578,25.941320419311523,129.4887237548828,198.6564178466797,70.87875366210938,107.7292251586914,41.60802459716797,64.94124603271484,318.85198974609375,389.7408142089844,63.05979919433594,140.1815643310547,59.88996124267578,164.6087188720703,156.4386749267578,456.6839904785156,199.43104553222656,43.70146560668945,159.47361755371094,41.08403015136719,148.0545654296875,30.59723663330078,40.74333190917969,65.04827880859375,83.39932250976562,14.285280227661133
2022-06-01,133.9139862060547,99.70716094970703,366.05999755859375,190.5420684814453,82.24934387207031,46.40752029418945,114.91667175292969,87.8061294555664,213.49429321289062,261.53155517578125,30.26753807067871,217.1580047607422,131.96255493164062,136.72000122070312,27.97132110595703,58.868473052978516,178.9921875,64.7237777709961,39.767242431640625,166.5302734375,186.26507568359375,72.37633514404297,120.82814025878906,77.42707061767578,40.4635009765625,37.804443359375,27.39553451538086,79.78850555419922,122.10614013671875,65.3608169555664,64.19066619873047,283.8663024902344,91.52676391601562,115.21617889404297,90.99480438232422,146.67401123046875,82.261474609375,73.26646423339844,118.41841125488281,8.300159454345703,27.543411254882812,167.22528076171875,203.76808166503906,38.87506866455078,63.52113342285156,28.68450164794922,68.46737670898438,245.6306610107422,157.35479736328125,27.7015380859375,40.57520294189453,192.3366241455078,121.034423828125,35.2371826171875,34.38641357421875,165.73037719726562,157.3899688720703,101.31119537353516,30.655485153198242,114.14051055908203,55.58500289916992,313.1983337402344,384.2420349121094,160.29248046875,40.909610748291016,22.329999923706055,223.41390991210938,78.66739654541016,75.18917083740234,93.37940216064453,30.06553840637207,80.33718872070312,66.33271789550781,248.02462768554688,54.11233139038086,68.78654479980469,53.31761932373047,93.86444854736328,446.6098937988281,207.3240966796875,98.52123260498047,66.04377746582031,55.02735137939453,54.798240661621094,144.61068725585938,41.23655700683594,128.6453857421875,233.67662048339844,133.96054077148438,104.06521606445312,23.525325775146484,116.100830078125,185.7139129638672,68.9736099243164,109.99774932861328,32.37385940551758,61.20749282836914,307.5204162597656,357.6025390625,54.111297607421875,122.29949188232422,52.61686325073242,156.32362365722656,135.9854736328125,473.85797119140625,193.53286743164062,38.27145767211914,137.44891357421875,35.15974426269531,124.45294189453125,26.062850952148438,38.5102653503418,61.53300094604492,74.3991470336914,11.452849388122559
2022-07-01,159.1746826171875,100.32547760009766,410.1199951171875,218.7368621826172,84.4954605102539,46.98841094970703,106.06647491455078,102.2828598022461,217.15341186523438,282.7870788574219,32.351768493652344,224.15640258789062,146.62295532226562,159.30999755859375,30.379392623901367,53.763423919677734,177.38035583496094,62.01715087890625,45.320098876953125,185.97323608398438,178.74171447753906,71.5456771850586,122.54376220703125,83.99641418457031,41.87938690185547,40.58688735961914,30.47824478149414,82.86800384521484,138.13059997558594,67.13797760009766,71.11083984375,325.298828125,102.87065124511719,126.954345703125,93.30341339111328,157.55821228027344,85.8685302734375,82.9659423828125,139.4722442626953,10.955016136169434,29.868518829345703,171.93128967285156,208.75978088378906,45.127315521240234,63.41476821899414,26.80024528503418,66.40865325927734,269.51568603515625,174.23915100097656,28.2170352935791,42.50008010864258,203.77882385253906,112.11906433105469,34.20106887817383,35.15913391113281,188.92807006835938,154.7388916015625,104.70333862304688,36.84846115112305,111.30284118652344,56.69829559326172,318.47265625,369.80926513671875,176.76361083984375,48.04802322387695,23.200000762939453,238.33653259277344,81.09534454345703,79.24681854248047,103.35884094238281,31.569902420043945,78.72462463378906,74.21601867675781,271.1148986816406,60.671905517578125,75.02938079833984,40.45956039428711,105.54698944091797,446.9178466796875,229.1063995361328,128.14083862304688,73.90637969970703,61.44783020019531,56.867889404296875,151.8125457763672,40.034725189208984,125.086181640625,274.55218505859375,142.22915649414062,117.67176818847656,25.21623420715332,131.8426971435547,237.8658905029297,76.5490493774414,113.70127868652344,33.52360534667969,65.99699401855469,343.8963317871094,390.53326416015625,62.35307693481445,141.4805145263672,57.619468688964844,146.6833953857422,159.3665771484375,500.3447570800781,206.2548065185547,39.252777099609375,159.91854858398438,39.37855529785156,138.91766357421875,28.46788215637207,41.82661819458008,63.63743209838867,84.20724487304688,13.211264610290527
2022-08-01,154.2071533203125,94.61974334716797,373.44000244140625,221.72146606445312,86.57621765136719,46.97026062011719,110.02106475830078,91.0205307006836,212.49020385742188,271.34112548828125,34.04029083251953,227.96717834472656,144.69993591308594,160.25,30.19968605041504,52.66360092163086,183.2686309814453,56.66273498535156,42.621864318847656,173.27174377441406,179.13021850585938,71.06409454345703,124.70366668701172,94.783447265625,42.75347900390625,40.00542449951172,29.92865753173828,85.00723266601562,134.5176239013672,66.99054718017578,64.61876678466797,346.2189025878906,108.66864776611328,119.14521026611328,91.5763931274414,156.2799530029297,85.21634674072266,75.73851013183594,129.12875366210938,11.478527069091797,28.022441864013672,155.4971923828125,210.8412322998047,44.84033966064453,65.11906433105469,27.559436798095703,66.49298858642578,259.98846435546875,172.27963256835938,24.262083053588867,43.309776306152344,201.7446746826172,111.50045776367188,30.36957359313965,34.579307556152344,177.1700897216797,144.01397705078125,103.22390747070312,33.1778678894043,107.69662475585938,54.524723052978516,291.9308776855469,377.92864990234375,179.1724395751953,42.038543701171875,22.1200008392334,229.55032348632812,77.06334686279297,76.27108001708984,90.64905548095703,32.47682189941406,75.21752166748047,75.02594757080078,253.0414581298828,55.444271087646484,75.90185546875,36.95688247680664,97.767822265625,447.6347351074219,222.87403869628906,125.4421157836914,70.40287780761719,66.35430145263672,55.73347854614258,149.47845458984375,35.84974670410156,124.2127456665039,252.8236846923828,135.42369079589844,116.13058471679688,25.21623420715332,120.89263916015625,221.7589874267578,76.34048461914062,121.2141342163086,34.53754425048828,66.73401641845703,322.0439453125,374.5987854003906,59.992000579833984,139.71826171875,59.018253326416016,149.4007568359375,147.17955017089844,479.11651611328125,204.86904907226562,37.93050003051758,161.40350341796875,39.504966735839844,127.19032287597656,28.41777229309082,42.1678466796875,64.56790924072266,83.8499984741211,12.817935943603516
2022-09-01,135.5516357421875,89.19049835205078,275.20001220703125,206.0795135498047,74.69575500488281,43.3505859375,113.7005844116211,79.27406311035156,199.31455993652344,260.2740783691406,29.758054733276367,211.63897705078125,128.4307403564453,121.08000183105469,27.31447982788086,49.614498138427734,162.33023071289062,59.75601577758789,36.38706588745117,153.9192657470703,173.07974243164062,63.83140182495117,110.92353057861328,89.90062713623047,39.98697280883789,35.78302001953125,25.19113540649414,82.59951782226562,122.27095031738281,57.06401443481445,58.53318786621094,317.53021240234375,91.45889282226562,111.15514373779297,79.6785659790039,138.2115936279297,74.77137756347656,67.84408569335938,126.0290756225586,8.435662269592285,25.87342071533203,110.11476135253906,195.405517578125,37.84736633300781,64.95795440673828,22.60993766784668,56.875892639160156,248.73870849609375,151.917236328125,21.24555206298828,39.14073181152344,197.9732208251953,103.13250732421875,24.518293380737305,26.337438583374023,165.4252471923828,145.8170166015625,94.8465576171875,29.176815032958984,95.91838073730469,49.85812759399414,313.3680725097656,347.50433349609375,173.33041381835938,35.271331787109375,18.940000534057617,209.95098876953125,71.3446273803711,64.65850830078125,80.5526351928711,29.715070724487305,76.49900817871094,69.55878448486328,225.39248657226562,49.13776397705078,69.96785736083984,38.0573844909668,76.55990600585938,440.4517822265625,192.18333435058594,101.4300308227539,57.983856201171875,57.54496765136719,49.08746337890625,142.61253356933594,34.684608459472656,113.68607330322266,231.17630004882812,128.06967163085938,101.23243713378906,22.150257110595703,103.26190948486328,201.32765197753906,76.51302337646484,118.98017120361328,32.65068817138672,58.880393981933594,279.2212219238281,339.9685974121094,53.9244499206543,129.30517578125,58.8005485534668,142.40731811523438,137.88784790039062,467.3950500488281,177.77650451660156,33.9243278503418,152.89173889160156,36.350704193115234,109.49250793457031,24.217519760131836,41.26118850708008,56.01858901977539,76.58692932128906,10.264739036560059
2022-10-01,150.40145874023438,91.63027954101562,318.5,220.21047973632812,75.96585845947266,52.042606353759766,115.2710189819336,85.42788696289062,239.0625762939453,274.0384826660156,39.80459976196289,227.70767211914062,141.8599090576172,142.50999450683594,32.59648513793945,50.065879821777344,171.90264892578125,65.61474609375,40.04585647583008,204.4142608642578,204.49256896972656,67.5357894897461,127.2562255859375,110.76380920410156,45.248844146728516,41.018062591552734,27.479516983032227,82.51434326171875,153.95571899414062,57.774112701416016,66.4305191040039,376.4257507324219,103.2972640991211,124.60857391357422,79.81562805175781,150.31781005859375,76.68949127197266,80.24169158935547,141.82052612304688,10.070074081420898,30.157907485961914,118.87383270263672,231.34812927246094,47.56749725341797,69.65618896484375,33.4465446472168,55.63779067993164,266.9383850097656,185.62705993652344,23.547435760498047,40.238258361816406,214.40591430664062,120.04203033447266,27.049089431762695,27.924327850341797,195.53416442871094,155.28762817382812,115.27373504638672,30.509214401245117,106.07786560058594,53.266845703125,350.9121398925781,437.81451416015625,180.8986053466797,39.0085563659668,18.959999084472656,248.09414672851562,77.16705322265625,71.71113586425781,91.69879150390625,34.049442291259766,89.89431762695312,73.04234313964844,224.64727783203125,53.17290115356445,69.15583038330078,38.31997299194336,85.36538696289062,514.1444702148438,209.06875610351562,124.55255889892578,74.50580596923828,67.98639678955078,48.947792053222656,158.61558532714844,36.89598846435547,122.1287841796875,277.2664489746094,140.0800323486328,104.42420959472656,23.1463623046875,107.53937530517578,238.942626953125,78.6287841796875,130.45309448242188,47.320762634277344,56.69837951660156,293.7605895996094,367.59979248046875,65.62092590332031,143.1253662109375,68.24726867675781,171.465087890625,144.24037170410156,513.7699584960938,179.89349365234375,35.71645736694336,158.69873046875,41.56562042236328,112.27838134765625,27.685626983642578,45.27914047241211,56.990169525146484,97.20073699951172,11.481127738952637
2022-11-01,145.43409729003906,99.6319351196289,344.92999267578125,240.6553955078125,84.42359161376953,57.6212158203125,123.04379272460938,106.3052749633789,254.99942016601562,300.11932373046875,41.02167892456055,282.0519104003906,150.59414672851562,178.8800048828125,34.23353576660156,52.07404327392578,181.64260864257812,67.99473571777344,42.76176452636719,223.25408935546875,208.9651641845703,70.86502838134766,129.53050231933594,108.91205596923828,45.8987922668457,44.89144515991211,31.009920120239258,88.77043914794922,157.21356201171875,50.45841979980469,82.27992248535156,419.3919982910156,94.89115142822266,135.83694458007812,86.48494720458984,143.3890380859375,86.24058532714844,89.2469482421875,155.2599639892578,10.578694343566895,37.87582015991211,135.1459197998047,233.74685668945312,52.55594253540039,72.83247375488281,34.79652404785156,53.56576919555664,293.8188781738281,200.7352294921875,25.610612869262695,40.71470260620117,212.15818786621094,130.7930450439453,28.995832443237305,31.235366821289062,208.29934692382812,159.9103546142578,126.53736877441406,38.03396987915039,115.5981216430664,57.0147819519043,360.6278076171875,439.1959533691406,197.2300567626953,45.52315139770508,18.229999542236328,249.61032104492188,69.83378601074219,77.67489624023438,92.90525817871094,34.27756881713867,97.81781768798828,82.73155975341797,247.61141967773438,56.66206741333008,75.96446990966797,42.98321533203125,101.0329360961914,501.0824279785156,236.43080139160156,142.1575164794922,79.23936462402344,65.07403564453125,52.858726501464844,162.0485382080078,40.07408142089844,135.26937866210938,286.5218200683594,145.64585876464844,124.32843017578125,25.79391098022461,116.34696197509766,248.44781494140625,93.3369369506836,134.26805114746094,46.884220123291016,59.188655853271484,323.3780822753906,388.03521728515625,70.64891815185547,146.49588012695312,76.08639526367188,176.43820190429688,162.0470733642578,506.93084716796875,198.40841674804688,38.19010925292969,178.12713623046875,43.616172790527344,120.4228286743164,29.35201072692871,48.48904800415039,61.46290969848633,98.45189666748047,12.799532890319824
2022-12-01,127.6515121459961,101.67867279052734,336.5299987792969,218.67750549316406,82.81011962890625,58.03207778930664,124.6059341430664,94.45263671875,233.844482421875,292.19488525390625,40.872833251953125,281.7900085449219,141.1909942626953,190.49000549316406,30.13060760498047,47.19441223144531,185.9424285888672,60.939483642578125,39.95278549194336,226.22877502441406,210.7329864501953,72.06318664550781,122.28064727783203,104.7024917602539,48.5328254699707,43.01344299316406,29.387802124023438,81.19864654541016,153.93736267089844,51.19139862060547,80.08609771728516,408.8923645019531,84.23563385009766,129.57859802246094,89.13323974609375,139.81700134277344,83.8391342163086,89.51719665527344,149.08566284179688,8.851094245910645,36.162845611572266,129.3212127685547,229.7830047607422,51.272735595703125,71.59439849853516,36.25751495361328,52.022396087646484,286.446044921875,195.93515014648438,23.117536544799805,39.45859909057617,208.9104766845703,123.7571029663086,25.485862731933594,29.140108108520508,202.93968200683594,158.6975860595703,122.80113220214844,36.474491119384766,116.69060516357422,57.0147819519043,355.5353698730469,440.3726806640625,184.87937927246094,40.65525436401367,17.84000015258789,241.13717651367188,69.27840423583984,75.94247436523438,88.4432601928711,34.33226013183594,99.20806121826172,75.57575988769531,232.74346923828125,49.235286712646484,74.9779281616211,43.24348449707031,108.10601806640625,512.6583251953125,227.13951110839844,125.43693542480469,78.00825500488281,59.10770797729492,53.97343444824219,158.79635620117188,40.961421966552734,137.44590759277344,278.91162109375,136.7128448486328,115.61202239990234,25.731552124023438,101.12407684326172,242.19480895996094,90.59710693359375,138.1476287841797,48.787513732910156,62.48760986328125,307.0075988769531,365.6733703613281,69.34436798095703,130.68617248535156,75.65868377685547,175.14781188964844,148.362060546875,492.1737060546875,190.11888122558594,37.10328674316406,170.14041137695312,37.55812454223633,116.25614929199219,28.183916091918945,45.27739715576172,61.78792190551758,97.53227233886719,11.660444259643555
2023-01-01,141.7596893310547,102.84607696533203,370.3399963378906,206.73016357421875,81.94670867919922,58.013729095458984,118.05402374267578,108.13847351074219,224.72714233398438,310.7921142578125,39.03125762939453,292.9881896972656,167.7437744140625,213.0,32.277587890625,42.30552291870117,184.42152404785156,62.01915740966797,46.12723159790039,239.38658142089844,217.31483459472656,68.5955810546875,127.12992095947266,108.13638305664062,44.70505905151367,44.29450988769531,29.33088493347168,77.39907836914062,149.24609375,53.1281852722168,86.29413604736328,403.2467346191406,105.18790435791016,145.2914581298828,88.66588592529297,148.72128295898438,83.8391342163086,84.07496643066406,154.08212280273438,10.281883239746094,42.60380172729492,144.7471466064453,216.99830627441406,63.08576965332031,67.32978057861328,37.98055648803711,51.05986404418945,293.98223876953125,190.61387634277344,25.07052230834961,39.48406219482422,202.6225128173828,118.3461685180664,27.250492095947266,35.190269470214844,217.43934631347656,146.8120880126953,129.11410522460938,37.96915817260742,111.75648498535156,54.96221160888672,334.4562683105469,419.3448486328125,194.23431396484375,48.3742561340332,20.459999084472656,244.67832946777344,74.59998321533203,68.82374572753906,84.87368774414062,33.829044342041016,96.04270935058594,87.21617126464844,240.49771118164062,59.40151596069336,66.93304443359375,48.493167877197266,117.64070892333984,420.98101806640625,226.57723999023438,160.8478546142578,84.7380142211914,60.79677200317383,54.55482864379883,150.32298278808594,35.625732421875,129.93099975585938,312.4576416015625,144.47991943359375,119.84149169921875,26.066186904907227,122.52812194824219,265.1947021484375,99.67509460449219,133.21319580078125,51.99986267089844,59.22364807128906,343.6717529296875,388.66961669921875,81.64521789550781,150.9414825439453,77.8067855834961,178.53884887695312,160.2626953125,463.4051818847656,187.4746551513672,42.369720458984375,178.12713623046875,42.63378143310547,127.86858367919922,27.6185245513916,45.941593170166016,60.606971740722656,102.5813217163086,13.082059860229492
2023-02-01,145.04611206054688,94.63142395019531,323.95001220703125,201.24630737304688,77.43366241455078,56.07749557495117,119.14471435546875,112.92223358154297,208.0800323486328,296.5242614746094,33.792449951171875,261.4232177734375,166.84242248535156,201.5500030517578,31.2041015625,37.25415802001953,171.5013885498047,58.86911392211914,45.21735382080078,227.29820251464844,201.58152770996094,67.46353149414062,136.5752410888672,92.1116943359375,45.21297836303711,44.066993713378906,29.026819229125977,73.29312896728516,139.1012725830078,46.43290328979492,85.64339447021484,399.81353759765625,96.57818603515625,143.9343719482422,82.4122314453125,153.0821075439453,79.28851318359375,77.5403823852539,166.16476440429688,9.765058517456055,39.11872863769531,151.7359161376953,212.20326232910156,66.40153503417969,68.31790924072266,33.52699279785156,47.470062255859375,268.9251708984375,175.99803161621094,25.397457122802734,38.673641204833984,215.9420623779297,114.97158813476562,24.33236312866211,30.98633575439453,214.78631591796875,138.67494201660156,132.24142456054688,36.820396423339844,107.4928970336914,53.33987045288086,303.4324035644531,432.0050048828125,191.90255737304688,47.0113410949707,17.989999771118164,242.87918090820312,73.80664825439453,68.09078979492188,80.51237487792969,34.873046875,94.99653625488281,86.47241973876953,242.6664581298828,56.958473205566406,64.11581420898438,39.95441436767578,109.75056457519531,437.6703186035156,208.36016845703125,159.34423828125,83.72261810302734,54.95074462890625,53.23346710205078,152.52923583984375,32.729522705078125,125.53244018554688,338.51300048828125,137.92100524902344,122.00019073486328,23.838232040405273,113.62432098388672,278.43505859375,93.70369720458984,129.82192993164062,48.78911209106445,55.756595611572266,313.5606994628906,378.8974304199219,79.2762451171875,148.6761932373047,73.07716369628906,172.933837890625,155.0535125732422,441.8218078613281,191.59547424316406,40.608577728271484,175.7758026123047,42.8141975402832,113.39618682861328,25.7852840423584,45.385963439941406,56.90552520751953,97.93526458740234,13.169915199279785
2023-03-01,162.25563049316406,94.20348358154297,385.3699951171875,204.97312927246094,80.09196472167969,46.523189544677734,102.51922607421875,119.41658020019531,217.1429901123047,307.4860534667969,31.7497615814209,264.20050048828125,158.17376708984375,212.42999267578125,26.18733787536621,37.82299041748047,181.70248413085938,59.16789245605469,41.827613830566406,217.13597106933594,186.31996154785156,69.1662368774414,139.0354461669922,88.96949005126953,47.33072280883789,47.57997131347656,28.503217697143555,65.19526672363281,141.16915893554688,47.251617431640625,84.16575622558594,394.9801330566406,97.08235931396484,145.89320373535156,84.34445190429688,159.54617309570312,84.89683532714844,81.69349670410156,163.5577392578125,10.193849563598633,39.06144332885742,171.55320739746094,212.4826202392578,75.00733184814453,73.43037414550781,29.279441833496094,46.33098220825195,269.57550048828125,175.66714477539062,25.485807418823242,34.752254486083984,230.52122497558594,116.563232421875,31.88681411743164,30.705339431762695,225.49911499023438,140.24932861328125,120.21192169189453,38.7410888671875,116.4856948852539,56.02506637573242,334.82666015625,430.611328125,186.51156616210938,51.464176177978516,18.40999984741211,257.3279724121094,72.47997283935547,76.23565673828125,78.54702758789062,34.22615051269531,95.79204559326172,78.67646789550781,280.4936828613281,59.44092559814453,69.576904296875,45.337623596191406,113.63067626953125,435.41650390625,196.478759765625,147.50311279296875,89.01036834716797,58.75238800048828,55.54930114746094,161.3206787109375,32.915069580078125,135.6892852783203,323.3695373535156,111.0040512084961,123.40440368652344,24.691762924194336,118.0663833618164,277.03790283203125,95.57609558105469,138.1437225341797,45.02058410644531,61.5214729309082,316.8414306640625,392.94610595703125,68.23690795898438,146.14385986328125,74.7562255859375,160.96844482421875,168.22109985351562,440.274658203125,186.03094482421875,31.08318519592285,167.08670043945312,34.218406677246094,109.90641021728516,25.968917846679688,47.27777099609375,59.91194534301758,97.71249389648438,12.50940227508545
2023-04-01,166.95895385742188,103.2852554321289,377.55999755859375,202.55172729492188,81.35069274902344,48.999000549316406,107.098876953125,109.8889389038086,215.33761596679688,317.71826171875,32.655799865722656,270.7776794433594,155.28524780273438,206.77999877929688,26.80997085571289,44.46253204345703,194.01220703125,57.46873092651367,42.4484977722168,208.73638916015625,193.40118408203125,73.91535949707031,146.5665283203125,92.26964569091797,47.06203842163086,43.3251838684082,29.16962242126465,64.84657287597656,145.85865783691406,48.291133880615234,81.76167297363281,361.6314392089844,99.3802261352539,140.34320068359375,86.4515380859375,161.77264404296875,87.38153839111328,78.05602264404297,159.5293731689453,9.73138427734375,36.32952117919922,171.0201416015625,204.4701385498047,77.65142059326172,76.62946319580078,30.30662727355957,51.717342376708984,274.5263366699219,183.68211364746094,25.79840850830078,35.483280181884766,247.42001342773438,112.40184020996094,30.315412521362305,28.193387985229492,224.1004638671875,148.12135314941406,128.5282440185547,37.51530838012695,125.74589538574219,57.9398307800293,385.95440673828125,423.0689697265625,194.8118438720703,50.877803802490234,18.0,272.18182373046875,81.76696014404297,80.85637664794922,79.37651062011719,36.44294738769531,103.967529296875,81.31919860839844,298.94036865234375,63.529144287109375,69.17070770263672,43.83932113647461,117.41096496582031,434.99212646484375,188.1654815673828,141.49681091308594,91.11459350585938,57.9054069519043,56.216426849365234,168.92213439941406,31.37419891357422,143.60040283203125,312.5651550292969,115.17292022705078,129.57553100585938,25.518070220947266,108.09024047851562,267.559326171875,104.90149688720703,135.54534912109375,45.249820709228516,65.03167724609375,333.2087097167969,399.2234191894531,65.1446533203125,139.19091796875,75.19507598876953,170.105712890625,151.20999145507812,458.441162109375,180.89169311523438,29.557043075561523,170.55386352539062,36.38795471191406,116.20840454101562,26.316791534423828,48.406410217285156,62.106224060058594,105.44680786132812,12.72872543334961
2023-05-01,174.64883422851562,95.36613464355469,417.7900085449219,192.41493225097656,73.8296127319336,48.804996490478516,100.3357925415039,129.92959594726562,200.06065368652344,301.21588134765625,28.162858963012695,247.57815551757812,152.60958862304688,205.6999969482422,25.445667266845703,37.972190856933594,177.4597625732422,55.463314056396484,39.968502044677734,196.28663635253906,178.27914428710938,68.89501190185547,139.9824676513672,89.50931549072266,43.81190872192383,45.54417037963867,29.30280113220215,60.17613983154297,131.595458984375,42.493499755859375,79.21659851074219,330.9804382324219,85.28278350830078,128.49737548828125,78.86642456054688,159.08348083496094,83.4803466796875,73.28679656982422,168.77227783203125,9.829680442810059,32.90835952758789,163.6621551513672,191.20965576171875,79.65998077392578,72.76470184326172,26.51251220703125,51.83087158203125,260.7796325683594,177.0323486328125,25.233989715576172,33.561702728271484,236.22938537597656,115.89935302734375,30.811965942382812,25.442806243896484,202.6018524169922,141.36219787597656,126.17597198486328,43.139095306396484,116.53775787353516,53.884498596191406,419.8028564453125,407.1769714355469,188.53150939941406,59.8693733215332,17.40999984741211,262.3897705078125,74.40389251708984,78.90515899658203,70.78899383544922,34.07273864746094,99.41159057617188,73.89860534667969,320.1966857910156,67.319580078125,66.73483276367188,37.878929138183594,97.52745056152344,412.4599609375,194.23025512695312,126.10384368896484,101.90753936767578,54.26337432861328,53.147647857666016,161.3649444580078,31.00422477722168,130.8546905517578,309.6956787109375,102.42211151123047,121.8335189819336,23.279024124145508,105.68186950683594,264.1708068847656,90.06548309326172,129.5148468017578,39.271522521972656,62.25556182861328,338.52117919921875,401.0662841796875,61.322166442871094,116.30855560302734,73.57017517089844,158.9306640625,158.4617919921875,453.9228820800781,179.158447265625,25.780506134033203,190.8251953125,36.727962493896484,109.08716583251953,24.9252872467041,47.27069091796875,58.00194549560547,91.8375015258789,11.429044723510742
2023-06-01,191.12344360351562,101.9295654296875,488.989990234375,203.53367614746094,74.7889175415039,53.50108337402344,101.7164306640625,140.88540649414062,201.30282592773438,337.2789001464844,30.28082847595215,277.1791687011719,167.6626434326172,211.16000366210938,26.479366302490234,42.79033660888672,194.4937286376953,55.041568756103516,41.519630432128906,234.73304748535156,185.6107940673828,71.35887908935547,140.74351501464844,93.95550537109375,39.6170539855957,47.442222595214844,32.57990264892578,61.14915466308594,137.47540283203125,44.35899353027344,84.22731018066406,388.82293701171875,86.5625991821289,142.29830932617188,79.26387023925781,180.46612548828125,80.88557434082031,85.27798461914062,192.951171875,12.393588066101074,38.33238983154297,187.1746368408203,201.4827880859375,86.18782043457031,66.31477355957031,30.686290740966797,56.56420135498047,285.794921875,191.7234344482422,26.899154663085938,35.290245056152344,227.13314819335938,120.60417938232422,32.772010803222656,27.49102210998535,232.9445037841797,150.89817810058594,135.22242736816406,47.23204803466797,120.87482452392578,54.80451965332031,458.4341735839844,422.1889953613281,211.5625,62.58103561401367,19.540000915527344,276.08770751953125,79.82837677001953,80.28575897216797,75.93258666992188,35.47651290893555,104.58966827392578,77.18861389160156,332.0435791015625,62.295291900634766,67.4070816040039,39.849945068359375,102.59867858886719,431.6958923339844,211.5652618408203,157.0814208984375,114.55697631835938,55.50261306762695,56.202396392822266,165.0496063232422,29.911495208740234,139.33958435058594,376.9620666503906,111.37068176269531,137.6183624267578,23.720890045166016,110.92823028564453,312.3872375488281,91.37532043457031,130.46905517578125,45.28386306762695,62.70182800292969,369.34857177734375,427.0552673339844,66.54727172851562,117.17021942138672,81.23471069335938,164.0144805908203,164.05738830566406,449.6122741699219,190.418701171875,28.917354583740234,220.04930114746094,39.375762939453125,125.54012298583984,28.784757614135742,50.58899688720703,55.68891525268555,96.39432525634766,12.310808181762695
2023-07-01,193.5670623779297,104.58854675292969,546.1699829101562,228.97189331054688,75.2685546875,56.048744201660156,105.1119384765625,147.75717163085938,212.30096435546875,311.79107666015625,36.118934631347656,282.54632568359375,163.0996856689453,238.85000610351562,29.534324645996094,42.480403900146484,205.25674438476562,54.00227737426758,42.98057556152344,254.2264404296875,197.0331573486328,71.08287811279297,134.0532684326172,106.75074005126953,40.03084945678711,48.07914352416992,31.834671020507812,66.60906219482422,142.98841857910156,45.866458892822266,91.9507064819336,412.24700927734375,86.1844711303711,140.6792449951172,82.6909408569336,177.03445434570312,84.87614440917969,86.1836929321289,197.0001678466797,10.938628196716309,42.946739196777344,203.82327270507812,210.6696014404297,89.6984634399414,65.12288665771484,36.35103225708008,57.017364501953125,307.139404296875,179.3699951171875,28.756080627441406,36.11916732788086,210.40513610839844,129.95074462890625,35.05546951293945,31.163982391357422,245.19888305664062,152.7306365966797,147.8714599609375,50.04929733276367,113.03014373779297,56.360740661621094,444.32867431640625,409.3411560058594,220.6328125,69.94344329833984,21.299999237060547,271.26739501953125,79.52030944824219,82.73309326171875,84.5887222290039,35.57048797607422,96.66771697998047,83.52173614501953,327.53875732421875,70.60099029541016,66.5895004272461,40.09281539916992,102.61727142333984,421.4670104980469,217.93753051757812,164.8502197265625,113.16352081298828,59.589805603027344,56.66019821166992,167.04568481445312,29.733531951904297,144.43124389648438,396.2624816894531,122.50733947753906,133.5352325439453,24.680124282836914,123.16351318359375,318.8729248046875,93.69060516357422,133.10194396972656,53.783809661865234,64.56726837158203,363.4706115722656,441.0342102050781,65.87434387207031,121.22985076904297,82.9017562866211,163.02276611328125,165.1917266845703,473.6812438964844,215.91705322265625,34.72882843017578,215.22743225097656,42.58635711669922,121.71797943115234,30.390283584594727,51.451576232910156,56.19053649902344,96.38533782958984,13.212003707885742
2023-08-01,185.36294555664062,96.66901397705078,559.3400268554688,235.77828979492188,70.3597412109375,54.412288665771484,101.41606903076172,149.2205352783203,234.30349731445312,326.3674621582031,39.1072883605957,273.4405822753906,152.58242797851562,224.02999877929688,26.681413650512695,38.39717102050781,205.8682098388672,53.53337478637695,37.668033599853516,269.5277404785156,193.6208953857422,68.4822769165039,139.47366333007812,108.40843963623047,36.43138885498047,52.9849967956543,28.95734214782715,58.119056701660156,142.10446166992188,42.14405059814453,91.0741958618164,394.3406982421875,81.13304138183594,143.4237518310547,79.32024383544922,177.68215942382812,80.32359313964844,93.19806671142578,221.91415405273438,10.044326782226562,38.38754653930664,197.0807342529297,213.55284118652344,89.87120819091797,58.953895568847656,35.92314529418945,63.58814239501953,305.8230285644531,174.60093688964844,26.02324676513672,34.09585952758789,196.50900268554688,133.86216735839844,34.56195068359375,30.578479766845703,230.32785034179688,148.4675750732422,136.98423767089844,49.00593185424805,112.79376220703125,54.449588775634766,542.899169921875,413.90155029296875,217.06346130371094,68.37712097167969,22.15999984741211,261.51727294921875,73.84805297851562,75.89105987548828,82.13471984863281,34.63071060180664,98.7796401977539,77.67449188232422,320.2590637207031,69.16703796386719,61.10497283935547,36.8233528137207,94.54843139648438,411.9693603515625,192.40087890625,164.8598175048828,116.21391296386719,59.268863677978516,54.82897186279297,159.65997314453125,29.17283058166504,142.62010192871094,404.4241027832031,108.04524230957031,132.148681640625,22.340312957763672,107.48126220703125,297.0882873535156,90.36026763916016,129.01791381835938,54.35538101196289,61.07904815673828,360.9471435546875,433.8665466308594,62.50969314575195,113.3813705444336,88.94437408447266,152.27484130859375,154.23403930664062,445.8143005371094,206.4629669189453,31.971878051757812,213.440673828125,38.391319274902344,119.6321029663086,30.460845947265625,52.52272415161133,51.17432403564453,100.75473022460938,13.137593269348145
2023-09-01,168.92529296875,90.9853515625,509.8999938964844,223.9008026123047,67.50589752197266,56.68273162841797,104.80255126953125,135.2421417236328,245.6558074951172,317.390625,36.663082122802734,263.8624572753906,144.0836181640625,191.67999267578125,25.48089027404785,35.69234848022461,191.10887145996094,50.398651123046875,37.52206802368164,261.7332458496094,201.49276733398438,66.28250122070312,116.8387222290039,109.6573715209961,35.88972854614258,49.668235778808594,29.48470687866211,62.26596450805664,148.73773193359375,38.78398132324219,88.34989929199219,363.4127197265625,78.58309936523438,134.92279052734375,78.837890625,164.2416534423828,77.22657775878906,91.60446166992188,205.4514617919922,10.284464836120605,35.86750030517578,201.01419067382812,208.21026611328125,86.86363220214844,55.756134033203125,37.82387924194336,58.41276931762695,279.76837158203125,171.6280517578125,22.712936401367188,33.601070404052734,182.9913787841797,127.90888214111328,34.9651985168457,31.060100555419922,215.76028442382812,143.022216796875,135.75790405273438,44.786624908447266,106.8026351928711,51.35000991821289,526.1771850585938,377.53802490234375,195.74136352539062,61.19911575317383,22.030000686645508,245.04397583007812,71.6092758178711,69.93663787841797,72.08634948730469,33.668609619140625,93.95018005371094,74.50000762939453,308.52386474609375,67.27811431884766,52.40574645996094,34.87523651123047,89.18537139892578,418.7231750488281,184.8178253173828,150.2645721435547,102.245849609375,61.41024398803711,51.582054138183594,152.0502471923828,27.350555419921875,134.7840118408203,377.8634033203125,109.87090301513672,120.99957275390625,21.330904006958008,104.2248306274414,272.1372985839844,84.6385726928711,109.40042877197266,53.97136688232422,58.3646354675293,337.4448547363281,413.28631591796875,61.51934814453125,99.06421661376953,85.48199462890625,155.20567321777344,145.92855834960938,473.47802734375,190.60635375976562,29.368335723876953,197.56832885742188,37.99150848388672,114.28131866455078,30.11443328857422,51.65708541870117,51.71758270263672,106.54503631591797,13.180255889892578
2023-10-01,168.49114990234375,89.31632232666016,532.0599975585938,203.0910186767578,67.7930679321289,57.34684371948242,120.53093719482422,129.28346252441406,233.718505859375,303.4872131347656,35.63782501220703,262.9685974121094,141.61122131347656,186.82000732421875,24.513029098510742,30.670448303222656,186.85838317871094,45.199886322021484,36.02592468261719,217.84071350097656,207.72589111328125,70.4825210571289,105.9708251953125,108.7420425415039,35.635074615478516,48.5101432800293,28.621740341186523,62.07184600830078,128.54673767089844,35.00716781616211,86.32444763183594,351.8376159667969,79.10665893554688,125.67713165283203,79.400634765625,162.63221740722656,79.26717376708984,84.39525604248047,200.27857971191406,8.199440956115723,32.62311553955078,182.1814422607422,228.7524871826172,85.35501098632812,57.388240814208984,36.740535736083984,40.50457763671875,263.5929870605469,170.2530975341797,23.269710540771484,29.003400802612305,171.34864807128906,131.86557006835938,35.89957809448242,29.536428451538086,209.96133422851562,136.21774291992188,131.1391143798828,45.864646911621094,105.73328399658203,51.81782913208008,542.6346435546875,419.70831298828125,180.5308380126953,57.43502426147461,19.079999923706055,243.8626708984375,64.48123931884766,59.43634033203125,70.03048706054688,32.163330078125,93.7220230102539,65.39208984375,330.3721618652344,66.24127960205078,53.32964324951172,35.36603546142578,95.8542251586914,448.4396667480469,179.0554962158203,142.03775024414062,100.17850494384766,58.50442886352539,55.87828826904297,146.5224609375,25.19845962524414,139.51242065429688,357.8702087402344,103.80489349365234,114.44620513916016,22.245349884033203,102.28221893310547,250.1851043701172,85.53810119628906,101.32734680175781,51.527374267578125,60.69127655029297,322.5769348144531,404.314453125,59.378658294677734,99.26131439208984,84.70296478271484,159.1307373046875,131.52174377441406,502.9372253417969,194.3318328857422,28.320100784301758,192.16018676757812,36.97801971435547,89.37361907958984,30.74908447265625,52.781124114990234,53.57044982910156,95.91590118408203,10.786139488220215
2023-11-01,187.66209411621094,98.5171890258789,611.010009765625,213.97984313964844,72.20487213134766,61.55595397949219,130.5448760986328,146.62396240234375,248.39804077148438,322.21240234375,32.30014419555664,251.89828491210938,165.60263061523438,231.6300048828125,28.601654052734375,34.39645004272461,174.58743286132812,43.31399917602539,42.60213851928711,241.61477661132812,222.0601348876953,73.90717315673828,129.0647430419922,106.31889343261719,35.432247161865234,45.020538330078125,31.077594757080078,61.11841583251953,127.99571228027344,39.93658447265625,85.16734313964844,350.92279052734375,89.86882019042969,137.01734924316406,83.38249969482422,185.89169311523438,82.11460876464844,84.83283233642578,220.2086639404297,8.628334045410156,36.041873931884766,196.3932342529297,234.11795043945312,95.70320892333984,55.9984130859375,34.583160400390625,41.63493728637695,292.2077941894531,183.08558654785156,25.92986297607422,27.256961822509766,172.92311096191406,146.19561767578125,44.109249114990234,32.81584167480469,226.90850830078125,143.1585693359375,147.1896514892578,53.32670974731445,109.34786224365234,54.033390045166016,580.0576782226562,416.3130187988281,188.355712890625,69.90391540527344,19.0,263.72991943359375,72.44087982177734,60.30138397216797,77.48320770263672,33.66060256958008,93.52127075195312,73.25908660888672,370.9898376464844,75.40432739257812,53.9572639465332,38.311031341552734,102.84951782226562,453.7877502441406,206.20578002929688,163.35446166992188,112.58940124511719,55.98668670654297,56.58526611328125,152.1698455810547,25.46298599243164,142.7577362060547,421.7287902832031,121.4790267944336,133.0305633544922,23.64869499206543,121.87785339355469,263.4894104003906,92.5911636352539,98.60316467285156,48.1761589050293,64.65396118164062,384.84051513671875,441.2460632324219,66.90321350097656,121.12763977050781,85.05347442626953,171.65664672851562,141.4314727783203,519.2866821289062,210.86231994628906,33.86330795288086,209.28416442871094,41.82925796508789,94.52216339111328,32.88542938232422,50.287574768066406,54.98946762084961,93.94908142089844,11.752184867858887
2023-12-01,190.21102905273438,103.97724914550781,596.5999755859375,218.1327362060547,73.7206802368164,63.7131462097168,132.5427703857422,158.65499877929688,265.33001708984375,285.4584655761719,32.192481994628906,256.5614929199219,181.6712188720703,260.6600036621094,31.58470344543457,36.8560676574707,180.97889709472656,45.00691604614258,47.536964416503906,284.9324035644531,219.57546997070312,74.78914642333984,128.38046264648438,106.77886962890625,38.121849060058594,47.011932373046875,33.35789489746094,71.0215072631836,132.95155334472656,41.39875793457031,91.58406066894531,386.4848937988281,87.82716369628906,149.29608154296875,87.68354797363281,192.8687744140625,82.89830017089844,92.87716674804688,232.9072265625,10.251401901245117,41.1120719909668,192.8548126220703,246.15699768066406,100.34705352783203,57.3002815246582,33.91066360473633,45.806495666503906,323.0234375,195.97219848632812,26.836580276489258,28.611345291137695,171.5612335205078,150.79647827148438,49.58590316772461,32.114044189453125,246.70199584960938,145.0839080810547,160.41107177734375,56.91824722290039,108.43082427978516,54.4864501953125,572.0885620117188,421.3987121582031,210.82614135742188,76.6876220703125,18.8799991607666,277.457275390625,75.91358184814453,64.03489685058594,85.49980163574219,33.06291961669922,100.20994567871094,86.10296630859375,368.179931640625,84.65082550048828,56.01374816894531,39.45492935180664,101.60485076904297,447.0835266113281,223.4274139404297,167.77536010742188,102.14525604248047,56.69742965698242,55.92960739135742,153.5713653564453,24.059059143066406,136.26705932617188,448.5213317871094,140.42269897460938,140.113525390625,24.761682510375977,136.5919647216797,297.00909423828125,89.52342224121094,113.5647964477539,48.40875244140625,63.8706169128418,407.6905822753906,461.3913269042969,71.79792022705078,128.9215850830078,90.55574035644531,182.03085327148438,157.87057495117188,496.0874938964844,231.200927734375,38.88069534301758,222.46485900878906,46.1725959777832,105.69296264648438,31.527542114257812,51.109771728515625,56.427940368652344,91.42523956298828,15.603930473327637
2024-01-01,182.178955078125,107.40311431884766,617.780029296875,230.12689208984375,70.92506408691406,65.36829376220703,147.00146484375,160.83802795410156,289.50286865234375,293.3305969238281,28.341033935546875,239.61044311523438,195.2946319580078,211.0399932861328,31.903650283813477,36.88466262817383,177.25286865234375,43.364139556884766,51.908077239990234,290.7445983886719,238.0353546142578,79.47390747070312,131.88412475585938,102.9150619506836,39.68462371826172,47.05889129638672,34.34892654418945,67.50053405761719,131.40948486328125,40.27130126953125,73.57201385498047,380.4054260253906,93.4300537109375,145.38436889648438,86.59021759033203,192.74237060546875,82.83451080322266,87.53336334228516,237.99440002441406,9.856148719787598,38.470428466796875,183.9503936767578,252.53369140625,104.11312866210938,57.62392807006836,33.4416389465332,44.52863311767578,328.9982604980469,189.01025390625,25.605789184570312,27.304155349731445,178.09458923339844,169.33831787109375,42.51066207885742,31.82976722717285,245.72250366210938,147.083251953125,165.44236755371094,58.16569137573242,107.94894409179688,55.00421905517578,633.6136474609375,399.24285888671875,202.6415252685547,80.79097747802734,17.889999389648438,273.91082763671875,80.66857147216797,63.79156494140625,73.79167938232422,32.882598876953125,111.01959991455078,81.34269714355469,389.2696228027344,85.0574951171875,54.067928314208984,32.896583557128906,95.01648712158203,426.6651611328125,222.34988403320312,180.20138549804688,108.63925170898438,54.6653938293457,53.03937530517578,152.38685607910156,22.970600128173828,147.04681396484375,452.2208557128906,138.52947998046875,132.1405029296875,23.93933868408203,140.25633239746094,242.2908935546875,86.74475860595703,118.2105484008789,45.30181121826172,63.324092864990234,414.93701171875,468.7396545410156,68.47034454345703,125.89818572998047,91.61756896972656,201.97402954101562,149.46444702148438,482.20758056640625,229.61012268066406,37.31756591796875,221.48489379882812,47.073158264160156,95.06029510498047,31.373661041259766,53.57367706298828,54.56858825683594,94.01310729980469,15.714597702026367
2024-02-01,178.80079650878906,112.6142807006836,560.280029296875,235.13613891601562,78.21417999267578,68.54688262939453,151.04461669921875,197.7061309814453,254.2299041748047,310.59051513671875,26.947956085205078,219.30477905273438,213.46792602539062,203.72000122070312,32.61017608642578,39.28472900390625,174.8332061767578,45.03232955932617,51.76911163330078,323.3228759765625,244.5157470703125,81.66368103027344,139.20242309570312,104.26998901367188,37.91512680053711,45.361473083496094,36.61991500854492,67.50053405761719,136.9702911376953,42.72005844116211,82.8218994140625,352.8304138183594,108.53643798828125,161.0270233154297,83.91761016845703,218.6267547607422,80.21624755859375,102.46798706054688,279.5041198730469,10.743928909301758,36.64820098876953,189.8053436279297,260.40545654296875,123.35227966308594,56.97587203979492,32.897560119628906,45.74760055541992,354.77117919921875,186.7322540283203,25.266876220703125,31.754451751708984,174.16209411621094,172.1568603515625,42.60557556152344,31.824525833129883,246.89976501464844,150.5130615234375,176.5439453125,66.9561996459961,108.12741088867188,55.494258880615234,740.9721069335938,401.0762939453125,229.1380157470703,91.86243438720703,19.700000762939453,275.05517578125,76.81666564941406,64.44670867919922,73.2442855834961,33.53009033203125,116.87482452392578,80.22381591796875,405.742919921875,89.87825775146484,51.36145782470703,29.788999557495117,97.26251220703125,442.0925598144531,240.87823486328125,185.37814331054688,108.61978912353516,57.55202102661133,57.07289505004883,150.643310546875,22.529508590698242,148.73121643066406,522.7999877929688,134.85574340820312,133.28355407714844,24.09467124938965,149.77749633789062,273.9280700683594,89.02079772949219,108.90618896484375,45.21373748779297,61.90481185913086,397.2801513671875,493.2016906738281,68.34058380126953,139.4517364501953,96.02726745605469,211.14776611328125,156.1946563720703,465.11444091796875,240.0290985107422,37.69486999511719,260.5272216796875,52.51448440551758,94.75215148925781,32.53229522705078,57.00369644165039,48.02436447143555,96.46502685546875,15.876343727111816
2024-03-01,169.6307373046875,107.8872299194336,504.6000061035156,235.18544006347656,79.04967498779297,73.86265563964844,164.7681121826172,202.22665405273438,263.9690856933594,328.01763916015625,31.10005760192871,228.68165588378906,221.51358032226562,192.99000549316406,35.822059631347656,41.03200912475586,184.4093780517578,48.120262145996094,58.99942398071289,354.7585754394531,252.5985565185547,84.99556732177734,139.02085876464844,117.92681884765625,39.52457046508789,46.80569076538086,35.780181884765625,72.3926773071289,142.1333770751953,43.93476104736328,91.77561950683594,398.4607849121094,119.02239990234375,172.52618408203125,88.37712097167969,225.085205078125,83.52753448486328,108.7685546875,303.35302734375,11.469403266906738,45.5752067565918,222.00466918945312,269.2110900878906,138.00767517089844,62.11595916748047,37.157649993896484,51.41488265991211,359.69671630859375,192.85862731933594,27.195751190185547,31.367860794067383,180.26034545898438,177.67430114746094,43.714012145996094,35.118568420410156,254.0599822998047,147.537841796875,190.0556182861328,68.55281066894531,116.56636047363281,57.01924133300781,764.8427734375,426.0171813964844,242.52430725097656,95.3294906616211,19.809999465942383,265.33392333984375,80.9739761352539,71.88716888427734,84.33586883544922,36.54804229736328,122.05628204345703,87.79492950439453,412.68768310546875,117.05083465576172,59.47654342651367,34.433929443359375,88.26507568359375,459.00836181640625,242.2947235107422,191.3088836669922,122.16810607910156,61.93407440185547,61.64899444580078,159.45375061035156,23.538925170898438,151.82858276367188,542.659423828125,148.04815673828125,136.3896942138672,25.398632049560547,160.7030487060547,279.9335632324219,85.72825622558594,114.07191467285156,51.275909423828125,66.0379409790039,394.5628662109375,509.33038330078125,72.31721496582031,161.60243225097656,98.23567199707031,220.9214630126953,162.61680603027344,467.98858642578125,232.6869659423828,40.613525390625,267.9192810058594,54.75336837768555,105.55171203613281,35.73972702026367,58.720245361328125,49.51740646362305,107.28182983398438,15.456567764282227
2024-04-01,168.4931640625,101.08665466308594,462.8299865722656,227.7929229736328,78.98540496826172,71.16024780273438,161.9586639404297,194.79379272460938,254.33201599121094,277.8585510253906,28.661489486694336,223.08424377441406,228.38702392578125,167.83999633789062,34.9624137878418,38.7567138671875,174.83306884765625,39.443115234375,57.217506408691406,325.0942077636719,242.37294006347656,87.26377868652344,135.38235473632812,116.38880920410156,40.986351013183594,44.41788101196289,32.064144134521484,62.05038070678711,145.3140869140625,45.53352355957031,86.78401947021484,379.70867919921875,108.06953430175781,174.58065795898438,89.7935562133789,220.45486450195312,86.82965087890625,103.35983276367188,308.7665100097656,10.4934663772583,48.54899597167969,200.58116149902344,274.94097900390625,159.7008056640625,63.08264923095703,35.3195686340332,56.37706756591797,313.39373779296875,181.094482421875,25.27890968322754,32.23120880126953,179.7228240966797,154.63693237304688,30.155445098876953,31.446508407592773,231.1280059814453,134.85362243652344,182.9946746826172,67.64214324951172,123.03675079345703,57.56912612915039,767.9297485351562,435.4389953613281,218.1031494140625,87.75862121582031,18.31999969482422,256.9490661621094,74.55368041992188,71.57868194580078,91.7747573852539,36.707244873046875,119.53097534179688,85.4820556640625,381.89697265625,112.15593719482422,62.32426834106445,39.045616149902344,86.64966583251953,465.1167907714844,218.9560089111328,162.9170684814453,110.9900894165039,63.03000259399414,63.77228546142578,160.2737579345703,21.73215675354004,153.7036895751953,532.0364990234375,141.83438110351562,121.4235610961914,25.33405113220215,157.42823791503906,260.3603515625,83.0079116821289,104.0848388671875,44.41853332519531,67.65804290771484,385.6412353515625,488.7943420410156,67.79972076416016,146.8018341064453,91.13581848144531,203.66168212890625,164.6797332763672,457.58251953125,224.3892364501953,36.91560745239258,252.90940856933594,56.038116455078125,83.69670104980469,35.1802864074707,57.91999816894531,49.49898147583008,109.1553726196289,11.475852966308594
2024-05-01,190.43470764160156,97.48084259033203,444.760009765625,230.6463623046875,83.6727294921875,74.47684478759766,160.43431091308594,211.28936767578125,285.974853515625,277.4939270019531,27.831911087036133,251.741455078125,234.2130584716797,177.61000061035156,37.77754592895508,33.014060974121094,172.87306213378906,36.884788513183594,58.63678741455078,328.9322814941406,263.9938659667969,88.2510986328125,120.44974517822266,108.60701751708984,39.793792724609375,43.96406173706055,32.69351577758789,54.61825942993164,147.71893310546875,48.76835632324219,98.80614471435547,363.55645751953125,101.0756607055664,179.4856719970703,95.5941162109375,226.3524932861328,87.71324157714844,108.05427551269531,323.88702392578125,10.603437423706055,51.26129150390625,194.58934020996094,287.0843811035156,162.97727966308594,61.55169677734375,34.593753814697266,54.9791374206543,316.18609619140625,190.98922729492188,32.847286224365234,28.079944610595703,184.57760620117188,156.78277587890625,30.655534744262695,41.03293228149414,229.84034729003906,137.89930725097656,193.3879852294922,74.68663787841797,120.1259994506836,58.650238037109375,807.8828125,440.5058288574219,211.6936798095703,91.49009704589844,17.790000915527344,243.63296508789062,75.60359191894531,67.96493530273438,95.88803100585938,38.75165557861328,116.12689971923828,92.06919860839844,407.93896484375,124.11021423339844,74.46897888183594,40.29460525512695,89.27000427246094,434.17767333984375,214.96694946289062,163.22637939453125,114.34663391113281,59.561161041259766,69.93901824951172,157.53134155273438,24.677459716796875,154.96571350097656,520.4917602539062,145.656494140625,124.29753112792969,27.059276580810547,194.48223876953125,248.60458374023438,75.8211669921875,102.12287902832031,42.931060791015625,74.44552612304688,397.3122253417969,513.5174560546875,70.69914245605469,143.38665771484375,100.24249267578125,207.05987548828125,183.34458923339844,468.62237548828125,221.53929138183594,36.84291458129883,251.5270233154297,56.93034744262695,83.62346649169922,38.06917953491211,64.39768981933594,51.08354187011719,109.10225677490234,12.140746116638184
2024-06-01,208.6312255859375,99.12158966064453,555.5399780273438,226.07513427734375,81.34565734863281,70.52989196777344,152.90679931640625,231.83084106445312,292.1459655761719,289.2581787109375,26.838239669799805,243.57656860351562,225.96682739257812,182.00999450683594,37.79821014404297,32.39426803588867,174.86013793945312,37.27975082397461,59.71898651123047,323.6658020019531,249.5132598876953,92.12442779541016,124.94508361816406,106.64895629882812,40.52008819580078,44.918975830078125,32.402896881103516,54.12339782714844,142.36717224121094,44.31842041015625,96.79779052734375,363.8798828125,96.58167266845703,176.19509887695312,92.51132202148438,232.55149841308594,82.95417785644531,106.12748718261719,305.1067199707031,10.961835861206055,47.2463264465332,231.00022888183594,277.8619079589844,156.88809204101562,56.636497497558594,32.00196075439453,53.80193328857422,325.0332946777344,201.71047973632812,31.7567138671875,27.635814666748047,171.51547241210938,162.5147247314453,30.774776458740234,39.26748275756836,225.68927001953125,137.4198455810547,193.0348358154297,81.07630157470703,125.66072845458984,59.781558990478516,891.6314697265625,440.4210510253906,210.89968872070312,104.67738342285156,16.260000228881836,241.37863159179688,73.78314971923828,66.76034545898438,97.85098266601562,39.00056457519531,115.20248413085938,91.45753479003906,439.20770263671875,130.59371948242188,66.32473754882812,40.468875885009766,71.0633773803711,419.90325927734375,205.29917907714844,153.350341796875,137.7740936279297,60.28922653198242,68.59014892578125,151.45465087890625,24.091951370239258,155.32359313964844,495.3152160644531,143.88885498046875,119.07628631591797,25.743120193481445,189.84059143066406,265.73944091796875,73.58112335205078,99.7445297241211,44.41927719116211,72.05814361572266,414.4961242675781,531.6343994140625,69.2120132446289,135.93081665039062,107.04846954345703,196.16220092773438,182.89332580566406,483.8061828613281,215.297119140625,36.52162170410156,244.55462646484375,56.42679214477539,91.86625671386719,39.42928695678711,66.30730438232422,49.705448150634766,107.11114501953125,10.241986274719238
2024-07-01,219.98304748535156,101.59417724609375,551.6500244140625,248.74041748046875,90.96919250488281,75.27051544189453,163.88204956054688,208.4601593017578,310.8649597167969,323.67401123046875,28.657400131225586,250.77133178710938,247.67417907714844,190.60000610351562,38.31144332885742,34.68946838378906,180.35934448242188,43.341793060302734,61.05527877807617,337.7647705078125,269.6441650390625,94.64590454101562,120.7884750366211,103.68389892578125,42.36176300048828,46.20016098022461,34.00124740600586,55.911407470703125,146.05332946777344,48.352294921875,100.65814971923828,362.2729187011719,91.55487060546875,179.915283203125,100.85515594482422,225.40882873535156,90.4684829711914,112.82306671142578,296.5826110839844,9.458301544189453,44.27468490600586,232.85691833496094,287.5022888183594,168.25535583496094,60.69112777709961,32.85458755493164,59.28329086303711,347.61871337890625,193.40744018554688,32.72701644897461,29.37256622314453,184.25103759765625,180.54684448242188,30.546226501464844,42.29785919189453,235.51841735839844,148.41078186035156,204.219482421875,80.93470764160156,122.79651641845703,62.68376541137695,792.056884765625,510.96759033203125,236.00225830078125,90.56017303466797,19.290000915527344,251.38082885742188,75.2923812866211,72.90471649169922,122.13418579101562,41.96306610107422,105.2734603881836,97.99607849121094,411.1031188964844,109.1336441040039,71.5512924194336,47.42793655395508,70.58250427246094,466.4927062988281,238.6439208984375,158.06497192382812,136.45071411132812,58.17532730102539,74.23930358886719,158.56224060058594,26.66733741760254,152.31625366210938,549.5167236328125,169.20498657226562,120.10730743408203,27.670366287231445,172.46536254882812,268.9925537109375,73.6756362915039,107.89496612548828,45.464324951171875,77.58535766601562,450.4903869628906,538.072021484375,80.22023010253906,138.10696411132812,109.88753509521484,208.79977416992188,192.8656005859375,547.3623046875,234.77528381347656,41.28691101074219,269.9561462402344,56.379295349121094,91.65950012207031,39.837501525878906,67.21802520751953,54.23765182495117,110.33971405029297,9.49278736114502
2024-08-01,227.10025024414062,108.62347412109375,574.4099731445312,261.3280334472656,93.81382751464844,73.199462890625,181.83648681640625,194.15480041503906,314.3099365234375,339.357421875,26.176637649536133,265.0278625488281,253.16522216796875,173.74000549316406,38.72962188720703,37.023921966552734,181.36941528320312,45.51980972290039,59.51451873779297,347.4235534667969,277.97821044921875,101.62102508544922,146.18234252929688,106.8663101196289,44.94722366333008,48.19310760498047,33.315025329589844,53.0477180480957,136.1652069091797,51.16823196411133,101.78323364257812,375.6738586425781,88.32030487060547,182.1561279296875,106.15550231933594,247.38397216796875,94.99238586425781,102.04580688476562,299.67010498046875,9.934099197387695,43.17293930053711,230.17588806152344,288.12786865234375,172.62486267089844,65.34646606445312,29.453550338745117,63.359371185302734,350.0530090332031,197.46697998046875,32.80862808227539,29.775056838989258,181.3907928466797,191.59530639648438,22.040000915527344,44.51013946533203,241.13775634765625,157.12539672851562,215.73562622070312,80.72421264648438,131.5346221923828,68.06550598144531,946.7628784179688,535.6522827148438,238.87646484375,80.70731353759766,18.979999542236328,273.41217041015625,83.03533172607422,75.76372528076172,129.66629028320312,46.03864669799805,110.22400665283203,98.37586212158203,410.6529541015625,95.63851165771484,75.89875030517578,51.60337448120117,78.5591049194336,503.9512939453125,246.3043670654297,147.3649444580078,138.25112915039062,54.502296447753906,75.15137481689453,158.75511169433594,25.331348419189453,162.53005981445312,589.3748168945312,172.9329376220703,123.4122543334961,29.709331512451172,167.08029174804688,263.87982177734375,89.92452239990234,105.86053466796875,41.41594314575195,80.92770385742188,477.8527526855469,550.6443481445312,82.2311782836914,142.15753173828125,114.4130859375,220.01925659179688,202.83018493652344,560.7006225585938,244.97824096679688,43.44877624511719,241.6005096435547,55.977088928222656,91.71556854248047,42.4630241394043,75.84565734863281,56.9830436706543,110.6184310913086,9.98637580871582
2024-09-01,231.06707763671875,109.33313751220703,517.780029296875,263.4294128417969,95.98422241210938,69.95309448242188,182.51979064941406,198.869384765625,303.3694152832031,341.59857177734375,22.473867416381836,282.9814758300781,265.4490966796875,152.0399932861328,37.95854568481445,37.05320358276367,181.12881469726562,47.15105056762695,59.47651290893555,381.5902404785156,282.98876953125,99.05425262451172,150.4299774169922,98.87410736083984,44.22401428222656,50.748653411865234,33.567771911621094,58.27464294433594,135.53939819335938,52.89825439453125,107.65465545654297,407.8738708496094,93.99790954589844,187.7472381591797,107.41316986083984,250.04766845703125,97.39617156982422,105.8995132446289,323.6003723144531,9.37480640411377,48.67192840576172,211.87930297851562,290.8613586425781,186.70144653320312,66.75662231445312,27.678558349609375,67.22637176513672,384.9158935546875,196.3272247314453,32.79796600341797,28.997522354125977,180.18817138671875,209.55763244628906,23.459999084472656,44.90542221069336,251.0314178466797,153.52554321289062,202.35772705078125,76.28917694091797,130.44546508789062,67.95529174804688,873.705810546875,554.2452392578125,260.3609313964844,80.46669006347656,19.049999237060547,290.103271484375,85.06022644042969,77.91272735595703,131.60130310058594,44.559383392333984,106.38059997558594,98.97405242919922,423.6082763671875,103.06183624267578,79.6884994506836,51.912837982177734,83.72062683105469,510.6429138183594,238.9390869140625,146.36679077148438,166.73504638671875,49.50758361816406,83.65266418457031,157.3454132080078,25.270225524902344,164.10289001464844,620.4244384765625,172.7086944580078,126.00931549072266,31.045557022094727,162.91404724121094,260.416748046875,92.70108795166016,111.78681182861328,39.75381851196289,84.46826934814453,480.9996643066406,562.21044921875,83.52458190917969,144.23040771484375,114.676513671875,226.8435821533203,195.47743225097656,557.4261474609375,235.78524780273438,42.536502838134766,246.74363708496094,54.08150863647461,97.85188293457031,42.80259704589844,79.30255889892578,61.2964973449707,109.943115234375,9.37045669555664
2024-10-01,224.035888671875,109.23177337646484,478.0799865722656,275.338134765625,92.38247680664062,72.48450469970703,179.5074920654297,178.7216339111328,301.4392395019531,362.21356201171875,21.90176010131836,296.90252685546875,265.0436096191406,149.30999755859375,40.005706787109375,34.838008880615234,175.48687744140625,51.392539978027344,60.96818161010742,368.35247802734375,277.1501770019531,89.86390686035156,147.53480529785156,102.87490844726562,42.500492095947266,52.62581253051758,32.70258331298828,52.90793991088867,136.9659423828125,54.490962982177734,100.26101684570312,395.520263671875,94.0076675415039,185.38742065429688,107.38520812988281,240.64625549316406,95.1046142578125,104.83441162109375,323.737060546875,9.135109901428223,44.029605865478516,212.01092529296875,282.0213623046875,170.06881713867188,62.00278854370117,26.430404663085938,61.007564544677734,374.0390625,195.34898376464844,32.47794723510742,28.201114654541016,166.84645080566406,195.94606018066406,21.520000457763672,51.055206298828125,250.1309814453125,151.44139099121094,214.27684020996094,65.63208770751953,123.01920318603516,61.761199951171875,818.2818603515625,517.7323608398438,252.7580108642578,73.31019592285156,20.3799991607666,278.2899169921875,84.32328796386719,74.45709228515625,123.67827606201172,47.54514694213867,95.85121154785156,111.25000762939453,400.0307312011719,99.13870239257812,74.71090698242188,44.13319396972656,73.04719543457031,492.2215576171875,240.79483032226562,138.0914306640625,164.59938049316406,48.13397979736328,83.84022521972656,153.67201232910156,24.711381912231445,157.42428588867188,622.6339111328125,177.37960815429688,118.44646453857422,30.557537078857422,155.93954467773438,258.71917724609375,92.9007797241211,104.78052520751953,37.97224044799805,85.26444244384766,447.2397155761719,557.193603515625,88.3717041015625,138.84466552734375,110.27638244628906,238.2962188720703,193.5162811279297,538.186767578125,222.00048828125,44.93633270263672,269.8977355957031,62.15208435058594,94.66027069091797,49.10343933105469,80.48104095458984,62.71392059326172,109.53042602539062,7.375398635864258
2024-11-01,235.62010192871094,114.43465423583984,515.9299926757812,292.17791748046875,94.33161163330078,73.43975830078125,200.47869873046875,172.3641815185547,268.45953369140625,387.2829895019531,21.02012062072754,319.6580505371094,298.99835205078125,155.44000244140625,45.4488525390625,33.06481170654297,166.70465087890625,54.57175064086914,67.93099212646484,397.6385192871094,283.3223571777344,92.66407012939453,155.555908203125,102.45893096923828,42.09051513671875,56.891990661621094,35.64842987060547,56.084659576416016,150.55194091796875,54.385528564453125,101.44535827636719,455.3432922363281,114.7929458618164,202.1164093017578,110.08281707763672,243.62339782714844,94.89677429199219,128.9200439453125,367.5715026855469,10.015083312988281,43.2276496887207,234.32298278808594,274.6712951660156,180.34542846679688,60.39847946166992,30.355905532836914,61.255653381347656,409.7946472167969,222.31935119628906,32.395652770996094,29.936567306518555,166.8212432861328,217.2565460205078,24.049999237060547,54.522979736328125,265.8306579589844,148.0250701904297,241.119384765625,63.91748809814453,127.75918579101562,61.057647705078125,785.6658325195312,501.9553527832031,262.9907531738281,72.84677124023438,19.020000457763672,282.00543212890625,81.76287841796875,74.6188735961914,129.23321533203125,50.40867614746094,95.21419525146484,125.94934844970703,417.70904541015625,97.44742584228516,74.66116333007812,40.9763069152832,74.60037994384766,473.4908447265625,266.6743469238281,150.601806640625,181.27113342285156,48.585445404052734,88.42559814453125,151.23849487304688,23.24188995361328,170.84317016601562,691.857421875,202.29962158203125,118.9554672241211,32.781776428222656,151.8774871826172,287.6141052246094,98.02957916259766,109.80210876464844,41.63963317871094,84.17403411865234,487.3355712890625,590.4208374023438,93.8092269897461,123.322998046875,123.00877380371094,257.7715148925781,191.48736572265625,581.756591796875,234.04421997070312,49.56855773925781,284.37249755859375,73.34262084960938,103.48210144042969,54.869834899902344,90.84194946289062,68.11139678955078,111.54627990722656,8.251057624816895
2024-12-01,248.61578369140625,108.98126220703125,444.67999267578125,280.1042785644531,87.12401580810547,69.92617797851562,186.36526489257812,160.44638061523438,247.36204528808594,355.25506591796875,21.428457260131836,277.3117370605469,291.25555419921875,177.0,42.27717208862305,28.601896286010742,171.24786376953125,52.12053680419922,67.47088623046875,355.1928405761719,272.0240478515625,87.1788330078125,151.12661743164062,93.7867202758789,38.154781341552734,56.882381439208984,31.4740047454834,42.065834045410156,134.66275024414062,49.85879898071289,92.5374984741211,415.68536376953125,109.29457092285156,184.15267944335938,101.32696533203125,230.0743865966797,84.17972564697266,120.49066162109375,324.93194580078125,8.908294677734375,37.24228286743164,218.8779754638672,254.82601928710938,165.3975372314453,58.128753662109375,26.04596519470215,52.567970275878906,371.46319580078125,215.60003662109375,30.08429718017578,28.958065032958984,160.3995819091797,210.01498413085938,20.049999237060547,49.879756927490234,244.31797790527344,138.10325622558594,231.4541473388672,62.247005462646484,121.21080017089844,59.323490142822266,762.6001586914062,463.6296081542969,238.24879455566406,71.43854522705078,17.729999542236328,277.83636474609375,76.12353515625,72.98001098632812,124.93608093261719,46.538448333740234,93.93673706054688,120.31269073486328,415.77569580078125,83.83695983886719,68.0368423461914,36.364768981933594,72.03024291992188,455.7200012207031,226.8931427001953,114.16751861572266,163.42254638671875,47.676876068115234,79.7712173461914,141.89749145507812,23.525651931762695,159.77830505371094,626.0379638671875,181.6947021484375,114.2496566772461,30.702638626098633,147.94338989257812,278.5025634765625,87.30430603027344,102.65226745605469,36.563167572021484,77.7426986694336,464.5035095214844,576.2152709960938,93.46639251708984,125.998046875,118.23286437988281,234.38006591796875,178.60914611816406,484.1299743652344,219.4040985107422,44.95572280883789,253.87547302246094,67.63272857666016,106.32410430908203,51.18480682373047,88.92706298828125,63.38039016723633,101.72120666503906,7.829802513122559
